Resuming checkpoint: D:\AI\projects\e-phishGen\calculation\HWT-MGT\results\combined_calculation_metrics.partial.json
Running 2352 samples on cuda
Stage causal_metrics: 0 samples pending
Stage perplexity: 0 samples pending
Stage uid: 1492 samples pending
uid 1/1492 COMBINED_0861
uid 2/1492 COMBINED_0862
uid 3/1492 COMBINED_0863
uid 4/1492 COMBINED_0864
uid 5/1492 COMBINED_0865
uid 6/1492 COMBINED_0866
uid 7/1492 COMBINED_0867
uid 8/1492 COMBINED_0868
uid 9/1492 COMBINED_0869
uid 10/1492 COMBINED_0870
uid 11/1492 COMBINED_0871
uid 12/1492 COMBINED_0872
uid 13/1492 COMBINED_0873
uid 14/1492 COMBINED_0874
uid 15/1492 COMBINED_0875
uid 16/1492 COMBINED_0876
uid 17/1492 COMBINED_0877
uid 18/1492 COMBINED_0878
uid 19/1492 COMBINED_0879
uid 20/1492 COMBINED_0880
uid 21/1492 COMBINED_0881
uid 22/1492 COMBINED_0882
uid 23/1492 COMBINED_0883
uid 24/1492 COMBINED_0884
uid 25/1492 COMBINED_0885
uid 26/1492 COMBINED_0886
uid 27/1492 COMBINED_0887
uid 28/1492 COMBINED_0888
uid 29/1492 COMBINED_0889
uid 30/1492 COMBINED_0890
uid 31/1492 COMBINED_0891
uid 32/1492 COMBINED_0892
uid 33/1492 COMBINED_0893
uid 34/1492 COMBINED_0894
uid 35/1492 COMBINED_0895
uid 36/1492 COMBINED_0896
uid 37/1492 COMBINED_0897
uid 38/1492 COMBINED_0898
uid 39/1492 COMBINED_0899
uid 40/1492 COMBINED_0900
uid 41/1492 COMBINED_0901
uid 42/1492 COMBINED_0902
uid 43/1492 COMBINED_0903
uid 44/1492 COMBINED_0904
uid 45/1492 COMBINED_0905
uid 46/1492 COMBINED_0906
uid 47/1492 COMBINED_0907
uid 48/1492 COMBINED_0908
uid 49/1492 COMBINED_0909
uid 50/1492 COMBINED_0910
uid 51/1492 COMBINED_0911
uid 52/1492 COMBINED_0912
uid 53/1492 COMBINED_0913
uid 54/1492 COMBINED_0914
uid 55/1492 COMBINED_0915
uid 56/1492 COMBINED_0916
uid 57/1492 COMBINED_0917
uid 58/1492 COMBINED_0918
uid 59/1492 COMBINED_0919
uid 60/1492 COMBINED_0920
uid 61/1492 COMBINED_0921
uid 62/1492 COMBINED_0922
uid 63/1492 COMBINED_0923
uid 64/1492 COMBINED_0924
uid 65/1492 COMBINED_0925
uid 66/1492 COMBINED_0926
uid 67/1492 COMBINED_0927
uid 68/1492 COMBINED_0928
uid 69/1492 COMBINED_0929
uid 70/1492 COMBINED_0930
uid 71/1492 COMBINED_0931
uid 72/1492 COMBINED_0932
uid 73/1492 COMBINED_0933
uid 74/1492 COMBINED_0934
uid 75/1492 COMBINED_0935
uid 76/1492 COMBINED_0936
uid 77/1492 COMBINED_0937
uid 78/1492 COMBINED_0938
uid 79/1492 COMBINED_0939
uid 80/1492 COMBINED_0940
uid 81/1492 COMBINED_0941
uid 82/1492 COMBINED_0942
uid 83/1492 COMBINED_0943
uid 84/1492 COMBINED_0944
uid 85/1492 COMBINED_0945
uid 86/1492 COMBINED_0946
uid 87/1492 COMBINED_0947
uid 88/1492 COMBINED_0948
uid 89/1492 COMBINED_0949
uid 90/1492 COMBINED_0950
uid 91/1492 COMBINED_0951
uid 92/1492 COMBINED_0952
uid 93/1492 COMBINED_0953
uid 94/1492 COMBINED_0954
uid 95/1492 COMBINED_0955
uid 96/1492 COMBINED_0956
uid 97/1492 COMBINED_0957
uid 98/1492 COMBINED_0958
uid 99/1492 COMBINED_0959
uid 100/1492 COMBINED_0960
uid 101/1492 COMBINED_0961
uid 102/1492 COMBINED_0962
uid 103/1492 COMBINED_0963
uid 104/1492 COMBINED_0964
uid 105/1492 COMBINED_0965
uid 106/1492 COMBINED_0966
uid 107/1492 COMBINED_0967
uid 108/1492 COMBINED_0968
uid 109/1492 COMBINED_0969
uid 110/1492 COMBINED_0970
uid 111/1492 COMBINED_0971
uid 112/1492 COMBINED_0972
uid 113/1492 COMBINED_0973
uid 114/1492 COMBINED_0974
uid 115/1492 COMBINED_0975
uid 116/1492 COMBINED_0976
uid 117/1492 COMBINED_0977
uid 118/1492 COMBINED_0978
uid 119/1492 COMBINED_0979
uid 120/1492 COMBINED_0980
uid 121/1492 COMBINED_0981
uid 122/1492 COMBINED_0982
uid 123/1492 COMBINED_0983
uid 124/1492 COMBINED_0984
uid 125/1492 COMBINED_0985
uid 126/1492 COMBINED_0986
uid 127/1492 COMBINED_0987
uid 128/1492 COMBINED_0988
uid 129/1492 COMBINED_0989
uid 130/1492 COMBINED_0990
uid 131/1492 COMBINED_0991
uid 132/1492 COMBINED_0992
uid 133/1492 COMBINED_0993
uid 134/1492 COMBINED_0994
uid 135/1492 COMBINED_0995
uid 136/1492 COMBINED_0996
uid 137/1492 COMBINED_0997
uid 138/1492 COMBINED_0998
uid 139/1492 COMBINED_0999
uid 140/1492 COMBINED_1000
uid 141/1492 COMBINED_1001
uid 142/1492 COMBINED_1002
uid 143/1492 COMBINED_1003
uid 144/1492 COMBINED_1004
uid 145/1492 COMBINED_1005
uid 146/1492 COMBINED_1006
uid 147/1492 COMBINED_1007
uid 148/1492 COMBINED_1008
uid 149/1492 COMBINED_1009
uid 150/1492 COMBINED_1010
uid 151/1492 COMBINED_1011
uid 152/1492 COMBINED_1012
uid 153/1492 COMBINED_1013
uid 154/1492 COMBINED_1014
uid 155/1492 COMBINED_1015
uid 156/1492 COMBINED_1016
uid 157/1492 COMBINED_1017
uid 158/1492 COMBINED_1018
uid 159/1492 COMBINED_1019
uid 160/1492 COMBINED_1020
uid 161/1492 COMBINED_1021
uid 162/1492 COMBINED_1022
uid 163/1492 COMBINED_1023
uid 164/1492 COMBINED_1024
uid 165/1492 COMBINED_1025
uid 166/1492 COMBINED_1026
uid 167/1492 COMBINED_1027
uid 168/1492 COMBINED_1028
uid 169/1492 COMBINED_1029
uid 170/1492 COMBINED_1030
uid 171/1492 COMBINED_1031
uid 172/1492 COMBINED_1032
uid 173/1492 COMBINED_1033
uid 174/1492 COMBINED_1034
uid 175/1492 COMBINED_1035
uid 176/1492 COMBINED_1036
uid 177/1492 COMBINED_1037
uid 178/1492 COMBINED_1038
uid 179/1492 COMBINED_1039
uid 180/1492 COMBINED_1040
uid 181/1492 COMBINED_1041
uid 182/1492 COMBINED_1042
uid 183/1492 COMBINED_1043
uid 184/1492 COMBINED_1044
uid 185/1492 COMBINED_1045
uid 186/1492 COMBINED_1046
uid 187/1492 COMBINED_1047
uid 188/1492 COMBINED_1048
uid 189/1492 COMBINED_1049
uid 190/1492 COMBINED_1050
uid 191/1492 COMBINED_1051
uid 192/1492 COMBINED_1052
uid 193/1492 COMBINED_1053
uid 194/1492 COMBINED_1054
uid 195/1492 COMBINED_1055
uid 196/1492 COMBINED_1056
uid 197/1492 COMBINED_1057
uid 198/1492 COMBINED_1058
uid 199/1492 COMBINED_1059
uid 200/1492 COMBINED_1060
uid 201/1492 COMBINED_1061
uid 202/1492 COMBINED_1062
uid 203/1492 COMBINED_1063
uid 204/1492 COMBINED_1064
uid 205/1492 COMBINED_1065
uid 206/1492 COMBINED_1066
uid 207/1492 COMBINED_1067
uid 208/1492 COMBINED_1068
uid 209/1492 COMBINED_1069
uid 210/1492 COMBINED_1070
uid 211/1492 COMBINED_1071
uid 212/1492 COMBINED_1072
uid 213/1492 COMBINED_1073
uid 214/1492 COMBINED_1074
uid 215/1492 COMBINED_1075
uid 216/1492 COMBINED_1076
uid 217/1492 COMBINED_1077
uid 218/1492 COMBINED_1078
uid 219/1492 COMBINED_1079
uid 220/1492 COMBINED_1080
uid 221/1492 COMBINED_1081
uid 222/1492 COMBINED_1082
uid 223/1492 COMBINED_1083
uid 224/1492 COMBINED_1084
uid 225/1492 COMBINED_1085
uid 226/1492 COMBINED_1086
uid 227/1492 COMBINED_1087
uid 228/1492 COMBINED_1088
uid 229/1492 COMBINED_1089
uid 230/1492 COMBINED_1090
uid 231/1492 COMBINED_1091
uid 232/1492 COMBINED_1092
uid 233/1492 COMBINED_1093
uid 234/1492 COMBINED_1094
uid 235/1492 COMBINED_1095
uid 236/1492 COMBINED_1096
uid 237/1492 COMBINED_1097
uid 238/1492 COMBINED_1098
uid 239/1492 COMBINED_1099
uid 240/1492 COMBINED_1100
uid 241/1492 COMBINED_1101
uid 242/1492 COMBINED_1102
uid 243/1492 COMBINED_1103
uid 244/1492 COMBINED_1104
uid 245/1492 COMBINED_1105
uid 246/1492 COMBINED_1106
uid 247/1492 COMBINED_1107
uid 248/1492 COMBINED_1108
uid 249/1492 COMBINED_1109
uid 250/1492 COMBINED_1110
uid 251/1492 COMBINED_1111
uid 252/1492 COMBINED_1112
uid 253/1492 COMBINED_1113
uid 254/1492 COMBINED_1114
uid 255/1492 COMBINED_1115
uid 256/1492 COMBINED_1116
uid 257/1492 COMBINED_1117
uid 258/1492 COMBINED_1118
uid 259/1492 COMBINED_1119
uid 260/1492 COMBINED_1120
uid 261/1492 COMBINED_1121
uid 262/1492 COMBINED_1122
uid 263/1492 COMBINED_1123
uid 264/1492 COMBINED_1124
uid 265/1492 COMBINED_1125
uid 266/1492 COMBINED_1126
uid 267/1492 COMBINED_1127
uid 268/1492 COMBINED_1128
uid 269/1492 COMBINED_1129
uid 270/1492 COMBINED_1130
uid 271/1492 COMBINED_1131
uid 272/1492 COMBINED_1132
uid 273/1492 COMBINED_1133
uid 274/1492 COMBINED_1134
uid 275/1492 COMBINED_1135
uid 276/1492 COMBINED_1136
uid 277/1492 COMBINED_1137
uid 278/1492 COMBINED_1138
uid 279/1492 COMBINED_1139
uid 280/1492 COMBINED_1140
uid 281/1492 COMBINED_1141
uid 282/1492 COMBINED_1142
uid 283/1492 COMBINED_1143
uid 284/1492 COMBINED_1144
uid 285/1492 COMBINED_1145
uid 286/1492 COMBINED_1146
uid 287/1492 COMBINED_1147
uid 288/1492 COMBINED_1148
uid 289/1492 COMBINED_1149
uid 290/1492 COMBINED_1150
uid 291/1492 COMBINED_1151
uid 292/1492 COMBINED_1152
uid 293/1492 COMBINED_1153
uid 294/1492 COMBINED_1154
uid 295/1492 COMBINED_1155
uid 296/1492 COMBINED_1156
uid 297/1492 COMBINED_1157
uid 298/1492 COMBINED_1158
uid 299/1492 COMBINED_1159
uid 300/1492 COMBINED_1160
uid 301/1492 COMBINED_1161
uid 302/1492 COMBINED_1162
uid 303/1492 COMBINED_1163
uid 304/1492 COMBINED_1164
uid 305/1492 COMBINED_1165
uid 306/1492 COMBINED_1166
uid 307/1492 COMBINED_1167
uid 308/1492 COMBINED_1168
uid 309/1492 COMBINED_1169
uid 310/1492 COMBINED_1170
uid 311/1492 COMBINED_1171
uid 312/1492 COMBINED_1172
uid 313/1492 COMBINED_1173
uid 314/1492 COMBINED_1174
uid 315/1492 COMBINED_1175
uid 316/1492 COMBINED_1176
uid 317/1492 COMBINED_1177
uid 318/1492 COMBINED_1178
uid 319/1492 COMBINED_1179
uid 320/1492 COMBINED_1180
uid 321/1492 COMBINED_1181
uid 322/1492 COMBINED_1182
uid 323/1492 COMBINED_1183
uid 324/1492 COMBINED_1184
uid 325/1492 COMBINED_1185
uid 326/1492 COMBINED_1186
uid 327/1492 COMBINED_1187
uid 328/1492 COMBINED_1188
uid 329/1492 COMBINED_1189
uid 330/1492 COMBINED_1190
uid 331/1492 COMBINED_1191
uid 332/1492 COMBINED_1192
uid 333/1492 COMBINED_1193
uid 334/1492 COMBINED_1194
uid 335/1492 COMBINED_1195
uid 336/1492 COMBINED_1196
uid 337/1492 COMBINED_1197
uid 338/1492 COMBINED_1198
uid 339/1492 COMBINED_1199
uid 340/1492 COMBINED_1200
uid 341/1492 COMBINED_1201
uid 342/1492 COMBINED_1202
uid 343/1492 COMBINED_1203
uid 344/1492 COMBINED_1204
uid 345/1492 COMBINED_1205
uid 346/1492 COMBINED_1206
uid 347/1492 COMBINED_1207
uid 348/1492 COMBINED_1208
uid 349/1492 COMBINED_1209
uid 350/1492 COMBINED_1210
uid 351/1492 COMBINED_1211
uid 352/1492 COMBINED_1212
uid 353/1492 COMBINED_1213
uid 354/1492 COMBINED_1214
uid 355/1492 COMBINED_1215
uid 356/1492 COMBINED_1216
uid 357/1492 COMBINED_1217
uid 358/1492 COMBINED_1218
uid 359/1492 COMBINED_1219
uid 360/1492 COMBINED_1220
uid 361/1492 COMBINED_1221
uid 362/1492 COMBINED_1222
uid 363/1492 COMBINED_1223
uid 364/1492 COMBINED_1224
uid 365/1492 COMBINED_1225
uid 366/1492 COMBINED_1226
uid 367/1492 COMBINED_1227
uid 368/1492 COMBINED_1228
uid 369/1492 COMBINED_1229
uid 370/1492 COMBINED_1230
uid 371/1492 COMBINED_1231
uid 372/1492 COMBINED_1232
uid 373/1492 COMBINED_1233
uid 374/1492 COMBINED_1234
uid 375/1492 COMBINED_1235
uid 376/1492 COMBINED_1236
uid 377/1492 COMBINED_1237
uid 378/1492 COMBINED_1238
uid 379/1492 COMBINED_1239
uid 380/1492 COMBINED_1240
uid 381/1492 COMBINED_1241
uid 382/1492 COMBINED_1242
uid 383/1492 COMBINED_1243
uid 384/1492 COMBINED_1244
uid 385/1492 COMBINED_1245
uid 386/1492 COMBINED_1246
uid 387/1492 COMBINED_1247
uid 388/1492 COMBINED_1248
uid 389/1492 COMBINED_1249
uid 390/1492 COMBINED_1250
uid 391/1492 COMBINED_1251
uid 392/1492 COMBINED_1252
uid 393/1492 COMBINED_1253
uid 394/1492 COMBINED_1254
uid 395/1492 COMBINED_1255
uid 396/1492 COMBINED_1256
uid 397/1492 COMBINED_1257
uid 398/1492 COMBINED_1258
uid 399/1492 COMBINED_1259
uid 400/1492 COMBINED_1260
uid 401/1492 COMBINED_1261
uid 402/1492 COMBINED_1262
uid 403/1492 COMBINED_1263
uid 404/1492 COMBINED_1264
uid 405/1492 COMBINED_1265
uid 406/1492 COMBINED_1266
uid 407/1492 COMBINED_1267
uid 408/1492 COMBINED_1268
uid 409/1492 COMBINED_1269
uid 410/1492 COMBINED_1270
uid 411/1492 COMBINED_1271
uid 412/1492 COMBINED_1272
uid 413/1492 COMBINED_1273
uid 414/1492 COMBINED_1274
uid 415/1492 COMBINED_1275
uid 416/1492 COMBINED_1276
uid 417/1492 COMBINED_1277
uid 418/1492 COMBINED_1278
uid 419/1492 COMBINED_1279
uid 420/1492 COMBINED_1280
uid 421/1492 COMBINED_1281
uid 422/1492 COMBINED_1282
uid 423/1492 COMBINED_1283
uid 424/1492 COMBINED_1284
uid 425/1492 COMBINED_1285
uid 426/1492 COMBINED_1286
uid 427/1492 COMBINED_1287
uid 428/1492 COMBINED_1288
uid 429/1492 COMBINED_1289
uid 430/1492 COMBINED_1290
uid 431/1492 COMBINED_1291
uid 432/1492 COMBINED_1292
uid 433/1492 COMBINED_1293
uid 434/1492 COMBINED_1294
uid 435/1492 COMBINED_1295
uid 436/1492 COMBINED_1296
uid 437/1492 COMBINED_1297
uid 438/1492 COMBINED_1298
uid 439/1492 COMBINED_1299
uid 440/1492 COMBINED_1300
uid 441/1492 COMBINED_1301
uid 442/1492 COMBINED_1302
uid 443/1492 COMBINED_1303
uid 444/1492 COMBINED_1304
uid 445/1492 COMBINED_1305
uid 446/1492 COMBINED_1306
uid 447/1492 COMBINED_1307
uid 448/1492 COMBINED_1308
uid 449/1492 COMBINED_1309
uid 450/1492 COMBINED_1310
uid 451/1492 COMBINED_1311
uid 452/1492 COMBINED_1312
uid 453/1492 COMBINED_1313
uid 454/1492 COMBINED_1314
uid 455/1492 COMBINED_1315
uid 456/1492 COMBINED_1316
uid 457/1492 COMBINED_1317
uid 458/1492 COMBINED_1318
uid 459/1492 COMBINED_1319
uid 460/1492 COMBINED_1320
uid 461/1492 COMBINED_1321
uid 462/1492 COMBINED_1322
uid 463/1492 COMBINED_1323
uid 464/1492 COMBINED_1324
uid 465/1492 COMBINED_1325
uid 466/1492 COMBINED_1326
uid 467/1492 COMBINED_1327
uid 468/1492 COMBINED_1328
uid 469/1492 COMBINED_1329
uid 470/1492 COMBINED_1330
uid 471/1492 COMBINED_1331
uid 472/1492 COMBINED_1332
uid 473/1492 COMBINED_1333
uid 474/1492 COMBINED_1334
uid 475/1492 COMBINED_1335
uid 476/1492 COMBINED_1336
uid 477/1492 COMBINED_1337
uid 478/1492 COMBINED_1338
uid 479/1492 COMBINED_1339
uid 480/1492 COMBINED_1340
uid 481/1492 COMBINED_1341
uid 482/1492 COMBINED_1342
uid 483/1492 COMBINED_1343
uid 484/1492 COMBINED_1344
uid 485/1492 COMBINED_1345
uid 486/1492 COMBINED_1346
uid 487/1492 COMBINED_1347
uid 488/1492 COMBINED_1348
uid 489/1492 COMBINED_1349
uid 490/1492 COMBINED_1350
uid 491/1492 COMBINED_1351
uid 492/1492 COMBINED_1352
uid 493/1492 COMBINED_1353
uid 494/1492 COMBINED_1354
uid 495/1492 COMBINED_1355
uid 496/1492 COMBINED_1356
uid 497/1492 COMBINED_1357
uid 498/1492 COMBINED_1358
uid 499/1492 COMBINED_1359
uid 500/1492 COMBINED_1360
uid 501/1492 COMBINED_1361
uid 502/1492 COMBINED_1362
uid 503/1492 COMBINED_1363
uid 504/1492 COMBINED_1364
uid 505/1492 COMBINED_1365
uid 506/1492 COMBINED_1366
uid 507/1492 COMBINED_1367
uid 508/1492 COMBINED_1368
uid 509/1492 COMBINED_1369
uid 510/1492 COMBINED_1370
uid 511/1492 COMBINED_1371
uid 512/1492 COMBINED_1372
uid 513/1492 COMBINED_1373
uid 514/1492 COMBINED_1374
uid 515/1492 COMBINED_1375
uid 516/1492 COMBINED_1376
uid 517/1492 COMBINED_1377
uid 518/1492 COMBINED_1378
uid 519/1492 COMBINED_1379
uid 520/1492 COMBINED_1380
uid 521/1492 COMBINED_1381
uid 522/1492 COMBINED_1382
uid 523/1492 COMBINED_1383
uid 524/1492 COMBINED_1384
uid 525/1492 COMBINED_1385
uid 526/1492 COMBINED_1386
uid 527/1492 COMBINED_1387
uid 528/1492 COMBINED_1388
uid 529/1492 COMBINED_1389
uid 530/1492 COMBINED_1390
uid 531/1492 COMBINED_1391
uid 532/1492 COMBINED_1392
uid 533/1492 COMBINED_1393
uid 534/1492 COMBINED_1394
uid 535/1492 COMBINED_1395
uid 536/1492 COMBINED_1396
uid 537/1492 COMBINED_1397
uid 538/1492 COMBINED_1398
uid 539/1492 COMBINED_1399
uid 540/1492 COMBINED_1400
uid 541/1492 COMBINED_1401
uid 542/1492 COMBINED_1402
uid 543/1492 COMBINED_1403
uid 544/1492 COMBINED_1404
uid 545/1492 COMBINED_1405
uid 546/1492 COMBINED_1406
uid 547/1492 COMBINED_1407
uid 548/1492 COMBINED_1408
uid 549/1492 COMBINED_1409
uid 550/1492 COMBINED_1410
uid 551/1492 COMBINED_1411
uid 552/1492 COMBINED_1412
uid 553/1492 COMBINED_1413
uid 554/1492 COMBINED_1414
uid 555/1492 COMBINED_1415
uid 556/1492 COMBINED_1416
uid 557/1492 COMBINED_1417
uid 558/1492 COMBINED_1418
uid 559/1492 COMBINED_1419
uid 560/1492 COMBINED_1420
uid 561/1492 COMBINED_1421
uid 562/1492 COMBINED_1422
uid 563/1492 COMBINED_1423
uid 564/1492 COMBINED_1424
uid 565/1492 COMBINED_1425
uid 566/1492 COMBINED_1426
uid 567/1492 COMBINED_1427
uid 568/1492 COMBINED_1428
uid 569/1492 COMBINED_1429
uid 570/1492 COMBINED_1430
uid 571/1492 COMBINED_1431
uid 572/1492 COMBINED_1432
uid 573/1492 COMBINED_1433
uid 574/1492 COMBINED_1434
uid 575/1492 COMBINED_1435
uid 576/1492 COMBINED_1436
uid 577/1492 COMBINED_1437
uid 578/1492 COMBINED_1438
uid 579/1492 COMBINED_1439
uid 580/1492 COMBINED_1440
uid 581/1492 COMBINED_1441
uid 582/1492 COMBINED_1442
uid 583/1492 COMBINED_1443
uid 584/1492 COMBINED_1444
uid 585/1492 COMBINED_1445
uid 586/1492 COMBINED_1446
uid 587/1492 COMBINED_1447
uid 588/1492 COMBINED_1448
uid 589/1492 COMBINED_1449
uid 590/1492 COMBINED_1450
uid 591/1492 COMBINED_1451
uid 592/1492 COMBINED_1452
uid 593/1492 COMBINED_1453
uid 594/1492 COMBINED_1454
uid 595/1492 COMBINED_1455
uid 596/1492 COMBINED_1456
uid 597/1492 COMBINED_1457
uid 598/1492 COMBINED_1458
uid 599/1492 COMBINED_1459
uid 600/1492 COMBINED_1460
uid 601/1492 COMBINED_1461
uid 602/1492 COMBINED_1462
uid 603/1492 COMBINED_1463
uid 604/1492 COMBINED_1464
uid 605/1492 COMBINED_1465
uid 606/1492 COMBINED_1466
uid 607/1492 COMBINED_1467
uid 608/1492 COMBINED_1468
uid 609/1492 COMBINED_1469
uid 610/1492 COMBINED_1470
uid 611/1492 COMBINED_1471
uid 612/1492 COMBINED_1472
uid 613/1492 COMBINED_1473
uid 614/1492 COMBINED_1474
uid 615/1492 COMBINED_1475
uid 616/1492 COMBINED_1476
uid 617/1492 COMBINED_1477
uid 618/1492 COMBINED_1478
uid 619/1492 COMBINED_1479
uid 620/1492 COMBINED_1480
uid 621/1492 COMBINED_1481
uid 622/1492 COMBINED_1482
uid 623/1492 COMBINED_1483
uid 624/1492 COMBINED_1484
uid 625/1492 COMBINED_1485
uid 626/1492 COMBINED_1486
uid 627/1492 COMBINED_1487
uid 628/1492 COMBINED_1488
uid 629/1492 COMBINED_1489
uid 630/1492 COMBINED_1490
uid 631/1492 COMBINED_1491
uid 632/1492 COMBINED_1492
uid 633/1492 COMBINED_1493
uid 634/1492 COMBINED_1494
uid 635/1492 COMBINED_1495
uid 636/1492 COMBINED_1496
uid 637/1492 COMBINED_1497
uid 638/1492 COMBINED_1498
uid 639/1492 COMBINED_1499
uid 640/1492 COMBINED_1500
uid 641/1492 COMBINED_1501
uid 642/1492 COMBINED_1502
uid 643/1492 COMBINED_1503
uid 644/1492 COMBINED_1504
uid 645/1492 COMBINED_1505
uid 646/1492 COMBINED_1506
uid 647/1492 COMBINED_1507
uid 648/1492 COMBINED_1508
uid 649/1492 COMBINED_1509
uid 650/1492 COMBINED_1510
uid 651/1492 COMBINED_1511
uid 652/1492 COMBINED_1512
uid 653/1492 COMBINED_1513
uid 654/1492 COMBINED_1514
uid 655/1492 COMBINED_1515
uid 656/1492 COMBINED_1516
uid 657/1492 COMBINED_1517
uid 658/1492 COMBINED_1518
uid 659/1492 COMBINED_1519
uid 660/1492 COMBINED_1520
uid 661/1492 COMBINED_1521
uid 662/1492 COMBINED_1522
uid 663/1492 COMBINED_1523
uid 664/1492 COMBINED_1524
uid 665/1492 COMBINED_1525
uid 666/1492 COMBINED_1526
uid 667/1492 COMBINED_1527
uid 668/1492 COMBINED_1528
uid 669/1492 COMBINED_1529
uid 670/1492 COMBINED_1530
uid 671/1492 COMBINED_1531
uid 672/1492 COMBINED_1532
uid 673/1492 COMBINED_1533
uid 674/1492 COMBINED_1534
uid 675/1492 COMBINED_1535
uid 676/1492 COMBINED_1536
uid 677/1492 COMBINED_1537
uid 678/1492 COMBINED_1538
uid 679/1492 COMBINED_1539
uid 680/1492 COMBINED_1540
uid 681/1492 COMBINED_1541
uid 682/1492 COMBINED_1542
uid 683/1492 COMBINED_1543
uid 684/1492 COMBINED_1544
uid 685/1492 COMBINED_1545
uid 686/1492 COMBINED_1546
uid 687/1492 COMBINED_1547
uid 688/1492 COMBINED_1548
uid 689/1492 COMBINED_1549
uid 690/1492 COMBINED_1550
uid 691/1492 COMBINED_1551
uid 692/1492 COMBINED_1552
uid 693/1492 COMBINED_1553
uid 694/1492 COMBINED_1554
uid 695/1492 COMBINED_1555
uid 696/1492 COMBINED_1556
uid 697/1492 COMBINED_1557
uid 698/1492 COMBINED_1558
uid 699/1492 COMBINED_1559
uid 700/1492 COMBINED_1560
uid 701/1492 COMBINED_1561
uid 702/1492 COMBINED_1562
uid 703/1492 COMBINED_1563
uid 704/1492 COMBINED_1564
uid 705/1492 COMBINED_1565
uid 706/1492 COMBINED_1566
uid 707/1492 COMBINED_1567
uid 708/1492 COMBINED_1568
uid 709/1492 COMBINED_1569
uid 710/1492 COMBINED_1570
uid 711/1492 COMBINED_1571
uid 712/1492 COMBINED_1572
uid 713/1492 COMBINED_1573
uid 714/1492 COMBINED_1574
uid 715/1492 COMBINED_1575
uid 716/1492 COMBINED_1576
uid 717/1492 COMBINED_1577
uid 718/1492 COMBINED_1578
uid 719/1492 COMBINED_1579
uid 720/1492 COMBINED_1580
uid 721/1492 COMBINED_1581
uid 722/1492 COMBINED_1582
uid 723/1492 COMBINED_1583
uid 724/1492 COMBINED_1584
uid 725/1492 COMBINED_1585
uid 726/1492 COMBINED_1586
uid 727/1492 COMBINED_1587
uid 728/1492 COMBINED_1588
uid 729/1492 COMBINED_1589
uid 730/1492 COMBINED_1590
uid 731/1492 COMBINED_1591
uid 732/1492 COMBINED_1592
uid 733/1492 COMBINED_1593
uid 734/1492 COMBINED_1594
uid 735/1492 COMBINED_1595
uid 736/1492 COMBINED_1596
uid 737/1492 COMBINED_1597
uid 738/1492 COMBINED_1598
uid 739/1492 COMBINED_1599
uid 740/1492 COMBINED_1600
uid 741/1492 COMBINED_1601
uid 742/1492 COMBINED_1602
uid 743/1492 COMBINED_1603
uid 744/1492 COMBINED_1604
uid 745/1492 COMBINED_1605
uid 746/1492 COMBINED_1606
uid 747/1492 COMBINED_1607
uid 748/1492 COMBINED_1608
uid 749/1492 COMBINED_1609
uid 750/1492 COMBINED_1610
uid 751/1492 COMBINED_1611
uid 752/1492 COMBINED_1612
uid 753/1492 COMBINED_1613
uid 754/1492 COMBINED_1614
uid 755/1492 COMBINED_1615
uid 756/1492 COMBINED_1616
uid 757/1492 COMBINED_1617
uid 758/1492 COMBINED_1618
uid 759/1492 COMBINED_1619
uid 760/1492 COMBINED_1620
uid 761/1492 COMBINED_1621
uid 762/1492 COMBINED_1622
uid 763/1492 COMBINED_1623
uid 764/1492 COMBINED_1624
uid 765/1492 COMBINED_1625
uid 766/1492 COMBINED_1626
uid 767/1492 COMBINED_1627
uid 768/1492 COMBINED_1628
uid 769/1492 COMBINED_1629
uid 770/1492 COMBINED_1630
uid 771/1492 COMBINED_1631
uid 772/1492 COMBINED_1632
uid 773/1492 COMBINED_1633
uid 774/1492 COMBINED_1634
uid 775/1492 COMBINED_1635
uid 776/1492 COMBINED_1636
uid 777/1492 COMBINED_1637
uid 778/1492 COMBINED_1638
uid 779/1492 COMBINED_1639
uid 780/1492 COMBINED_1640
uid 781/1492 COMBINED_1641
uid 782/1492 COMBINED_1642
uid 783/1492 COMBINED_1643
uid 784/1492 COMBINED_1644
uid 785/1492 COMBINED_1645
uid 786/1492 COMBINED_1646
uid 787/1492 COMBINED_1647
uid 788/1492 COMBINED_1648
uid 789/1492 COMBINED_1649
uid 790/1492 COMBINED_1650
uid 791/1492 COMBINED_1651
uid 792/1492 COMBINED_1652
uid 793/1492 COMBINED_1653
uid 794/1492 COMBINED_1654
uid 795/1492 COMBINED_1655
uid 796/1492 COMBINED_1656
uid 797/1492 COMBINED_1657
uid 798/1492 COMBINED_1658
uid 799/1492 COMBINED_1659
uid 800/1492 COMBINED_1660
uid 801/1492 COMBINED_1661
uid 802/1492 COMBINED_1662
uid 803/1492 COMBINED_1663
uid 804/1492 COMBINED_1664
uid 805/1492 COMBINED_1665
uid 806/1492 COMBINED_1666
uid 807/1492 COMBINED_1667
uid 808/1492 COMBINED_1668
uid 809/1492 COMBINED_1669
uid 810/1492 COMBINED_1670
uid 811/1492 COMBINED_1671
uid 812/1492 COMBINED_1672
uid 813/1492 COMBINED_1673
uid 814/1492 COMBINED_1674
uid 815/1492 COMBINED_1675
uid 816/1492 COMBINED_1676
uid 817/1492 COMBINED_1677
uid 818/1492 COMBINED_1678
uid 819/1492 COMBINED_1679
uid 820/1492 COMBINED_1680
uid 821/1492 COMBINED_1681
uid 822/1492 COMBINED_1682
uid 823/1492 COMBINED_1683
uid 824/1492 COMBINED_1684
uid 825/1492 COMBINED_1685
uid 826/1492 COMBINED_1686
uid 827/1492 COMBINED_1687
uid 828/1492 COMBINED_1688
uid 829/1492 COMBINED_1689
uid 830/1492 COMBINED_1690
uid 831/1492 COMBINED_1691
uid 832/1492 COMBINED_1692
uid 833/1492 COMBINED_1693
uid 834/1492 COMBINED_1694
uid 835/1492 COMBINED_1695
uid 836/1492 COMBINED_1696
uid 837/1492 COMBINED_1697
uid 838/1492 COMBINED_1698
uid 839/1492 COMBINED_1699
uid 840/1492 COMBINED_1700
uid 841/1492 COMBINED_1701
uid 842/1492 COMBINED_1702
uid 843/1492 COMBINED_1703
uid 844/1492 COMBINED_1704
uid 845/1492 COMBINED_1705
uid 846/1492 COMBINED_1706
uid 847/1492 COMBINED_1707
uid 848/1492 COMBINED_1708
uid 849/1492 COMBINED_1709
uid 850/1492 COMBINED_1710
uid 851/1492 COMBINED_1711
uid 852/1492 COMBINED_1712
uid 853/1492 COMBINED_1713
uid 854/1492 COMBINED_1714
uid 855/1492 COMBINED_1715
uid 856/1492 COMBINED_1716
uid 857/1492 COMBINED_1717
uid 858/1492 COMBINED_1718
uid 859/1492 COMBINED_1719
uid 860/1492 COMBINED_1720
uid 861/1492 COMBINED_1721
uid 862/1492 COMBINED_1722
uid 863/1492 COMBINED_1723
uid 864/1492 COMBINED_1724
uid 865/1492 COMBINED_1725
uid 866/1492 COMBINED_1726
uid 867/1492 COMBINED_1727
uid 868/1492 COMBINED_1728
uid 869/1492 COMBINED_1729
uid 870/1492 COMBINED_1730
uid 871/1492 COMBINED_1731
uid 872/1492 COMBINED_1732
uid 873/1492 COMBINED_1733
uid 874/1492 COMBINED_1734
uid 875/1492 COMBINED_1735
uid 876/1492 COMBINED_1736
uid 877/1492 COMBINED_1737
uid 878/1492 COMBINED_1738
uid 879/1492 COMBINED_1739
uid 880/1492 COMBINED_1740
uid 881/1492 COMBINED_1741
uid 882/1492 COMBINED_1742
uid 883/1492 COMBINED_1743
uid 884/1492 COMBINED_1744
uid 885/1492 COMBINED_1745
uid 886/1492 COMBINED_1746
uid 887/1492 COMBINED_1747
uid 888/1492 COMBINED_1748
uid 889/1492 COMBINED_1749
uid 890/1492 COMBINED_1750
uid 891/1492 COMBINED_1751
uid 892/1492 COMBINED_1752
uid 893/1492 COMBINED_1753
uid 894/1492 COMBINED_1754
uid 895/1492 COMBINED_1755
uid 896/1492 COMBINED_1756
uid 897/1492 COMBINED_1757
uid 898/1492 COMBINED_1758
uid 899/1492 COMBINED_1759
uid 900/1492 COMBINED_1760
uid 901/1492 COMBINED_1761
uid 902/1492 COMBINED_1762
uid 903/1492 COMBINED_1763
uid 904/1492 COMBINED_1764
uid 905/1492 COMBINED_1765
uid 906/1492 COMBINED_1766
uid 907/1492 COMBINED_1767
uid 908/1492 COMBINED_1768
uid 909/1492 COMBINED_1769
uid 910/1492 COMBINED_1770
uid 911/1492 COMBINED_1771
uid 912/1492 COMBINED_1772
uid 913/1492 COMBINED_1773
uid 914/1492 COMBINED_1774
uid 915/1492 COMBINED_1775
uid 916/1492 COMBINED_1776
uid 917/1492 COMBINED_1777
uid 918/1492 COMBINED_1778
uid 919/1492 COMBINED_1779
uid 920/1492 COMBINED_1780
uid 921/1492 COMBINED_1781
uid 922/1492 COMBINED_1782
uid 923/1492 COMBINED_1783
uid 924/1492 COMBINED_1784
uid 925/1492 COMBINED_1785
uid 926/1492 COMBINED_1786
uid 927/1492 COMBINED_1787
uid 928/1492 COMBINED_1788
uid 929/1492 COMBINED_1789
uid 930/1492 COMBINED_1790
uid 931/1492 COMBINED_1791
uid 932/1492 COMBINED_1792
uid 933/1492 COMBINED_1793
uid 934/1492 COMBINED_1794
uid 935/1492 COMBINED_1795
uid 936/1492 COMBINED_1796
uid 937/1492 COMBINED_1797
uid 938/1492 COMBINED_1798
uid 939/1492 COMBINED_1799
uid 940/1492 COMBINED_1800
uid 941/1492 COMBINED_1801
uid 942/1492 COMBINED_1802
uid 943/1492 COMBINED_1803
uid 944/1492 COMBINED_1804
uid 945/1492 COMBINED_1805
uid 946/1492 COMBINED_1806
uid 947/1492 COMBINED_1807
uid 948/1492 COMBINED_1808
uid 949/1492 COMBINED_1809
uid 950/1492 COMBINED_1810
uid 951/1492 COMBINED_1811
uid 952/1492 COMBINED_1812
uid 953/1492 COMBINED_1813
uid 954/1492 COMBINED_1814
uid 955/1492 COMBINED_1815
uid 956/1492 COMBINED_1816
uid 957/1492 COMBINED_1817
uid 958/1492 COMBINED_1818
uid 959/1492 COMBINED_1819
uid 960/1492 COMBINED_1820
uid 961/1492 COMBINED_1821
uid 962/1492 COMBINED_1822
uid 963/1492 COMBINED_1823
uid 964/1492 COMBINED_1824
uid 965/1492 COMBINED_1825
uid 966/1492 COMBINED_1826
uid 967/1492 COMBINED_1827
uid 968/1492 COMBINED_1828
uid 969/1492 COMBINED_1829
uid 970/1492 COMBINED_1830
uid 971/1492 COMBINED_1831
uid 972/1492 COMBINED_1832
uid 973/1492 COMBINED_1833
uid 974/1492 COMBINED_1834
uid 975/1492 COMBINED_1835
uid 976/1492 COMBINED_1836
uid 977/1492 COMBINED_1837
uid 978/1492 COMBINED_1838
uid 979/1492 COMBINED_1839
uid 980/1492 COMBINED_1840
uid 981/1492 COMBINED_1841
uid 982/1492 COMBINED_1842
uid 983/1492 COMBINED_1843
uid 984/1492 COMBINED_1844
uid 985/1492 COMBINED_1845
uid 986/1492 COMBINED_1846
uid 987/1492 COMBINED_1847
uid 988/1492 COMBINED_1848
uid 989/1492 COMBINED_1849
uid 990/1492 COMBINED_1850
uid 991/1492 COMBINED_1851
uid 992/1492 COMBINED_1852
uid 993/1492 COMBINED_1853
uid 994/1492 COMBINED_1854
uid 995/1492 COMBINED_1855
uid 996/1492 COMBINED_1856
uid 997/1492 COMBINED_1857
uid 998/1492 COMBINED_1858
uid 999/1492 COMBINED_1859
uid 1000/1492 COMBINED_1860
uid 1001/1492 COMBINED_1861
uid 1002/1492 COMBINED_1862
uid 1003/1492 COMBINED_1863
uid 1004/1492 COMBINED_1864
uid 1005/1492 COMBINED_1865
uid 1006/1492 COMBINED_1866
uid 1007/1492 COMBINED_1867
uid 1008/1492 COMBINED_1868
uid 1009/1492 COMBINED_1869
uid 1010/1492 COMBINED_1870
uid 1011/1492 COMBINED_1871
uid 1012/1492 COMBINED_1872
uid 1013/1492 COMBINED_1873
uid 1014/1492 COMBINED_1874
uid 1015/1492 COMBINED_1875
uid 1016/1492 COMBINED_1876
uid 1017/1492 COMBINED_1877
uid 1018/1492 COMBINED_1878
uid 1019/1492 COMBINED_1879
uid 1020/1492 COMBINED_1880
uid 1021/1492 COMBINED_1881
uid 1022/1492 COMBINED_1882
uid 1023/1492 COMBINED_1883
uid 1024/1492 COMBINED_1884
uid 1025/1492 COMBINED_1885
uid 1026/1492 COMBINED_1886
uid 1027/1492 COMBINED_1887
uid 1028/1492 COMBINED_1888
uid 1029/1492 COMBINED_1889
uid 1030/1492 COMBINED_1890
uid 1031/1492 COMBINED_1891
uid 1032/1492 COMBINED_1892
uid 1033/1492 COMBINED_1893
uid 1034/1492 COMBINED_1894
uid 1035/1492 COMBINED_1895
uid 1036/1492 COMBINED_1896
uid 1037/1492 COMBINED_1897
uid 1038/1492 COMBINED_1898
uid 1039/1492 COMBINED_1899
uid 1040/1492 COMBINED_1900
uid 1041/1492 COMBINED_1901
uid 1042/1492 COMBINED_1902
uid 1043/1492 COMBINED_1903
uid 1044/1492 COMBINED_1904
uid 1045/1492 COMBINED_1905
uid 1046/1492 COMBINED_1906
uid 1047/1492 COMBINED_1907
uid 1048/1492 COMBINED_1908
uid 1049/1492 COMBINED_1909
uid 1050/1492 COMBINED_1910
uid 1051/1492 COMBINED_1911
uid 1052/1492 COMBINED_1912
uid 1053/1492 COMBINED_1913
uid 1054/1492 COMBINED_1914
uid 1055/1492 COMBINED_1915
uid 1056/1492 COMBINED_1916
uid 1057/1492 COMBINED_1917
uid 1058/1492 COMBINED_1918
uid 1059/1492 COMBINED_1919
uid 1060/1492 COMBINED_1920
uid 1061/1492 COMBINED_1921
uid 1062/1492 COMBINED_1922
uid 1063/1492 COMBINED_1923
uid 1064/1492 COMBINED_1924
uid 1065/1492 COMBINED_1925
uid 1066/1492 COMBINED_1926
uid 1067/1492 COMBINED_1927
uid 1068/1492 COMBINED_1928
uid 1069/1492 COMBINED_1929
uid 1070/1492 COMBINED_1930
uid 1071/1492 COMBINED_1931
uid 1072/1492 COMBINED_1932
uid 1073/1492 COMBINED_1933
uid 1074/1492 COMBINED_1934
uid 1075/1492 COMBINED_1935
uid 1076/1492 COMBINED_1936
uid 1077/1492 COMBINED_1937
uid 1078/1492 COMBINED_1938
uid 1079/1492 COMBINED_1939
uid 1080/1492 COMBINED_1940
uid 1081/1492 COMBINED_1941
uid 1082/1492 COMBINED_1942
uid 1083/1492 COMBINED_1943
uid 1084/1492 COMBINED_1944
uid 1085/1492 COMBINED_1945
uid 1086/1492 COMBINED_1946
uid 1087/1492 COMBINED_1947
uid 1088/1492 COMBINED_1948
uid 1089/1492 COMBINED_1949
uid 1090/1492 COMBINED_1950
uid 1091/1492 COMBINED_1951
uid 1092/1492 COMBINED_1952
uid 1093/1492 COMBINED_1953
uid 1094/1492 COMBINED_1954
uid 1095/1492 COMBINED_1955
uid 1096/1492 COMBINED_1956
uid 1097/1492 COMBINED_1957
uid 1098/1492 COMBINED_1958
uid 1099/1492 COMBINED_1959
uid 1100/1492 COMBINED_1960
uid 1101/1492 COMBINED_1961
uid 1102/1492 COMBINED_1962
uid 1103/1492 COMBINED_1963
uid 1104/1492 COMBINED_1964
uid 1105/1492 COMBINED_1965
uid 1106/1492 COMBINED_1966
uid 1107/1492 COMBINED_1967
uid 1108/1492 COMBINED_1968
uid 1109/1492 COMBINED_1969
uid 1110/1492 COMBINED_1970
uid 1111/1492 COMBINED_1971
uid 1112/1492 COMBINED_1972
uid 1113/1492 COMBINED_1973
uid 1114/1492 COMBINED_1974
uid 1115/1492 COMBINED_1975
uid 1116/1492 COMBINED_1976
uid 1117/1492 COMBINED_1977
uid 1118/1492 COMBINED_1978
uid 1119/1492 COMBINED_1979
uid 1120/1492 COMBINED_1980
uid 1121/1492 COMBINED_1981
uid 1122/1492 COMBINED_1982
uid 1123/1492 COMBINED_1983
uid 1124/1492 COMBINED_1984
uid 1125/1492 COMBINED_1985
uid 1126/1492 COMBINED_1986
uid 1127/1492 COMBINED_1987
uid 1128/1492 COMBINED_1988
uid 1129/1492 COMBINED_1989
uid 1130/1492 COMBINED_1990
uid 1131/1492 COMBINED_1991
uid 1132/1492 COMBINED_1992
uid 1133/1492 COMBINED_1993
uid 1134/1492 COMBINED_1994
uid 1135/1492 COMBINED_1995
uid 1136/1492 COMBINED_1996
uid 1137/1492 COMBINED_1997
uid 1138/1492 COMBINED_1998
uid 1139/1492 COMBINED_1999
uid 1140/1492 COMBINED_2000
uid 1141/1492 COMBINED_2001
uid 1142/1492 COMBINED_2002
uid 1143/1492 COMBINED_2003
uid 1144/1492 COMBINED_2004
uid 1145/1492 COMBINED_2005
uid 1146/1492 COMBINED_2006
uid 1147/1492 COMBINED_2007
uid 1148/1492 COMBINED_2008
uid 1149/1492 COMBINED_2009
uid 1150/1492 COMBINED_2010
uid 1151/1492 COMBINED_2011
uid 1152/1492 COMBINED_2012
uid 1153/1492 COMBINED_2013
uid 1154/1492 COMBINED_2014
uid 1155/1492 COMBINED_2015
uid 1156/1492 COMBINED_2016
uid 1157/1492 COMBINED_2017
uid 1158/1492 COMBINED_2018
uid 1159/1492 COMBINED_2019
uid 1160/1492 COMBINED_2020
uid 1161/1492 COMBINED_2021
uid 1162/1492 COMBINED_2022
uid 1163/1492 COMBINED_2023
uid 1164/1492 COMBINED_2024
uid 1165/1492 COMBINED_2025
uid 1166/1492 COMBINED_2026
uid 1167/1492 COMBINED_2027
uid 1168/1492 COMBINED_2028
uid 1169/1492 COMBINED_2029
uid 1170/1492 COMBINED_2030
uid 1171/1492 COMBINED_2031
uid 1172/1492 COMBINED_2032
uid 1173/1492 COMBINED_2033
uid 1174/1492 COMBINED_2034
uid 1175/1492 COMBINED_2035
uid 1176/1492 COMBINED_2036
uid 1177/1492 COMBINED_2037
uid 1178/1492 COMBINED_2038
uid 1179/1492 COMBINED_2039
uid 1180/1492 COMBINED_2040
uid 1181/1492 COMBINED_2041
uid 1182/1492 COMBINED_2042
uid 1183/1492 COMBINED_2043
uid 1184/1492 COMBINED_2044
uid 1185/1492 COMBINED_2045
uid 1186/1492 COMBINED_2046
uid 1187/1492 COMBINED_2047
uid 1188/1492 COMBINED_2048
uid 1189/1492 COMBINED_2049
uid 1190/1492 COMBINED_2050
uid 1191/1492 COMBINED_2051
uid 1192/1492 COMBINED_2052
uid 1193/1492 COMBINED_2053
uid 1194/1492 COMBINED_2054
uid 1195/1492 COMBINED_2055
uid 1196/1492 COMBINED_2056
uid 1197/1492 COMBINED_2057
uid 1198/1492 COMBINED_2058
uid 1199/1492 COMBINED_2059
uid 1200/1492 COMBINED_2060
uid 1201/1492 COMBINED_2061
uid 1202/1492 COMBINED_2062
uid 1203/1492 COMBINED_2063
uid 1204/1492 COMBINED_2064
uid 1205/1492 COMBINED_2065
uid 1206/1492 COMBINED_2066
uid 1207/1492 COMBINED_2067
uid 1208/1492 COMBINED_2068
uid 1209/1492 COMBINED_2069
uid 1210/1492 COMBINED_2070
uid 1211/1492 COMBINED_2071
uid 1212/1492 COMBINED_2072
uid 1213/1492 COMBINED_2073
uid 1214/1492 COMBINED_2074
uid 1215/1492 COMBINED_2075
uid 1216/1492 COMBINED_2076
uid 1217/1492 COMBINED_2077
uid 1218/1492 COMBINED_2078
uid 1219/1492 COMBINED_2079
uid 1220/1492 COMBINED_2080
uid 1221/1492 COMBINED_2081
uid 1222/1492 COMBINED_2082
uid 1223/1492 COMBINED_2083
uid 1224/1492 COMBINED_2084
uid 1225/1492 COMBINED_2085
uid 1226/1492 COMBINED_2086
uid 1227/1492 COMBINED_2087
uid 1228/1492 COMBINED_2088
uid 1229/1492 COMBINED_2089
uid 1230/1492 COMBINED_2090
uid 1231/1492 COMBINED_2091
uid 1232/1492 COMBINED_2092
uid 1233/1492 COMBINED_2093
uid 1234/1492 COMBINED_2094
uid 1235/1492 COMBINED_2095
uid 1236/1492 COMBINED_2096
uid 1237/1492 COMBINED_2097
uid 1238/1492 COMBINED_2098
uid 1239/1492 COMBINED_2099
uid 1240/1492 COMBINED_2100
uid 1241/1492 COMBINED_2101
uid 1242/1492 COMBINED_2102
uid 1243/1492 COMBINED_2103
uid 1244/1492 COMBINED_2104
uid 1245/1492 COMBINED_2105
uid 1246/1492 COMBINED_2106
uid 1247/1492 COMBINED_2107
uid 1248/1492 COMBINED_2108
uid 1249/1492 COMBINED_2109
uid 1250/1492 COMBINED_2110
uid 1251/1492 COMBINED_2111
uid 1252/1492 COMBINED_2112
uid 1253/1492 COMBINED_2113
uid 1254/1492 COMBINED_2114
uid 1255/1492 COMBINED_2115
uid 1256/1492 COMBINED_2116
uid 1257/1492 COMBINED_2117
uid 1258/1492 COMBINED_2118
uid 1259/1492 COMBINED_2119
uid 1260/1492 COMBINED_2120
uid 1261/1492 COMBINED_2121
uid 1262/1492 COMBINED_2122
uid 1263/1492 COMBINED_2123
uid 1264/1492 COMBINED_2124
uid 1265/1492 COMBINED_2125
uid 1266/1492 COMBINED_2126
uid 1267/1492 COMBINED_2127
uid 1268/1492 COMBINED_2128
uid 1269/1492 COMBINED_2129
uid 1270/1492 COMBINED_2130
uid 1271/1492 COMBINED_2131
uid 1272/1492 COMBINED_2132
uid 1273/1492 COMBINED_2133
uid 1274/1492 COMBINED_2134
uid 1275/1492 COMBINED_2135
uid 1276/1492 COMBINED_2136
uid 1277/1492 COMBINED_2137
uid 1278/1492 COMBINED_2138
uid 1279/1492 COMBINED_2139
uid 1280/1492 COMBINED_2140
uid 1281/1492 COMBINED_2141
uid 1282/1492 COMBINED_2142
uid 1283/1492 COMBINED_2143
uid 1284/1492 COMBINED_2144
uid 1285/1492 COMBINED_2145
uid 1286/1492 COMBINED_2146
uid 1287/1492 COMBINED_2147
uid 1288/1492 COMBINED_2148
uid 1289/1492 COMBINED_2149
uid 1290/1492 COMBINED_2150
uid 1291/1492 COMBINED_2151
uid 1292/1492 COMBINED_2152
uid 1293/1492 COMBINED_2153
uid 1294/1492 COMBINED_2154
uid 1295/1492 COMBINED_2155
uid 1296/1492 COMBINED_2156
uid 1297/1492 COMBINED_2157
uid 1298/1492 COMBINED_2158
uid 1299/1492 COMBINED_2159
uid 1300/1492 COMBINED_2160
uid 1301/1492 COMBINED_2161
uid 1302/1492 COMBINED_2162
uid 1303/1492 COMBINED_2163
uid 1304/1492 COMBINED_2164
uid 1305/1492 COMBINED_2165
uid 1306/1492 COMBINED_2166
uid 1307/1492 COMBINED_2167
uid 1308/1492 COMBINED_2168
uid 1309/1492 COMBINED_2169
uid 1310/1492 COMBINED_2170
uid 1311/1492 COMBINED_2171
uid 1312/1492 COMBINED_2172
uid 1313/1492 COMBINED_2173
uid 1314/1492 COMBINED_2174
uid 1315/1492 COMBINED_2175
uid 1316/1492 COMBINED_2176
uid 1317/1492 COMBINED_2177
uid 1318/1492 COMBINED_2178
uid 1319/1492 COMBINED_2179
uid 1320/1492 COMBINED_2180
uid 1321/1492 COMBINED_2181
uid 1322/1492 COMBINED_2182
uid 1323/1492 COMBINED_2183
uid 1324/1492 COMBINED_2184
uid 1325/1492 COMBINED_2185
uid 1326/1492 COMBINED_2186
uid 1327/1492 COMBINED_2187
uid 1328/1492 COMBINED_2188
uid 1329/1492 COMBINED_2189
uid 1330/1492 COMBINED_2190
uid 1331/1492 COMBINED_2191
uid 1332/1492 COMBINED_2192
uid 1333/1492 COMBINED_2193
uid 1334/1492 COMBINED_2194
uid 1335/1492 COMBINED_2195
uid 1336/1492 COMBINED_2196
uid 1337/1492 COMBINED_2197
uid 1338/1492 COMBINED_2198
uid 1339/1492 COMBINED_2199
uid 1340/1492 COMBINED_2200
uid 1341/1492 COMBINED_2201
uid 1342/1492 COMBINED_2202
uid 1343/1492 COMBINED_2203
uid 1344/1492 COMBINED_2204
uid 1345/1492 COMBINED_2205
uid 1346/1492 COMBINED_2206
uid 1347/1492 COMBINED_2207
uid 1348/1492 COMBINED_2208
uid 1349/1492 COMBINED_2209
uid 1350/1492 COMBINED_2210
uid 1351/1492 COMBINED_2211
uid 1352/1492 COMBINED_2212
uid 1353/1492 COMBINED_2213
uid 1354/1492 COMBINED_2214
uid 1355/1492 COMBINED_2215
uid 1356/1492 COMBINED_2216
uid 1357/1492 COMBINED_2217
uid 1358/1492 COMBINED_2218
uid 1359/1492 COMBINED_2219
uid 1360/1492 COMBINED_2220
uid 1361/1492 COMBINED_2221
uid 1362/1492 COMBINED_2222
uid 1363/1492 COMBINED_2223
uid 1364/1492 COMBINED_2224
uid 1365/1492 COMBINED_2225
uid 1366/1492 COMBINED_2226
uid 1367/1492 COMBINED_2227
uid 1368/1492 COMBINED_2228
uid 1369/1492 COMBINED_2229
uid 1370/1492 COMBINED_2230
uid 1371/1492 COMBINED_2231
uid 1372/1492 COMBINED_2232
uid 1373/1492 COMBINED_2233
uid 1374/1492 COMBINED_2234
uid 1375/1492 COMBINED_2235
uid 1376/1492 COMBINED_2236
uid 1377/1492 COMBINED_2237
uid 1378/1492 COMBINED_2238
uid 1379/1492 COMBINED_2239
uid 1380/1492 COMBINED_2240
uid 1381/1492 COMBINED_2241
uid 1382/1492 COMBINED_2242
uid 1383/1492 COMBINED_2243
uid 1384/1492 COMBINED_2244
uid 1385/1492 COMBINED_2245
uid 1386/1492 COMBINED_2246
uid 1387/1492 COMBINED_2247
uid 1388/1492 COMBINED_2248
uid 1389/1492 COMBINED_2249
uid 1390/1492 COMBINED_2250
uid 1391/1492 COMBINED_2251
uid 1392/1492 COMBINED_2252
uid 1393/1492 COMBINED_2253
uid 1394/1492 COMBINED_2254
uid 1395/1492 COMBINED_2255
uid 1396/1492 COMBINED_2256
uid 1397/1492 COMBINED_2257
uid 1398/1492 COMBINED_2258
uid 1399/1492 COMBINED_2259
uid 1400/1492 COMBINED_2260
uid 1401/1492 COMBINED_2261
uid 1402/1492 COMBINED_2262
uid 1403/1492 COMBINED_2263
uid 1404/1492 COMBINED_2264
uid 1405/1492 COMBINED_2265
uid 1406/1492 COMBINED_2266
uid 1407/1492 COMBINED_2267
uid 1408/1492 COMBINED_2268
uid 1409/1492 COMBINED_2269
uid 1410/1492 COMBINED_2270
uid 1411/1492 COMBINED_2271
uid 1412/1492 COMBINED_2272
uid 1413/1492 COMBINED_2273
uid 1414/1492 COMBINED_2274
uid 1415/1492 COMBINED_2275
uid 1416/1492 COMBINED_2276
uid 1417/1492 COMBINED_2277
uid 1418/1492 COMBINED_2278
uid 1419/1492 COMBINED_2279
uid 1420/1492 COMBINED_2280
uid 1421/1492 COMBINED_2281
uid 1422/1492 COMBINED_2282
uid 1423/1492 COMBINED_2283
uid 1424/1492 COMBINED_2284
uid 1425/1492 COMBINED_2285
uid 1426/1492 COMBINED_2286
uid 1427/1492 COMBINED_2287
uid 1428/1492 COMBINED_2288
uid 1429/1492 COMBINED_2289
uid 1430/1492 COMBINED_2290
uid 1431/1492 COMBINED_2291
uid 1432/1492 COMBINED_2292
uid 1433/1492 COMBINED_2293
uid 1434/1492 COMBINED_2294
uid 1435/1492 COMBINED_2295
uid 1436/1492 COMBINED_2296
uid 1437/1492 COMBINED_2297
uid 1438/1492 COMBINED_2298
uid 1439/1492 COMBINED_2299
uid 1440/1492 COMBINED_2300
uid 1441/1492 COMBINED_2301
uid 1442/1492 COMBINED_2302
uid 1443/1492 COMBINED_2303
uid 1444/1492 COMBINED_2304
uid 1445/1492 COMBINED_2305
uid 1446/1492 COMBINED_2306
uid 1447/1492 COMBINED_2307
uid 1448/1492 COMBINED_2308
uid 1449/1492 COMBINED_2309
uid 1450/1492 COMBINED_2310
uid 1451/1492 COMBINED_2311
uid 1452/1492 COMBINED_2312
uid 1453/1492 COMBINED_2313
uid 1454/1492 COMBINED_2314
uid 1455/1492 COMBINED_2315
uid 1456/1492 COMBINED_2316
uid 1457/1492 COMBINED_2317
uid 1458/1492 COMBINED_2318
uid 1459/1492 COMBINED_2319
uid 1460/1492 COMBINED_2320
uid 1461/1492 COMBINED_2321
uid 1462/1492 COMBINED_2322
uid 1463/1492 COMBINED_2323
uid 1464/1492 COMBINED_2324
uid 1465/1492 COMBINED_2325
uid 1466/1492 COMBINED_2326
uid 1467/1492 COMBINED_2327
uid 1468/1492 COMBINED_2328
uid 1469/1492 COMBINED_2329
uid 1470/1492 COMBINED_2330
uid 1471/1492 COMBINED_2331
uid 1472/1492 COMBINED_2332
uid 1473/1492 COMBINED_2333
uid 1474/1492 COMBINED_2334
uid 1475/1492 COMBINED_2335
uid 1476/1492 COMBINED_2336
uid 1477/1492 COMBINED_2337
uid 1478/1492 COMBINED_2338
uid 1479/1492 COMBINED_2339
uid 1480/1492 COMBINED_2340
uid 1481/1492 COMBINED_2341
uid 1482/1492 COMBINED_2342
uid 1483/1492 COMBINED_2343
uid 1484/1492 COMBINED_2344
uid 1485/1492 COMBINED_2345
uid 1486/1492 COMBINED_2346
uid 1487/1492 COMBINED_2347
uid 1488/1492 COMBINED_2348
uid 1489/1492 COMBINED_2349
uid 1490/1492 COMBINED_2350
uid 1491/1492 COMBINED_2351
uid 1492/1492 COMBINED_2352
Stage embedding: 2352 samples pending
embedding 1/2352 COMBINED_0001
embedding 2/2352 COMBINED_0002
embedding 3/2352 COMBINED_0003
embedding 4/2352 COMBINED_0004
embedding 5/2352 COMBINED_0005
embedding 6/2352 COMBINED_0006
embedding 7/2352 COMBINED_0007
embedding 8/2352 COMBINED_0008
embedding 9/2352 COMBINED_0009
embedding 10/2352 COMBINED_0010
embedding 11/2352 COMBINED_0011
embedding 12/2352 COMBINED_0012
embedding 13/2352 COMBINED_0013
embedding 14/2352 COMBINED_0014
embedding 15/2352 COMBINED_0015
embedding 16/2352 COMBINED_0016
embedding 17/2352 COMBINED_0017
embedding 18/2352 COMBINED_0018
embedding 19/2352 COMBINED_0019
embedding 20/2352 COMBINED_0020
embedding 21/2352 COMBINED_0021
embedding 22/2352 COMBINED_0022
embedding 23/2352 COMBINED_0023
embedding 24/2352 COMBINED_0024
embedding 25/2352 COMBINED_0025
embedding 26/2352 COMBINED_0026
embedding 27/2352 COMBINED_0027
embedding 28/2352 COMBINED_0028
embedding 29/2352 COMBINED_0029
embedding 30/2352 COMBINED_0030
embedding 31/2352 COMBINED_0031
embedding 32/2352 COMBINED_0032
embedding 33/2352 COMBINED_0033
embedding 34/2352 COMBINED_0034
embedding 35/2352 COMBINED_0035
embedding 36/2352 COMBINED_0036
embedding 37/2352 COMBINED_0037
embedding 38/2352 COMBINED_0038
embedding 39/2352 COMBINED_0039
embedding 40/2352 COMBINED_0040
embedding 41/2352 COMBINED_0041
embedding 42/2352 COMBINED_0042
embedding 43/2352 COMBINED_0043
embedding 44/2352 COMBINED_0044
embedding 45/2352 COMBINED_0045
embedding 46/2352 COMBINED_0046
embedding 47/2352 COMBINED_0047
embedding 48/2352 COMBINED_0048
embedding 49/2352 COMBINED_0049
embedding 50/2352 COMBINED_0050
embedding 51/2352 COMBINED_0051
embedding 52/2352 COMBINED_0052
embedding 53/2352 COMBINED_0053
embedding 54/2352 COMBINED_0054
embedding 55/2352 COMBINED_0055
embedding 56/2352 COMBINED_0056
embedding 57/2352 COMBINED_0057
embedding 58/2352 COMBINED_0058
embedding 59/2352 COMBINED_0059
embedding 60/2352 COMBINED_0060
embedding 61/2352 COMBINED_0061
embedding 62/2352 COMBINED_0062
embedding 63/2352 COMBINED_0063
embedding 64/2352 COMBINED_0064
embedding 65/2352 COMBINED_0065
embedding 66/2352 COMBINED_0066
embedding 67/2352 COMBINED_0067
embedding 68/2352 COMBINED_0068
embedding 69/2352 COMBINED_0069
embedding 70/2352 COMBINED_0070
embedding 71/2352 COMBINED_0071
embedding 72/2352 COMBINED_0072
embedding 73/2352 COMBINED_0073
embedding 74/2352 COMBINED_0074
embedding 75/2352 COMBINED_0075
embedding 76/2352 COMBINED_0076
embedding 77/2352 COMBINED_0077
embedding 78/2352 COMBINED_0078
embedding 79/2352 COMBINED_0079
embedding 80/2352 COMBINED_0080
embedding 81/2352 COMBINED_0081
embedding 82/2352 COMBINED_0082
embedding 83/2352 COMBINED_0083
embedding 84/2352 COMBINED_0084
embedding 85/2352 COMBINED_0085
embedding 86/2352 COMBINED_0086
embedding 87/2352 COMBINED_0087
embedding 88/2352 COMBINED_0088
embedding 89/2352 COMBINED_0089
embedding 90/2352 COMBINED_0090
embedding 91/2352 COMBINED_0091
embedding 92/2352 COMBINED_0092
embedding 93/2352 COMBINED_0093
embedding 94/2352 COMBINED_0094
embedding 95/2352 COMBINED_0095
embedding 96/2352 COMBINED_0096
embedding 97/2352 COMBINED_0097
embedding 98/2352 COMBINED_0098
embedding 99/2352 COMBINED_0099
embedding 100/2352 COMBINED_0100
embedding 101/2352 COMBINED_0101
embedding 102/2352 COMBINED_0102
embedding 103/2352 COMBINED_0103
embedding 104/2352 COMBINED_0104
embedding 105/2352 COMBINED_0105
embedding 106/2352 COMBINED_0106
embedding 107/2352 COMBINED_0107
embedding 108/2352 COMBINED_0108
embedding 109/2352 COMBINED_0109
embedding 110/2352 COMBINED_0110
embedding 111/2352 COMBINED_0111
embedding 112/2352 COMBINED_0112
embedding 113/2352 COMBINED_0113
embedding 114/2352 COMBINED_0114
embedding 115/2352 COMBINED_0115
embedding 116/2352 COMBINED_0116
embedding 117/2352 COMBINED_0117
embedding 118/2352 COMBINED_0118
embedding 119/2352 COMBINED_0119
embedding 120/2352 COMBINED_0120
embedding 121/2352 COMBINED_0121
embedding 122/2352 COMBINED_0122
embedding 123/2352 COMBINED_0123
embedding 124/2352 COMBINED_0124
embedding 125/2352 COMBINED_0125
embedding 126/2352 COMBINED_0126
embedding 127/2352 COMBINED_0127
embedding 128/2352 COMBINED_0128
embedding 129/2352 COMBINED_0129
embedding 130/2352 COMBINED_0130
embedding 131/2352 COMBINED_0131
embedding 132/2352 COMBINED_0132
embedding 133/2352 COMBINED_0133
embedding 134/2352 COMBINED_0134
embedding 135/2352 COMBINED_0135
embedding 136/2352 COMBINED_0136
embedding 137/2352 COMBINED_0137
embedding 138/2352 COMBINED_0138
embedding 139/2352 COMBINED_0139
embedding 140/2352 COMBINED_0140
embedding 141/2352 COMBINED_0141
embedding 142/2352 COMBINED_0142
embedding 143/2352 COMBINED_0143
embedding 144/2352 COMBINED_0144
embedding 145/2352 COMBINED_0145
embedding 146/2352 COMBINED_0146
embedding 147/2352 COMBINED_0147
embedding 148/2352 COMBINED_0148
embedding 149/2352 COMBINED_0149
embedding 150/2352 COMBINED_0150
embedding 151/2352 COMBINED_0151
embedding 152/2352 COMBINED_0152
embedding 153/2352 COMBINED_0153
embedding 154/2352 COMBINED_0154
embedding 155/2352 COMBINED_0155
embedding 156/2352 COMBINED_0156
embedding 157/2352 COMBINED_0157
embedding 158/2352 COMBINED_0158
embedding 159/2352 COMBINED_0159
embedding 160/2352 COMBINED_0160
embedding 161/2352 COMBINED_0161
embedding 162/2352 COMBINED_0162
embedding 163/2352 COMBINED_0163
embedding 164/2352 COMBINED_0164
embedding 165/2352 COMBINED_0165
embedding 166/2352 COMBINED_0166
embedding 167/2352 COMBINED_0167
embedding 168/2352 COMBINED_0168
embedding 169/2352 COMBINED_0169
embedding 170/2352 COMBINED_0170
embedding 171/2352 COMBINED_0171
embedding 172/2352 COMBINED_0172
embedding 173/2352 COMBINED_0173
embedding 174/2352 COMBINED_0174
embedding 175/2352 COMBINED_0175
embedding 176/2352 COMBINED_0176
embedding 177/2352 COMBINED_0177
embedding 178/2352 COMBINED_0178
embedding 179/2352 COMBINED_0179
embedding 180/2352 COMBINED_0180
embedding 181/2352 COMBINED_0181
embedding 182/2352 COMBINED_0182
embedding 183/2352 COMBINED_0183
embedding 184/2352 COMBINED_0184
embedding 185/2352 COMBINED_0185
embedding 186/2352 COMBINED_0186
embedding 187/2352 COMBINED_0187
embedding 188/2352 COMBINED_0188
embedding 189/2352 COMBINED_0189
embedding 190/2352 COMBINED_0190
embedding 191/2352 COMBINED_0191
embedding 192/2352 COMBINED_0192
embedding 193/2352 COMBINED_0193
embedding 194/2352 COMBINED_0194
embedding 195/2352 COMBINED_0195
embedding 196/2352 COMBINED_0196
embedding 197/2352 COMBINED_0197
embedding 198/2352 COMBINED_0198
embedding 199/2352 COMBINED_0199
embedding 200/2352 COMBINED_0200
embedding 201/2352 COMBINED_0201
embedding 202/2352 COMBINED_0202
embedding 203/2352 COMBINED_0203
embedding 204/2352 COMBINED_0204
embedding 205/2352 COMBINED_0205
embedding 206/2352 COMBINED_0206
embedding 207/2352 COMBINED_0207
embedding 208/2352 COMBINED_0208
embedding 209/2352 COMBINED_0209
embedding 210/2352 COMBINED_0210
embedding 211/2352 COMBINED_0211
embedding 212/2352 COMBINED_0212
embedding 213/2352 COMBINED_0213
embedding 214/2352 COMBINED_0214
embedding 215/2352 COMBINED_0215
embedding 216/2352 COMBINED_0216
embedding 217/2352 COMBINED_0217
embedding 218/2352 COMBINED_0218
embedding 219/2352 COMBINED_0219
embedding 220/2352 COMBINED_0220
embedding 221/2352 COMBINED_0221
embedding 222/2352 COMBINED_0222
embedding 223/2352 COMBINED_0223
embedding 224/2352 COMBINED_0224
embedding 225/2352 COMBINED_0225
embedding 226/2352 COMBINED_0226
embedding 227/2352 COMBINED_0227
embedding 228/2352 COMBINED_0228
embedding 229/2352 COMBINED_0229
embedding 230/2352 COMBINED_0230
embedding 231/2352 COMBINED_0231
embedding 232/2352 COMBINED_0232
embedding 233/2352 COMBINED_0233
embedding 234/2352 COMBINED_0234
embedding 235/2352 COMBINED_0235
embedding 236/2352 COMBINED_0236
embedding 237/2352 COMBINED_0237
embedding 238/2352 COMBINED_0238
embedding 239/2352 COMBINED_0239
embedding 240/2352 COMBINED_0240
embedding 241/2352 COMBINED_0241
embedding 242/2352 COMBINED_0242
embedding 243/2352 COMBINED_0243
embedding 244/2352 COMBINED_0244
embedding 245/2352 COMBINED_0245
embedding 246/2352 COMBINED_0246
embedding 247/2352 COMBINED_0247
embedding 248/2352 COMBINED_0248
embedding 249/2352 COMBINED_0249
embedding 250/2352 COMBINED_0250
embedding 251/2352 COMBINED_0251
embedding 252/2352 COMBINED_0252
embedding 253/2352 COMBINED_0253
embedding 254/2352 COMBINED_0254
embedding 255/2352 COMBINED_0255
embedding 256/2352 COMBINED_0256
embedding 257/2352 COMBINED_0257
embedding 258/2352 COMBINED_0258
embedding 259/2352 COMBINED_0259
embedding 260/2352 COMBINED_0260
embedding 261/2352 COMBINED_0261
embedding 262/2352 COMBINED_0262
embedding 263/2352 COMBINED_0263
embedding 264/2352 COMBINED_0264
embedding 265/2352 COMBINED_0265
embedding 266/2352 COMBINED_0266
embedding 267/2352 COMBINED_0267
embedding 268/2352 COMBINED_0268
embedding 269/2352 COMBINED_0269
embedding 270/2352 COMBINED_0270
embedding 271/2352 COMBINED_0271
embedding 272/2352 COMBINED_0272
embedding 273/2352 COMBINED_0273
embedding 274/2352 COMBINED_0274
embedding 275/2352 COMBINED_0275
embedding 276/2352 COMBINED_0276
embedding 277/2352 COMBINED_0277
embedding 278/2352 COMBINED_0278
embedding 279/2352 COMBINED_0279
embedding 280/2352 COMBINED_0280
embedding 281/2352 COMBINED_0281
embedding 282/2352 COMBINED_0282
embedding 283/2352 COMBINED_0283
embedding 284/2352 COMBINED_0284
embedding 285/2352 COMBINED_0285
embedding 286/2352 COMBINED_0286
embedding 287/2352 COMBINED_0287
embedding 288/2352 COMBINED_0288
embedding 289/2352 COMBINED_0289
embedding 290/2352 COMBINED_0290
embedding 291/2352 COMBINED_0291
embedding 292/2352 COMBINED_0292
embedding 293/2352 COMBINED_0293
embedding 294/2352 COMBINED_0294
embedding 295/2352 COMBINED_0295
embedding 296/2352 COMBINED_0296
embedding 297/2352 COMBINED_0297
embedding 298/2352 COMBINED_0298
embedding 299/2352 COMBINED_0299
embedding 300/2352 COMBINED_0300
embedding 301/2352 COMBINED_0301
embedding 302/2352 COMBINED_0302
embedding 303/2352 COMBINED_0303
embedding 304/2352 COMBINED_0304
embedding 305/2352 COMBINED_0305
embedding 306/2352 COMBINED_0306
embedding 307/2352 COMBINED_0307
embedding 308/2352 COMBINED_0308
embedding 309/2352 COMBINED_0309
embedding 310/2352 COMBINED_0310
embedding 311/2352 COMBINED_0311
embedding 312/2352 COMBINED_0312
embedding 313/2352 COMBINED_0313
embedding 314/2352 COMBINED_0314
embedding 315/2352 COMBINED_0315
embedding 316/2352 COMBINED_0316
embedding 317/2352 COMBINED_0317
embedding 318/2352 COMBINED_0318
embedding 319/2352 COMBINED_0319
embedding 320/2352 COMBINED_0320
embedding 321/2352 COMBINED_0321
embedding 322/2352 COMBINED_0322
embedding 323/2352 COMBINED_0323
embedding 324/2352 COMBINED_0324
embedding 325/2352 COMBINED_0325
embedding 326/2352 COMBINED_0326
embedding 327/2352 COMBINED_0327
embedding 328/2352 COMBINED_0328
embedding 329/2352 COMBINED_0329
embedding 330/2352 COMBINED_0330
embedding 331/2352 COMBINED_0331
embedding 332/2352 COMBINED_0332
embedding 333/2352 COMBINED_0333
embedding 334/2352 COMBINED_0334
embedding 335/2352 COMBINED_0335
embedding 336/2352 COMBINED_0336
embedding 337/2352 COMBINED_0337
embedding 338/2352 COMBINED_0338
embedding 339/2352 COMBINED_0339
embedding 340/2352 COMBINED_0340
embedding 341/2352 COMBINED_0341
embedding 342/2352 COMBINED_0342
embedding 343/2352 COMBINED_0343
embedding 344/2352 COMBINED_0344
embedding 345/2352 COMBINED_0345
embedding 346/2352 COMBINED_0346
embedding 347/2352 COMBINED_0347
embedding 348/2352 COMBINED_0348
embedding 349/2352 COMBINED_0349
embedding 350/2352 COMBINED_0350
embedding 351/2352 COMBINED_0351
embedding 352/2352 COMBINED_0352
embedding 353/2352 COMBINED_0353
embedding 354/2352 COMBINED_0354
embedding 355/2352 COMBINED_0355
embedding 356/2352 COMBINED_0356
embedding 357/2352 COMBINED_0357
embedding 358/2352 COMBINED_0358
embedding 359/2352 COMBINED_0359
embedding 360/2352 COMBINED_0360
embedding 361/2352 COMBINED_0361
embedding 362/2352 COMBINED_0362
embedding 363/2352 COMBINED_0363
embedding 364/2352 COMBINED_0364
embedding 365/2352 COMBINED_0365
embedding 366/2352 COMBINED_0366
embedding 367/2352 COMBINED_0367
embedding 368/2352 COMBINED_0368
embedding 369/2352 COMBINED_0369
embedding 370/2352 COMBINED_0370
embedding 371/2352 COMBINED_0371
embedding 372/2352 COMBINED_0372
embedding 373/2352 COMBINED_0373
embedding 374/2352 COMBINED_0374
embedding 375/2352 COMBINED_0375
embedding 376/2352 COMBINED_0376
embedding 377/2352 COMBINED_0377
embedding 378/2352 COMBINED_0378
embedding 379/2352 COMBINED_0379
embedding 380/2352 COMBINED_0380
embedding 381/2352 COMBINED_0381
embedding 382/2352 COMBINED_0382
embedding 383/2352 COMBINED_0383
embedding 384/2352 COMBINED_0384
embedding 385/2352 COMBINED_0385
embedding 386/2352 COMBINED_0386
embedding 387/2352 COMBINED_0387
embedding 388/2352 COMBINED_0388
embedding 389/2352 COMBINED_0389
embedding 390/2352 COMBINED_0390
embedding 391/2352 COMBINED_0391
embedding 392/2352 COMBINED_0392
embedding 393/2352 COMBINED_0393
embedding 394/2352 COMBINED_0394
embedding 395/2352 COMBINED_0395
embedding 396/2352 COMBINED_0396
embedding 397/2352 COMBINED_0397
embedding 398/2352 COMBINED_0398
embedding 399/2352 COMBINED_0399
embedding 400/2352 COMBINED_0400
embedding 401/2352 COMBINED_0401
embedding 402/2352 COMBINED_0402
embedding 403/2352 COMBINED_0403
embedding 404/2352 COMBINED_0404
embedding 405/2352 COMBINED_0405
embedding 406/2352 COMBINED_0406
embedding 407/2352 COMBINED_0407
embedding 408/2352 COMBINED_0408
embedding 409/2352 COMBINED_0409
embedding 410/2352 COMBINED_0410
embedding 411/2352 COMBINED_0411
embedding 412/2352 COMBINED_0412
embedding 413/2352 COMBINED_0413
embedding 414/2352 COMBINED_0414
embedding 415/2352 COMBINED_0415
embedding 416/2352 COMBINED_0416
embedding 417/2352 COMBINED_0417
embedding 418/2352 COMBINED_0418
embedding 419/2352 COMBINED_0419
embedding 420/2352 COMBINED_0420
embedding 421/2352 COMBINED_0421
embedding 422/2352 COMBINED_0422
embedding 423/2352 COMBINED_0423
embedding 424/2352 COMBINED_0424
embedding 425/2352 COMBINED_0425
embedding 426/2352 COMBINED_0426
embedding 427/2352 COMBINED_0427
embedding 428/2352 COMBINED_0428
embedding 429/2352 COMBINED_0429
embedding 430/2352 COMBINED_0430
embedding 431/2352 COMBINED_0431
embedding 432/2352 COMBINED_0432
embedding 433/2352 COMBINED_0433
embedding 434/2352 COMBINED_0434
embedding 435/2352 COMBINED_0435
embedding 436/2352 COMBINED_0436
embedding 437/2352 COMBINED_0437
embedding 438/2352 COMBINED_0438
embedding 439/2352 COMBINED_0439
embedding 440/2352 COMBINED_0440
embedding 441/2352 COMBINED_0441
embedding 442/2352 COMBINED_0442
embedding 443/2352 COMBINED_0443
embedding 444/2352 COMBINED_0444
embedding 445/2352 COMBINED_0445
embedding 446/2352 COMBINED_0446
embedding 447/2352 COMBINED_0447
embedding 448/2352 COMBINED_0448
embedding 449/2352 COMBINED_0449
embedding 450/2352 COMBINED_0450
embedding 451/2352 COMBINED_0451
embedding 452/2352 COMBINED_0452
embedding 453/2352 COMBINED_0453
embedding 454/2352 COMBINED_0454
embedding 455/2352 COMBINED_0455
embedding 456/2352 COMBINED_0456
embedding 457/2352 COMBINED_0457
embedding 458/2352 COMBINED_0458
embedding 459/2352 COMBINED_0459
embedding 460/2352 COMBINED_0460
embedding 461/2352 COMBINED_0461
embedding 462/2352 COMBINED_0462
embedding 463/2352 COMBINED_0463
embedding 464/2352 COMBINED_0464
embedding 465/2352 COMBINED_0465
embedding 466/2352 COMBINED_0466
embedding 467/2352 COMBINED_0467
embedding 468/2352 COMBINED_0468
embedding 469/2352 COMBINED_0469
embedding 470/2352 COMBINED_0470
embedding 471/2352 COMBINED_0471
embedding 472/2352 COMBINED_0472
embedding 473/2352 COMBINED_0473
embedding 474/2352 COMBINED_0474
embedding 475/2352 COMBINED_0475
embedding 476/2352 COMBINED_0476
embedding 477/2352 COMBINED_0477
embedding 478/2352 COMBINED_0478
embedding 479/2352 COMBINED_0479
embedding 480/2352 COMBINED_0480
embedding 481/2352 COMBINED_0481
embedding 482/2352 COMBINED_0482
embedding 483/2352 COMBINED_0483
embedding 484/2352 COMBINED_0484
embedding 485/2352 COMBINED_0485
embedding 486/2352 COMBINED_0486
embedding 487/2352 COMBINED_0487
embedding 488/2352 COMBINED_0488
embedding 489/2352 COMBINED_0489
embedding 490/2352 COMBINED_0490
embedding 491/2352 COMBINED_0491
embedding 492/2352 COMBINED_0492
embedding 493/2352 COMBINED_0493
embedding 494/2352 COMBINED_0494
embedding 495/2352 COMBINED_0495
embedding 496/2352 COMBINED_0496
embedding 497/2352 COMBINED_0497
embedding 498/2352 COMBINED_0498
embedding 499/2352 COMBINED_0499
embedding 500/2352 COMBINED_0500
embedding 501/2352 COMBINED_0501
embedding 502/2352 COMBINED_0502
embedding 503/2352 COMBINED_0503
embedding 504/2352 COMBINED_0504
embedding 505/2352 COMBINED_0505
embedding 506/2352 COMBINED_0506
embedding 507/2352 COMBINED_0507
embedding 508/2352 COMBINED_0508
embedding 509/2352 COMBINED_0509
embedding 510/2352 COMBINED_0510
embedding 511/2352 COMBINED_0511
embedding 512/2352 COMBINED_0512
embedding 513/2352 COMBINED_0513
embedding 514/2352 COMBINED_0514
embedding 515/2352 COMBINED_0515
embedding 516/2352 COMBINED_0516
embedding 517/2352 COMBINED_0517
embedding 518/2352 COMBINED_0518
embedding 519/2352 COMBINED_0519
embedding 520/2352 COMBINED_0520
embedding 521/2352 COMBINED_0521
embedding 522/2352 COMBINED_0522
embedding 523/2352 COMBINED_0523
embedding 524/2352 COMBINED_0524
embedding 525/2352 COMBINED_0525
embedding 526/2352 COMBINED_0526
embedding 527/2352 COMBINED_0527
embedding 528/2352 COMBINED_0528
embedding 529/2352 COMBINED_0529
embedding 530/2352 COMBINED_0530
embedding 531/2352 COMBINED_0531
embedding 532/2352 COMBINED_0532
embedding 533/2352 COMBINED_0533
embedding 534/2352 COMBINED_0534
embedding 535/2352 COMBINED_0535
embedding 536/2352 COMBINED_0536
embedding 537/2352 COMBINED_0537
embedding 538/2352 COMBINED_0538
embedding 539/2352 COMBINED_0539
embedding 540/2352 COMBINED_0540
embedding 541/2352 COMBINED_0541
embedding 542/2352 COMBINED_0542
embedding 543/2352 COMBINED_0543
embedding 544/2352 COMBINED_0544
embedding 545/2352 COMBINED_0545
embedding 546/2352 COMBINED_0546
embedding 547/2352 COMBINED_0547
embedding 548/2352 COMBINED_0548
embedding 549/2352 COMBINED_0549
embedding 550/2352 COMBINED_0550
embedding 551/2352 COMBINED_0551
embedding 552/2352 COMBINED_0552
embedding 553/2352 COMBINED_0553
embedding 554/2352 COMBINED_0554
embedding 555/2352 COMBINED_0555
embedding 556/2352 COMBINED_0556
embedding 557/2352 COMBINED_0557
embedding 558/2352 COMBINED_0558
embedding 559/2352 COMBINED_0559
embedding 560/2352 COMBINED_0560
embedding 561/2352 COMBINED_0561
embedding 562/2352 COMBINED_0562
embedding 563/2352 COMBINED_0563
embedding 564/2352 COMBINED_0564
embedding 565/2352 COMBINED_0565
embedding 566/2352 COMBINED_0566
embedding 567/2352 COMBINED_0567
embedding 568/2352 COMBINED_0568
embedding 569/2352 COMBINED_0569
embedding 570/2352 COMBINED_0570
embedding 571/2352 COMBINED_0571
embedding 572/2352 COMBINED_0572
embedding 573/2352 COMBINED_0573
embedding 574/2352 COMBINED_0574
embedding 575/2352 COMBINED_0575
embedding 576/2352 COMBINED_0576
embedding 577/2352 COMBINED_0577
embedding 578/2352 COMBINED_0578
embedding 579/2352 COMBINED_0579
embedding 580/2352 COMBINED_0580
embedding 581/2352 COMBINED_0581
embedding 582/2352 COMBINED_0582
embedding 583/2352 COMBINED_0583
embedding 584/2352 COMBINED_0584
embedding 585/2352 COMBINED_0585
embedding 586/2352 COMBINED_0586
embedding 587/2352 COMBINED_0587
embedding 588/2352 COMBINED_0588
embedding 589/2352 COMBINED_0589
embedding 590/2352 COMBINED_0590
embedding 591/2352 COMBINED_0591
embedding 592/2352 COMBINED_0592
embedding 593/2352 COMBINED_0593
embedding 594/2352 COMBINED_0594
embedding 595/2352 COMBINED_0595
embedding 596/2352 COMBINED_0596
embedding 597/2352 COMBINED_0597
embedding 598/2352 COMBINED_0598
embedding 599/2352 COMBINED_0599
embedding 600/2352 COMBINED_0600
embedding 601/2352 COMBINED_0601
embedding 602/2352 COMBINED_0602
embedding 603/2352 COMBINED_0603
embedding 604/2352 COMBINED_0604
embedding 605/2352 COMBINED_0605
embedding 606/2352 COMBINED_0606
embedding 607/2352 COMBINED_0607
embedding 608/2352 COMBINED_0608
embedding 609/2352 COMBINED_0609
embedding 610/2352 COMBINED_0610
embedding 611/2352 COMBINED_0611
embedding 612/2352 COMBINED_0612
embedding 613/2352 COMBINED_0613
embedding 614/2352 COMBINED_0614
embedding 615/2352 COMBINED_0615
embedding 616/2352 COMBINED_0616
embedding 617/2352 COMBINED_0617
embedding 618/2352 COMBINED_0618
embedding 619/2352 COMBINED_0619
embedding 620/2352 COMBINED_0620
embedding 621/2352 COMBINED_0621
embedding 622/2352 COMBINED_0622
embedding 623/2352 COMBINED_0623
embedding 624/2352 COMBINED_0624
embedding 625/2352 COMBINED_0625
embedding 626/2352 COMBINED_0626
embedding 627/2352 COMBINED_0627
embedding 628/2352 COMBINED_0628
embedding 629/2352 COMBINED_0629
embedding 630/2352 COMBINED_0630
embedding 631/2352 COMBINED_0631
embedding 632/2352 COMBINED_0632
embedding 633/2352 COMBINED_0633
embedding 634/2352 COMBINED_0634
embedding 635/2352 COMBINED_0635
embedding 636/2352 COMBINED_0636
embedding 637/2352 COMBINED_0637
embedding 638/2352 COMBINED_0638
embedding 639/2352 COMBINED_0639
embedding 640/2352 COMBINED_0640
embedding 641/2352 COMBINED_0641
embedding 642/2352 COMBINED_0642
embedding 643/2352 COMBINED_0643
embedding 644/2352 COMBINED_0644
embedding 645/2352 COMBINED_0645
embedding 646/2352 COMBINED_0646
embedding 647/2352 COMBINED_0647
embedding 648/2352 COMBINED_0648
embedding 649/2352 COMBINED_0649
embedding 650/2352 COMBINED_0650
embedding 651/2352 COMBINED_0651
embedding 652/2352 COMBINED_0652
embedding 653/2352 COMBINED_0653
embedding 654/2352 COMBINED_0654
embedding 655/2352 COMBINED_0655
embedding 656/2352 COMBINED_0656
embedding 657/2352 COMBINED_0657
embedding 658/2352 COMBINED_0658
embedding 659/2352 COMBINED_0659
embedding 660/2352 COMBINED_0660
embedding 661/2352 COMBINED_0661
embedding 662/2352 COMBINED_0662
embedding 663/2352 COMBINED_0663
embedding 664/2352 COMBINED_0664
embedding 665/2352 COMBINED_0665
embedding 666/2352 COMBINED_0666
embedding 667/2352 COMBINED_0667
embedding 668/2352 COMBINED_0668
embedding 669/2352 COMBINED_0669
embedding 670/2352 COMBINED_0670
embedding 671/2352 COMBINED_0671
embedding 672/2352 COMBINED_0672
embedding 673/2352 COMBINED_0673
embedding 674/2352 COMBINED_0674
embedding 675/2352 COMBINED_0675
embedding 676/2352 COMBINED_0676
embedding 677/2352 COMBINED_0677
embedding 678/2352 COMBINED_0678
embedding 679/2352 COMBINED_0679
embedding 680/2352 COMBINED_0680
embedding 681/2352 COMBINED_0681
embedding 682/2352 COMBINED_0682
embedding 683/2352 COMBINED_0683
embedding 684/2352 COMBINED_0684
embedding 685/2352 COMBINED_0685
embedding 686/2352 COMBINED_0686
embedding 687/2352 COMBINED_0687
embedding 688/2352 COMBINED_0688
embedding 689/2352 COMBINED_0689
embedding 690/2352 COMBINED_0690
embedding 691/2352 COMBINED_0691
embedding 692/2352 COMBINED_0692
embedding 693/2352 COMBINED_0693
embedding 694/2352 COMBINED_0694
embedding 695/2352 COMBINED_0695
embedding 696/2352 COMBINED_0696
embedding 697/2352 COMBINED_0697
embedding 698/2352 COMBINED_0698
embedding 699/2352 COMBINED_0699
embedding 700/2352 COMBINED_0700
embedding 701/2352 COMBINED_0701
embedding 702/2352 COMBINED_0702
embedding 703/2352 COMBINED_0703
embedding 704/2352 COMBINED_0704
embedding 705/2352 COMBINED_0705
embedding 706/2352 COMBINED_0706
embedding 707/2352 COMBINED_0707
embedding 708/2352 COMBINED_0708
embedding 709/2352 COMBINED_0709
embedding 710/2352 COMBINED_0710
embedding 711/2352 COMBINED_0711
embedding 712/2352 COMBINED_0712
embedding 713/2352 COMBINED_0713
embedding 714/2352 COMBINED_0714
embedding 715/2352 COMBINED_0715
embedding 716/2352 COMBINED_0716
embedding 717/2352 COMBINED_0717
embedding 718/2352 COMBINED_0718
embedding 719/2352 COMBINED_0719
embedding 720/2352 COMBINED_0720
embedding 721/2352 COMBINED_0721
embedding 722/2352 COMBINED_0722
embedding 723/2352 COMBINED_0723
embedding 724/2352 COMBINED_0724
embedding 725/2352 COMBINED_0725
embedding 726/2352 COMBINED_0726
embedding 727/2352 COMBINED_0727
embedding 728/2352 COMBINED_0728
embedding 729/2352 COMBINED_0729
embedding 730/2352 COMBINED_0730
embedding 731/2352 COMBINED_0731
embedding 732/2352 COMBINED_0732
embedding 733/2352 COMBINED_0733
embedding 734/2352 COMBINED_0734
embedding 735/2352 COMBINED_0735
embedding 736/2352 COMBINED_0736
embedding 737/2352 COMBINED_0737
embedding 738/2352 COMBINED_0738
embedding 739/2352 COMBINED_0739
embedding 740/2352 COMBINED_0740
embedding 741/2352 COMBINED_0741
embedding 742/2352 COMBINED_0742
embedding 743/2352 COMBINED_0743
embedding 744/2352 COMBINED_0744
embedding 745/2352 COMBINED_0745
embedding 746/2352 COMBINED_0746
embedding 747/2352 COMBINED_0747
embedding 748/2352 COMBINED_0748
embedding 749/2352 COMBINED_0749
embedding 750/2352 COMBINED_0750
embedding 751/2352 COMBINED_0751
embedding 752/2352 COMBINED_0752
embedding 753/2352 COMBINED_0753
embedding 754/2352 COMBINED_0754
embedding 755/2352 COMBINED_0755
embedding 756/2352 COMBINED_0756
embedding 757/2352 COMBINED_0757
embedding 758/2352 COMBINED_0758
embedding 759/2352 COMBINED_0759
embedding 760/2352 COMBINED_0760
embedding 761/2352 COMBINED_0761
embedding 762/2352 COMBINED_0762
embedding 763/2352 COMBINED_0763
embedding 764/2352 COMBINED_0764
embedding 765/2352 COMBINED_0765
embedding 766/2352 COMBINED_0766
embedding 767/2352 COMBINED_0767
embedding 768/2352 COMBINED_0768
embedding 769/2352 COMBINED_0769
embedding 770/2352 COMBINED_0770
embedding 771/2352 COMBINED_0771
embedding 772/2352 COMBINED_0772
embedding 773/2352 COMBINED_0773
embedding 774/2352 COMBINED_0774
embedding 775/2352 COMBINED_0775
embedding 776/2352 COMBINED_0776
embedding 777/2352 COMBINED_0777
embedding 778/2352 COMBINED_0778
embedding 779/2352 COMBINED_0779
embedding 780/2352 COMBINED_0780
embedding 781/2352 COMBINED_0781
embedding 782/2352 COMBINED_0782
embedding 783/2352 COMBINED_0783
embedding 784/2352 COMBINED_0784
embedding 785/2352 COMBINED_0785
embedding 786/2352 COMBINED_0786
embedding 787/2352 COMBINED_0787
embedding 788/2352 COMBINED_0788
embedding 789/2352 COMBINED_0789
embedding 790/2352 COMBINED_0790
embedding 791/2352 COMBINED_0791
embedding 792/2352 COMBINED_0792
embedding 793/2352 COMBINED_0793
embedding 794/2352 COMBINED_0794
embedding 795/2352 COMBINED_0795
embedding 796/2352 COMBINED_0796
embedding 797/2352 COMBINED_0797
embedding 798/2352 COMBINED_0798
embedding 799/2352 COMBINED_0799
embedding 800/2352 COMBINED_0800
embedding 801/2352 COMBINED_0801
embedding 802/2352 COMBINED_0802
embedding 803/2352 COMBINED_0803
embedding 804/2352 COMBINED_0804
embedding 805/2352 COMBINED_0805
embedding 806/2352 COMBINED_0806
embedding 807/2352 COMBINED_0807
embedding 808/2352 COMBINED_0808
embedding 809/2352 COMBINED_0809
embedding 810/2352 COMBINED_0810
embedding 811/2352 COMBINED_0811
embedding 812/2352 COMBINED_0812
embedding 813/2352 COMBINED_0813
embedding 814/2352 COMBINED_0814
embedding 815/2352 COMBINED_0815
embedding 816/2352 COMBINED_0816
embedding 817/2352 COMBINED_0817
embedding 818/2352 COMBINED_0818
embedding 819/2352 COMBINED_0819
embedding 820/2352 COMBINED_0820
embedding 821/2352 COMBINED_0821
embedding 822/2352 COMBINED_0822
embedding 823/2352 COMBINED_0823
embedding 824/2352 COMBINED_0824
embedding 825/2352 COMBINED_0825
embedding 826/2352 COMBINED_0826
embedding 827/2352 COMBINED_0827
embedding 828/2352 COMBINED_0828
embedding 829/2352 COMBINED_0829
embedding 830/2352 COMBINED_0830
embedding 831/2352 COMBINED_0831
embedding 832/2352 COMBINED_0832
embedding 833/2352 COMBINED_0833
embedding 834/2352 COMBINED_0834
embedding 835/2352 COMBINED_0835
embedding 836/2352 COMBINED_0836
embedding 837/2352 COMBINED_0837
embedding 838/2352 COMBINED_0838
embedding 839/2352 COMBINED_0839
embedding 840/2352 COMBINED_0840
embedding 841/2352 COMBINED_0841
embedding 842/2352 COMBINED_0842
embedding 843/2352 COMBINED_0843
embedding 844/2352 COMBINED_0844
embedding 845/2352 COMBINED_0845
embedding 846/2352 COMBINED_0846
embedding 847/2352 COMBINED_0847
embedding 848/2352 COMBINED_0848
embedding 849/2352 COMBINED_0849
embedding 850/2352 COMBINED_0850
embedding 851/2352 COMBINED_0851
embedding 852/2352 COMBINED_0852
embedding 853/2352 COMBINED_0853
embedding 854/2352 COMBINED_0854
embedding 855/2352 COMBINED_0855
embedding 856/2352 COMBINED_0856
embedding 857/2352 COMBINED_0857
embedding 858/2352 COMBINED_0858
embedding 859/2352 COMBINED_0859
embedding 860/2352 COMBINED_0860
embedding 861/2352 COMBINED_0861
embedding 862/2352 COMBINED_0862
embedding 863/2352 COMBINED_0863
embedding 864/2352 COMBINED_0864
embedding 865/2352 COMBINED_0865
embedding 866/2352 COMBINED_0866
embedding 867/2352 COMBINED_0867
embedding 868/2352 COMBINED_0868
embedding 869/2352 COMBINED_0869
embedding 870/2352 COMBINED_0870
embedding 871/2352 COMBINED_0871
embedding 872/2352 COMBINED_0872
embedding 873/2352 COMBINED_0873
embedding 874/2352 COMBINED_0874
embedding 875/2352 COMBINED_0875
embedding 876/2352 COMBINED_0876
embedding 877/2352 COMBINED_0877
embedding 878/2352 COMBINED_0878
embedding 879/2352 COMBINED_0879
embedding 880/2352 COMBINED_0880
embedding 881/2352 COMBINED_0881
embedding 882/2352 COMBINED_0882
embedding 883/2352 COMBINED_0883
embedding 884/2352 COMBINED_0884
embedding 885/2352 COMBINED_0885
embedding 886/2352 COMBINED_0886
embedding 887/2352 COMBINED_0887
embedding 888/2352 COMBINED_0888
embedding 889/2352 COMBINED_0889
embedding 890/2352 COMBINED_0890
embedding 891/2352 COMBINED_0891
embedding 892/2352 COMBINED_0892
embedding 893/2352 COMBINED_0893
embedding 894/2352 COMBINED_0894
embedding 895/2352 COMBINED_0895
embedding 896/2352 COMBINED_0896
embedding 897/2352 COMBINED_0897
embedding 898/2352 COMBINED_0898
embedding 899/2352 COMBINED_0899
embedding 900/2352 COMBINED_0900
embedding 901/2352 COMBINED_0901
embedding 902/2352 COMBINED_0902
embedding 903/2352 COMBINED_0903
embedding 904/2352 COMBINED_0904
embedding 905/2352 COMBINED_0905
embedding 906/2352 COMBINED_0906
embedding 907/2352 COMBINED_0907
embedding 908/2352 COMBINED_0908
embedding 909/2352 COMBINED_0909
embedding 910/2352 COMBINED_0910
embedding 911/2352 COMBINED_0911
embedding 912/2352 COMBINED_0912
embedding 913/2352 COMBINED_0913
embedding 914/2352 COMBINED_0914
embedding 915/2352 COMBINED_0915
embedding 916/2352 COMBINED_0916
embedding 917/2352 COMBINED_0917
embedding 918/2352 COMBINED_0918
embedding 919/2352 COMBINED_0919
embedding 920/2352 COMBINED_0920
embedding 921/2352 COMBINED_0921
embedding 922/2352 COMBINED_0922
embedding 923/2352 COMBINED_0923
embedding 924/2352 COMBINED_0924
embedding 925/2352 COMBINED_0925
embedding 926/2352 COMBINED_0926
embedding 927/2352 COMBINED_0927
embedding 928/2352 COMBINED_0928
embedding 929/2352 COMBINED_0929
embedding 930/2352 COMBINED_0930
embedding 931/2352 COMBINED_0931
embedding 932/2352 COMBINED_0932
embedding 933/2352 COMBINED_0933
embedding 934/2352 COMBINED_0934
embedding 935/2352 COMBINED_0935
embedding 936/2352 COMBINED_0936
embedding 937/2352 COMBINED_0937
embedding 938/2352 COMBINED_0938
embedding 939/2352 COMBINED_0939
embedding 940/2352 COMBINED_0940
embedding 941/2352 COMBINED_0941
embedding 942/2352 COMBINED_0942
embedding 943/2352 COMBINED_0943
embedding 944/2352 COMBINED_0944
embedding 945/2352 COMBINED_0945
embedding 946/2352 COMBINED_0946
embedding 947/2352 COMBINED_0947
embedding 948/2352 COMBINED_0948
embedding 949/2352 COMBINED_0949
embedding 950/2352 COMBINED_0950
embedding 951/2352 COMBINED_0951
embedding 952/2352 COMBINED_0952
embedding 953/2352 COMBINED_0953
embedding 954/2352 COMBINED_0954
embedding 955/2352 COMBINED_0955
embedding 956/2352 COMBINED_0956
embedding 957/2352 COMBINED_0957
embedding 958/2352 COMBINED_0958
embedding 959/2352 COMBINED_0959
embedding 960/2352 COMBINED_0960
embedding 961/2352 COMBINED_0961
embedding 962/2352 COMBINED_0962
embedding 963/2352 COMBINED_0963
embedding 964/2352 COMBINED_0964
embedding 965/2352 COMBINED_0965
embedding 966/2352 COMBINED_0966
embedding 967/2352 COMBINED_0967
embedding 968/2352 COMBINED_0968
embedding 969/2352 COMBINED_0969
embedding 970/2352 COMBINED_0970
embedding 971/2352 COMBINED_0971
embedding 972/2352 COMBINED_0972
embedding 973/2352 COMBINED_0973
embedding 974/2352 COMBINED_0974
embedding 975/2352 COMBINED_0975
embedding 976/2352 COMBINED_0976
embedding 977/2352 COMBINED_0977
embedding 978/2352 COMBINED_0978
embedding 979/2352 COMBINED_0979
embedding 980/2352 COMBINED_0980
embedding 981/2352 COMBINED_0981
embedding 982/2352 COMBINED_0982
embedding 983/2352 COMBINED_0983
embedding 984/2352 COMBINED_0984
embedding 985/2352 COMBINED_0985
embedding 986/2352 COMBINED_0986
embedding 987/2352 COMBINED_0987
embedding 988/2352 COMBINED_0988
embedding 989/2352 COMBINED_0989
embedding 990/2352 COMBINED_0990
embedding 991/2352 COMBINED_0991
embedding 992/2352 COMBINED_0992
embedding 993/2352 COMBINED_0993
embedding 994/2352 COMBINED_0994
embedding 995/2352 COMBINED_0995
embedding 996/2352 COMBINED_0996
embedding 997/2352 COMBINED_0997
embedding 998/2352 COMBINED_0998
embedding 999/2352 COMBINED_0999
embedding 1000/2352 COMBINED_1000
embedding 1001/2352 COMBINED_1001
embedding 1002/2352 COMBINED_1002
embedding 1003/2352 COMBINED_1003
embedding 1004/2352 COMBINED_1004
embedding 1005/2352 COMBINED_1005
embedding 1006/2352 COMBINED_1006
embedding 1007/2352 COMBINED_1007
embedding 1008/2352 COMBINED_1008
embedding 1009/2352 COMBINED_1009
embedding 1010/2352 COMBINED_1010
embedding 1011/2352 COMBINED_1011
embedding 1012/2352 COMBINED_1012
embedding 1013/2352 COMBINED_1013
embedding 1014/2352 COMBINED_1014
embedding 1015/2352 COMBINED_1015
embedding 1016/2352 COMBINED_1016
embedding 1017/2352 COMBINED_1017
embedding 1018/2352 COMBINED_1018
embedding 1019/2352 COMBINED_1019
embedding 1020/2352 COMBINED_1020
embedding 1021/2352 COMBINED_1021
embedding 1022/2352 COMBINED_1022
embedding 1023/2352 COMBINED_1023
embedding 1024/2352 COMBINED_1024
embedding 1025/2352 COMBINED_1025
embedding 1026/2352 COMBINED_1026
embedding 1027/2352 COMBINED_1027
embedding 1028/2352 COMBINED_1028
embedding 1029/2352 COMBINED_1029
embedding 1030/2352 COMBINED_1030
embedding 1031/2352 COMBINED_1031
embedding 1032/2352 COMBINED_1032
embedding 1033/2352 COMBINED_1033
embedding 1034/2352 COMBINED_1034
embedding 1035/2352 COMBINED_1035
embedding 1036/2352 COMBINED_1036
embedding 1037/2352 COMBINED_1037
embedding 1038/2352 COMBINED_1038
embedding 1039/2352 COMBINED_1039
embedding 1040/2352 COMBINED_1040
embedding 1041/2352 COMBINED_1041
embedding 1042/2352 COMBINED_1042
embedding 1043/2352 COMBINED_1043
embedding 1044/2352 COMBINED_1044
embedding 1045/2352 COMBINED_1045
embedding 1046/2352 COMBINED_1046
embedding 1047/2352 COMBINED_1047
embedding 1048/2352 COMBINED_1048
embedding 1049/2352 COMBINED_1049
embedding 1050/2352 COMBINED_1050
embedding 1051/2352 COMBINED_1051
embedding 1052/2352 COMBINED_1052
embedding 1053/2352 COMBINED_1053
embedding 1054/2352 COMBINED_1054
embedding 1055/2352 COMBINED_1055
embedding 1056/2352 COMBINED_1056
embedding 1057/2352 COMBINED_1057
embedding 1058/2352 COMBINED_1058
embedding 1059/2352 COMBINED_1059
embedding 1060/2352 COMBINED_1060
embedding 1061/2352 COMBINED_1061
embedding 1062/2352 COMBINED_1062
embedding 1063/2352 COMBINED_1063
embedding 1064/2352 COMBINED_1064
embedding 1065/2352 COMBINED_1065
embedding 1066/2352 COMBINED_1066
embedding 1067/2352 COMBINED_1067
embedding 1068/2352 COMBINED_1068
embedding 1069/2352 COMBINED_1069
embedding 1070/2352 COMBINED_1070
embedding 1071/2352 COMBINED_1071
embedding 1072/2352 COMBINED_1072
embedding 1073/2352 COMBINED_1073
embedding 1074/2352 COMBINED_1074
embedding 1075/2352 COMBINED_1075
embedding 1076/2352 COMBINED_1076
embedding 1077/2352 COMBINED_1077
embedding 1078/2352 COMBINED_1078
embedding 1079/2352 COMBINED_1079
embedding 1080/2352 COMBINED_1080
embedding 1081/2352 COMBINED_1081
embedding 1082/2352 COMBINED_1082
embedding 1083/2352 COMBINED_1083
embedding 1084/2352 COMBINED_1084
embedding 1085/2352 COMBINED_1085
embedding 1086/2352 COMBINED_1086
embedding 1087/2352 COMBINED_1087
embedding 1088/2352 COMBINED_1088
embedding 1089/2352 COMBINED_1089
embedding 1090/2352 COMBINED_1090
embedding 1091/2352 COMBINED_1091
embedding 1092/2352 COMBINED_1092
embedding 1093/2352 COMBINED_1093
embedding 1094/2352 COMBINED_1094
embedding 1095/2352 COMBINED_1095
embedding 1096/2352 COMBINED_1096
embedding 1097/2352 COMBINED_1097
embedding 1098/2352 COMBINED_1098
embedding 1099/2352 COMBINED_1099
embedding 1100/2352 COMBINED_1100
embedding 1101/2352 COMBINED_1101
embedding 1102/2352 COMBINED_1102
embedding 1103/2352 COMBINED_1103
embedding 1104/2352 COMBINED_1104
embedding 1105/2352 COMBINED_1105
embedding 1106/2352 COMBINED_1106
embedding 1107/2352 COMBINED_1107
embedding 1108/2352 COMBINED_1108
embedding 1109/2352 COMBINED_1109
embedding 1110/2352 COMBINED_1110
embedding 1111/2352 COMBINED_1111
embedding 1112/2352 COMBINED_1112
embedding 1113/2352 COMBINED_1113
embedding 1114/2352 COMBINED_1114
embedding 1115/2352 COMBINED_1115
embedding 1116/2352 COMBINED_1116
embedding 1117/2352 COMBINED_1117
embedding 1118/2352 COMBINED_1118
embedding 1119/2352 COMBINED_1119
embedding 1120/2352 COMBINED_1120
embedding 1121/2352 COMBINED_1121
embedding 1122/2352 COMBINED_1122
embedding 1123/2352 COMBINED_1123
embedding 1124/2352 COMBINED_1124
embedding 1125/2352 COMBINED_1125
embedding 1126/2352 COMBINED_1126
embedding 1127/2352 COMBINED_1127
embedding 1128/2352 COMBINED_1128
embedding 1129/2352 COMBINED_1129
embedding 1130/2352 COMBINED_1130
embedding 1131/2352 COMBINED_1131
embedding 1132/2352 COMBINED_1132
embedding 1133/2352 COMBINED_1133
embedding 1134/2352 COMBINED_1134
embedding 1135/2352 COMBINED_1135
embedding 1136/2352 COMBINED_1136
embedding 1137/2352 COMBINED_1137
embedding 1138/2352 COMBINED_1138
embedding 1139/2352 COMBINED_1139
embedding 1140/2352 COMBINED_1140
embedding 1141/2352 COMBINED_1141
embedding 1142/2352 COMBINED_1142
embedding 1143/2352 COMBINED_1143
embedding 1144/2352 COMBINED_1144
embedding 1145/2352 COMBINED_1145
embedding 1146/2352 COMBINED_1146
embedding 1147/2352 COMBINED_1147
embedding 1148/2352 COMBINED_1148
embedding 1149/2352 COMBINED_1149
embedding 1150/2352 COMBINED_1150
embedding 1151/2352 COMBINED_1151
embedding 1152/2352 COMBINED_1152
embedding 1153/2352 COMBINED_1153
embedding 1154/2352 COMBINED_1154
embedding 1155/2352 COMBINED_1155
embedding 1156/2352 COMBINED_1156
embedding 1157/2352 COMBINED_1157
embedding 1158/2352 COMBINED_1158
embedding 1159/2352 COMBINED_1159
embedding 1160/2352 COMBINED_1160
embedding 1161/2352 COMBINED_1161
embedding 1162/2352 COMBINED_1162
embedding 1163/2352 COMBINED_1163
embedding 1164/2352 COMBINED_1164
embedding 1165/2352 COMBINED_1165
embedding 1166/2352 COMBINED_1166
embedding 1167/2352 COMBINED_1167
embedding 1168/2352 COMBINED_1168
embedding 1169/2352 COMBINED_1169
embedding 1170/2352 COMBINED_1170
embedding 1171/2352 COMBINED_1171
embedding 1172/2352 COMBINED_1172
embedding 1173/2352 COMBINED_1173
embedding 1174/2352 COMBINED_1174
embedding 1175/2352 COMBINED_1175
embedding 1176/2352 COMBINED_1176
embedding 1177/2352 COMBINED_1177
embedding 1178/2352 COMBINED_1178
embedding 1179/2352 COMBINED_1179
embedding 1180/2352 COMBINED_1180
embedding 1181/2352 COMBINED_1181
embedding 1182/2352 COMBINED_1182
embedding 1183/2352 COMBINED_1183
embedding 1184/2352 COMBINED_1184
embedding 1185/2352 COMBINED_1185
embedding 1186/2352 COMBINED_1186
embedding 1187/2352 COMBINED_1187
embedding 1188/2352 COMBINED_1188
embedding 1189/2352 COMBINED_1189
embedding 1190/2352 COMBINED_1190
embedding 1191/2352 COMBINED_1191
embedding 1192/2352 COMBINED_1192
embedding 1193/2352 COMBINED_1193
embedding 1194/2352 COMBINED_1194
embedding 1195/2352 COMBINED_1195
embedding 1196/2352 COMBINED_1196
embedding 1197/2352 COMBINED_1197
embedding 1198/2352 COMBINED_1198
embedding 1199/2352 COMBINED_1199
embedding 1200/2352 COMBINED_1200
embedding 1201/2352 COMBINED_1201
embedding 1202/2352 COMBINED_1202
embedding 1203/2352 COMBINED_1203
embedding 1204/2352 COMBINED_1204
embedding 1205/2352 COMBINED_1205
embedding 1206/2352 COMBINED_1206
embedding 1207/2352 COMBINED_1207
embedding 1208/2352 COMBINED_1208
embedding 1209/2352 COMBINED_1209
embedding 1210/2352 COMBINED_1210
embedding 1211/2352 COMBINED_1211
embedding 1212/2352 COMBINED_1212
embedding 1213/2352 COMBINED_1213
embedding 1214/2352 COMBINED_1214
embedding 1215/2352 COMBINED_1215
embedding 1216/2352 COMBINED_1216
embedding 1217/2352 COMBINED_1217
embedding 1218/2352 COMBINED_1218
embedding 1219/2352 COMBINED_1219
embedding 1220/2352 COMBINED_1220
embedding 1221/2352 COMBINED_1221
embedding 1222/2352 COMBINED_1222
embedding 1223/2352 COMBINED_1223
embedding 1224/2352 COMBINED_1224
embedding 1225/2352 COMBINED_1225
embedding 1226/2352 COMBINED_1226
embedding 1227/2352 COMBINED_1227
embedding 1228/2352 COMBINED_1228
embedding 1229/2352 COMBINED_1229
embedding 1230/2352 COMBINED_1230
embedding 1231/2352 COMBINED_1231
embedding 1232/2352 COMBINED_1232
embedding 1233/2352 COMBINED_1233
embedding 1234/2352 COMBINED_1234
embedding 1235/2352 COMBINED_1235
embedding 1236/2352 COMBINED_1236
embedding 1237/2352 COMBINED_1237
embedding 1238/2352 COMBINED_1238
embedding 1239/2352 COMBINED_1239
embedding 1240/2352 COMBINED_1240
embedding 1241/2352 COMBINED_1241
embedding 1242/2352 COMBINED_1242
embedding 1243/2352 COMBINED_1243
embedding 1244/2352 COMBINED_1244
embedding 1245/2352 COMBINED_1245
embedding 1246/2352 COMBINED_1246
embedding 1247/2352 COMBINED_1247
embedding 1248/2352 COMBINED_1248
embedding 1249/2352 COMBINED_1249
embedding 1250/2352 COMBINED_1250
embedding 1251/2352 COMBINED_1251
embedding 1252/2352 COMBINED_1252
embedding 1253/2352 COMBINED_1253
embedding 1254/2352 COMBINED_1254
embedding 1255/2352 COMBINED_1255
embedding 1256/2352 COMBINED_1256
embedding 1257/2352 COMBINED_1257
embedding 1258/2352 COMBINED_1258
embedding 1259/2352 COMBINED_1259
embedding 1260/2352 COMBINED_1260
embedding 1261/2352 COMBINED_1261
embedding 1262/2352 COMBINED_1262
embedding 1263/2352 COMBINED_1263
embedding 1264/2352 COMBINED_1264
embedding 1265/2352 COMBINED_1265
embedding 1266/2352 COMBINED_1266
embedding 1267/2352 COMBINED_1267
embedding 1268/2352 COMBINED_1268
embedding 1269/2352 COMBINED_1269
embedding 1270/2352 COMBINED_1270
embedding 1271/2352 COMBINED_1271
embedding 1272/2352 COMBINED_1272
embedding 1273/2352 COMBINED_1273
embedding 1274/2352 COMBINED_1274
embedding 1275/2352 COMBINED_1275
embedding 1276/2352 COMBINED_1276
embedding 1277/2352 COMBINED_1277
embedding 1278/2352 COMBINED_1278
embedding 1279/2352 COMBINED_1279
embedding 1280/2352 COMBINED_1280
embedding 1281/2352 COMBINED_1281
embedding 1282/2352 COMBINED_1282
embedding 1283/2352 COMBINED_1283
embedding 1284/2352 COMBINED_1284
embedding 1285/2352 COMBINED_1285
embedding 1286/2352 COMBINED_1286
embedding 1287/2352 COMBINED_1287
embedding 1288/2352 COMBINED_1288
embedding 1289/2352 COMBINED_1289
embedding 1290/2352 COMBINED_1290
embedding 1291/2352 COMBINED_1291
embedding 1292/2352 COMBINED_1292
embedding 1293/2352 COMBINED_1293
embedding 1294/2352 COMBINED_1294
embedding 1295/2352 COMBINED_1295
embedding 1296/2352 COMBINED_1296
embedding 1297/2352 COMBINED_1297
embedding 1298/2352 COMBINED_1298
embedding 1299/2352 COMBINED_1299
embedding 1300/2352 COMBINED_1300
embedding 1301/2352 COMBINED_1301
embedding 1302/2352 COMBINED_1302
embedding 1303/2352 COMBINED_1303
embedding 1304/2352 COMBINED_1304
embedding 1305/2352 COMBINED_1305
embedding 1306/2352 COMBINED_1306
embedding 1307/2352 COMBINED_1307
embedding 1308/2352 COMBINED_1308
embedding 1309/2352 COMBINED_1309
embedding 1310/2352 COMBINED_1310
embedding 1311/2352 COMBINED_1311
embedding 1312/2352 COMBINED_1312
embedding 1313/2352 COMBINED_1313
embedding 1314/2352 COMBINED_1314
embedding 1315/2352 COMBINED_1315
embedding 1316/2352 COMBINED_1316
embedding 1317/2352 COMBINED_1317
embedding 1318/2352 COMBINED_1318
embedding 1319/2352 COMBINED_1319
embedding 1320/2352 COMBINED_1320
embedding 1321/2352 COMBINED_1321
embedding 1322/2352 COMBINED_1322
embedding 1323/2352 COMBINED_1323
embedding 1324/2352 COMBINED_1324
embedding 1325/2352 COMBINED_1325
embedding 1326/2352 COMBINED_1326
embedding 1327/2352 COMBINED_1327
embedding 1328/2352 COMBINED_1328
embedding 1329/2352 COMBINED_1329
embedding 1330/2352 COMBINED_1330
embedding 1331/2352 COMBINED_1331
embedding 1332/2352 COMBINED_1332
embedding 1333/2352 COMBINED_1333
embedding 1334/2352 COMBINED_1334
embedding 1335/2352 COMBINED_1335
embedding 1336/2352 COMBINED_1336
embedding 1337/2352 COMBINED_1337
embedding 1338/2352 COMBINED_1338
embedding 1339/2352 COMBINED_1339
embedding 1340/2352 COMBINED_1340
embedding 1341/2352 COMBINED_1341
embedding 1342/2352 COMBINED_1342
embedding 1343/2352 COMBINED_1343
embedding 1344/2352 COMBINED_1344
embedding 1345/2352 COMBINED_1345
embedding 1346/2352 COMBINED_1346
embedding 1347/2352 COMBINED_1347
embedding 1348/2352 COMBINED_1348
embedding 1349/2352 COMBINED_1349
embedding 1350/2352 COMBINED_1350
embedding 1351/2352 COMBINED_1351
embedding 1352/2352 COMBINED_1352
embedding 1353/2352 COMBINED_1353
embedding 1354/2352 COMBINED_1354
embedding 1355/2352 COMBINED_1355
embedding 1356/2352 COMBINED_1356
embedding 1357/2352 COMBINED_1357
embedding 1358/2352 COMBINED_1358
embedding 1359/2352 COMBINED_1359
embedding 1360/2352 COMBINED_1360
embedding 1361/2352 COMBINED_1361
embedding 1362/2352 COMBINED_1362
embedding 1363/2352 COMBINED_1363
embedding 1364/2352 COMBINED_1364
embedding 1365/2352 COMBINED_1365
embedding 1366/2352 COMBINED_1366
embedding 1367/2352 COMBINED_1367
embedding 1368/2352 COMBINED_1368
embedding 1369/2352 COMBINED_1369
embedding 1370/2352 COMBINED_1370
embedding 1371/2352 COMBINED_1371
embedding 1372/2352 COMBINED_1372
embedding 1373/2352 COMBINED_1373
embedding 1374/2352 COMBINED_1374
embedding 1375/2352 COMBINED_1375
embedding 1376/2352 COMBINED_1376
embedding 1377/2352 COMBINED_1377
embedding 1378/2352 COMBINED_1378
embedding 1379/2352 COMBINED_1379
embedding 1380/2352 COMBINED_1380
embedding 1381/2352 COMBINED_1381
embedding 1382/2352 COMBINED_1382
embedding 1383/2352 COMBINED_1383
embedding 1384/2352 COMBINED_1384
embedding 1385/2352 COMBINED_1385
embedding 1386/2352 COMBINED_1386
embedding 1387/2352 COMBINED_1387
embedding 1388/2352 COMBINED_1388
embedding 1389/2352 COMBINED_1389
embedding 1390/2352 COMBINED_1390
embedding 1391/2352 COMBINED_1391
embedding 1392/2352 COMBINED_1392
embedding 1393/2352 COMBINED_1393
embedding 1394/2352 COMBINED_1394
embedding 1395/2352 COMBINED_1395
embedding 1396/2352 COMBINED_1396
embedding 1397/2352 COMBINED_1397
embedding 1398/2352 COMBINED_1398
embedding 1399/2352 COMBINED_1399
embedding 1400/2352 COMBINED_1400
embedding 1401/2352 COMBINED_1401
embedding 1402/2352 COMBINED_1402
embedding 1403/2352 COMBINED_1403
embedding 1404/2352 COMBINED_1404
embedding 1405/2352 COMBINED_1405
embedding 1406/2352 COMBINED_1406
embedding 1407/2352 COMBINED_1407
embedding 1408/2352 COMBINED_1408
embedding 1409/2352 COMBINED_1409
embedding 1410/2352 COMBINED_1410
embedding 1411/2352 COMBINED_1411
embedding 1412/2352 COMBINED_1412
embedding 1413/2352 COMBINED_1413
embedding 1414/2352 COMBINED_1414
embedding 1415/2352 COMBINED_1415
embedding 1416/2352 COMBINED_1416
embedding 1417/2352 COMBINED_1417
embedding 1418/2352 COMBINED_1418
embedding 1419/2352 COMBINED_1419
embedding 1420/2352 COMBINED_1420
embedding 1421/2352 COMBINED_1421
embedding 1422/2352 COMBINED_1422
embedding 1423/2352 COMBINED_1423
embedding 1424/2352 COMBINED_1424
embedding 1425/2352 COMBINED_1425
embedding 1426/2352 COMBINED_1426
embedding 1427/2352 COMBINED_1427
embedding 1428/2352 COMBINED_1428
embedding 1429/2352 COMBINED_1429
embedding 1430/2352 COMBINED_1430
embedding 1431/2352 COMBINED_1431
embedding 1432/2352 COMBINED_1432
embedding 1433/2352 COMBINED_1433
embedding 1434/2352 COMBINED_1434
embedding 1435/2352 COMBINED_1435
embedding 1436/2352 COMBINED_1436
embedding 1437/2352 COMBINED_1437
embedding 1438/2352 COMBINED_1438
embedding 1439/2352 COMBINED_1439
embedding 1440/2352 COMBINED_1440
embedding 1441/2352 COMBINED_1441
embedding 1442/2352 COMBINED_1442
embedding 1443/2352 COMBINED_1443
embedding 1444/2352 COMBINED_1444
embedding 1445/2352 COMBINED_1445
embedding 1446/2352 COMBINED_1446
embedding 1447/2352 COMBINED_1447
embedding 1448/2352 COMBINED_1448
embedding 1449/2352 COMBINED_1449
embedding 1450/2352 COMBINED_1450
embedding 1451/2352 COMBINED_1451
embedding 1452/2352 COMBINED_1452
embedding 1453/2352 COMBINED_1453
embedding 1454/2352 COMBINED_1454
embedding 1455/2352 COMBINED_1455
embedding 1456/2352 COMBINED_1456
embedding 1457/2352 COMBINED_1457
embedding 1458/2352 COMBINED_1458
embedding 1459/2352 COMBINED_1459
embedding 1460/2352 COMBINED_1460
embedding 1461/2352 COMBINED_1461
embedding 1462/2352 COMBINED_1462
embedding 1463/2352 COMBINED_1463
embedding 1464/2352 COMBINED_1464
embedding 1465/2352 COMBINED_1465
embedding 1466/2352 COMBINED_1466
embedding 1467/2352 COMBINED_1467
embedding 1468/2352 COMBINED_1468
embedding 1469/2352 COMBINED_1469
embedding 1470/2352 COMBINED_1470
embedding 1471/2352 COMBINED_1471
embedding 1472/2352 COMBINED_1472
embedding 1473/2352 COMBINED_1473
embedding 1474/2352 COMBINED_1474
embedding 1475/2352 COMBINED_1475
embedding 1476/2352 COMBINED_1476
embedding 1477/2352 COMBINED_1477
embedding 1478/2352 COMBINED_1478
embedding 1479/2352 COMBINED_1479
embedding 1480/2352 COMBINED_1480
embedding 1481/2352 COMBINED_1481
embedding 1482/2352 COMBINED_1482
embedding 1483/2352 COMBINED_1483
embedding 1484/2352 COMBINED_1484
embedding 1485/2352 COMBINED_1485
embedding 1486/2352 COMBINED_1486
embedding 1487/2352 COMBINED_1487
embedding 1488/2352 COMBINED_1488
embedding 1489/2352 COMBINED_1489
embedding 1490/2352 COMBINED_1490
embedding 1491/2352 COMBINED_1491
embedding 1492/2352 COMBINED_1492
embedding 1493/2352 COMBINED_1493
embedding 1494/2352 COMBINED_1494
embedding 1495/2352 COMBINED_1495
embedding 1496/2352 COMBINED_1496
embedding 1497/2352 COMBINED_1497
embedding 1498/2352 COMBINED_1498
embedding 1499/2352 COMBINED_1499
embedding 1500/2352 COMBINED_1500
embedding 1501/2352 COMBINED_1501
embedding 1502/2352 COMBINED_1502
embedding 1503/2352 COMBINED_1503
embedding 1504/2352 COMBINED_1504
embedding 1505/2352 COMBINED_1505
embedding 1506/2352 COMBINED_1506
embedding 1507/2352 COMBINED_1507
embedding 1508/2352 COMBINED_1508
embedding 1509/2352 COMBINED_1509
embedding 1510/2352 COMBINED_1510
embedding 1511/2352 COMBINED_1511
embedding 1512/2352 COMBINED_1512
embedding 1513/2352 COMBINED_1513
embedding 1514/2352 COMBINED_1514
embedding 1515/2352 COMBINED_1515
embedding 1516/2352 COMBINED_1516
embedding 1517/2352 COMBINED_1517
embedding 1518/2352 COMBINED_1518
embedding 1519/2352 COMBINED_1519
embedding 1520/2352 COMBINED_1520
embedding 1521/2352 COMBINED_1521
embedding 1522/2352 COMBINED_1522
embedding 1523/2352 COMBINED_1523
embedding 1524/2352 COMBINED_1524
embedding 1525/2352 COMBINED_1525
embedding 1526/2352 COMBINED_1526
embedding 1527/2352 COMBINED_1527
embedding 1528/2352 COMBINED_1528
embedding 1529/2352 COMBINED_1529
embedding 1530/2352 COMBINED_1530
embedding 1531/2352 COMBINED_1531
embedding 1532/2352 COMBINED_1532
embedding 1533/2352 COMBINED_1533
embedding 1534/2352 COMBINED_1534
embedding 1535/2352 COMBINED_1535
embedding 1536/2352 COMBINED_1536
embedding 1537/2352 COMBINED_1537
embedding 1538/2352 COMBINED_1538
embedding 1539/2352 COMBINED_1539
embedding 1540/2352 COMBINED_1540
embedding 1541/2352 COMBINED_1541
embedding 1542/2352 COMBINED_1542
embedding 1543/2352 COMBINED_1543
embedding 1544/2352 COMBINED_1544
embedding 1545/2352 COMBINED_1545
embedding 1546/2352 COMBINED_1546
embedding 1547/2352 COMBINED_1547
embedding 1548/2352 COMBINED_1548
embedding 1549/2352 COMBINED_1549
embedding 1550/2352 COMBINED_1550
embedding 1551/2352 COMBINED_1551
embedding 1552/2352 COMBINED_1552
embedding 1553/2352 COMBINED_1553
embedding 1554/2352 COMBINED_1554
embedding 1555/2352 COMBINED_1555
embedding 1556/2352 COMBINED_1556
embedding 1557/2352 COMBINED_1557
embedding 1558/2352 COMBINED_1558
embedding 1559/2352 COMBINED_1559
embedding 1560/2352 COMBINED_1560
embedding 1561/2352 COMBINED_1561
embedding 1562/2352 COMBINED_1562
embedding 1563/2352 COMBINED_1563
embedding 1564/2352 COMBINED_1564
embedding 1565/2352 COMBINED_1565
embedding 1566/2352 COMBINED_1566
embedding 1567/2352 COMBINED_1567
embedding 1568/2352 COMBINED_1568
embedding 1569/2352 COMBINED_1569
embedding 1570/2352 COMBINED_1570
embedding 1571/2352 COMBINED_1571
embedding 1572/2352 COMBINED_1572
embedding 1573/2352 COMBINED_1573
embedding 1574/2352 COMBINED_1574
embedding 1575/2352 COMBINED_1575
embedding 1576/2352 COMBINED_1576
embedding 1577/2352 COMBINED_1577
embedding 1578/2352 COMBINED_1578
embedding 1579/2352 COMBINED_1579
embedding 1580/2352 COMBINED_1580
embedding 1581/2352 COMBINED_1581
embedding 1582/2352 COMBINED_1582
embedding 1583/2352 COMBINED_1583
embedding 1584/2352 COMBINED_1584
embedding 1585/2352 COMBINED_1585
embedding 1586/2352 COMBINED_1586
embedding 1587/2352 COMBINED_1587
embedding 1588/2352 COMBINED_1588
embedding 1589/2352 COMBINED_1589
embedding 1590/2352 COMBINED_1590
embedding 1591/2352 COMBINED_1591
embedding 1592/2352 COMBINED_1592
embedding 1593/2352 COMBINED_1593
embedding 1594/2352 COMBINED_1594
embedding 1595/2352 COMBINED_1595
embedding 1596/2352 COMBINED_1596
embedding 1597/2352 COMBINED_1597
embedding 1598/2352 COMBINED_1598
embedding 1599/2352 COMBINED_1599
embedding 1600/2352 COMBINED_1600
embedding 1601/2352 COMBINED_1601
embedding 1602/2352 COMBINED_1602
embedding 1603/2352 COMBINED_1603
embedding 1604/2352 COMBINED_1604
embedding 1605/2352 COMBINED_1605
embedding 1606/2352 COMBINED_1606
embedding 1607/2352 COMBINED_1607
embedding 1608/2352 COMBINED_1608
embedding 1609/2352 COMBINED_1609
embedding 1610/2352 COMBINED_1610
embedding 1611/2352 COMBINED_1611
embedding 1612/2352 COMBINED_1612
embedding 1613/2352 COMBINED_1613
embedding 1614/2352 COMBINED_1614
embedding 1615/2352 COMBINED_1615
embedding 1616/2352 COMBINED_1616
embedding 1617/2352 COMBINED_1617
embedding 1618/2352 COMBINED_1618
embedding 1619/2352 COMBINED_1619
embedding 1620/2352 COMBINED_1620
embedding 1621/2352 COMBINED_1621
embedding 1622/2352 COMBINED_1622
embedding 1623/2352 COMBINED_1623
embedding 1624/2352 COMBINED_1624
embedding 1625/2352 COMBINED_1625
embedding 1626/2352 COMBINED_1626
embedding 1627/2352 COMBINED_1627
embedding 1628/2352 COMBINED_1628
embedding 1629/2352 COMBINED_1629
embedding 1630/2352 COMBINED_1630
embedding 1631/2352 COMBINED_1631
embedding 1632/2352 COMBINED_1632
embedding 1633/2352 COMBINED_1633
embedding 1634/2352 COMBINED_1634
embedding 1635/2352 COMBINED_1635
embedding 1636/2352 COMBINED_1636
embedding 1637/2352 COMBINED_1637
embedding 1638/2352 COMBINED_1638
embedding 1639/2352 COMBINED_1639
embedding 1640/2352 COMBINED_1640
embedding 1641/2352 COMBINED_1641
embedding 1642/2352 COMBINED_1642
embedding 1643/2352 COMBINED_1643
embedding 1644/2352 COMBINED_1644
embedding 1645/2352 COMBINED_1645
embedding 1646/2352 COMBINED_1646
embedding 1647/2352 COMBINED_1647
embedding 1648/2352 COMBINED_1648
embedding 1649/2352 COMBINED_1649
embedding 1650/2352 COMBINED_1650
embedding 1651/2352 COMBINED_1651
embedding 1652/2352 COMBINED_1652
embedding 1653/2352 COMBINED_1653
embedding 1654/2352 COMBINED_1654
embedding 1655/2352 COMBINED_1655
embedding 1656/2352 COMBINED_1656
embedding 1657/2352 COMBINED_1657
embedding 1658/2352 COMBINED_1658
embedding 1659/2352 COMBINED_1659
embedding 1660/2352 COMBINED_1660
embedding 1661/2352 COMBINED_1661
embedding 1662/2352 COMBINED_1662
embedding 1663/2352 COMBINED_1663
embedding 1664/2352 COMBINED_1664
embedding 1665/2352 COMBINED_1665
embedding 1666/2352 COMBINED_1666
embedding 1667/2352 COMBINED_1667
embedding 1668/2352 COMBINED_1668
embedding 1669/2352 COMBINED_1669
embedding 1670/2352 COMBINED_1670
embedding 1671/2352 COMBINED_1671
embedding 1672/2352 COMBINED_1672
embedding 1673/2352 COMBINED_1673
embedding 1674/2352 COMBINED_1674
embedding 1675/2352 COMBINED_1675
embedding 1676/2352 COMBINED_1676
embedding 1677/2352 COMBINED_1677
embedding 1678/2352 COMBINED_1678
embedding 1679/2352 COMBINED_1679
embedding 1680/2352 COMBINED_1680
embedding 1681/2352 COMBINED_1681
embedding 1682/2352 COMBINED_1682
embedding 1683/2352 COMBINED_1683
embedding 1684/2352 COMBINED_1684
embedding 1685/2352 COMBINED_1685
embedding 1686/2352 COMBINED_1686
embedding 1687/2352 COMBINED_1687
embedding 1688/2352 COMBINED_1688
embedding 1689/2352 COMBINED_1689
embedding 1690/2352 COMBINED_1690
embedding 1691/2352 COMBINED_1691
embedding 1692/2352 COMBINED_1692
embedding 1693/2352 COMBINED_1693
embedding 1694/2352 COMBINED_1694
embedding 1695/2352 COMBINED_1695
embedding 1696/2352 COMBINED_1696
embedding 1697/2352 COMBINED_1697
embedding 1698/2352 COMBINED_1698
embedding 1699/2352 COMBINED_1699
embedding 1700/2352 COMBINED_1700
embedding 1701/2352 COMBINED_1701
embedding 1702/2352 COMBINED_1702
embedding 1703/2352 COMBINED_1703
embedding 1704/2352 COMBINED_1704
embedding 1705/2352 COMBINED_1705
embedding 1706/2352 COMBINED_1706
embedding 1707/2352 COMBINED_1707
embedding 1708/2352 COMBINED_1708
embedding 1709/2352 COMBINED_1709
embedding 1710/2352 COMBINED_1710
embedding 1711/2352 COMBINED_1711
embedding 1712/2352 COMBINED_1712
embedding 1713/2352 COMBINED_1713
embedding 1714/2352 COMBINED_1714
embedding 1715/2352 COMBINED_1715
embedding 1716/2352 COMBINED_1716
embedding 1717/2352 COMBINED_1717
embedding 1718/2352 COMBINED_1718
embedding 1719/2352 COMBINED_1719
embedding 1720/2352 COMBINED_1720
embedding 1721/2352 COMBINED_1721
embedding 1722/2352 COMBINED_1722
embedding 1723/2352 COMBINED_1723
embedding 1724/2352 COMBINED_1724
embedding 1725/2352 COMBINED_1725
embedding 1726/2352 COMBINED_1726
embedding 1727/2352 COMBINED_1727
embedding 1728/2352 COMBINED_1728
embedding 1729/2352 COMBINED_1729
embedding 1730/2352 COMBINED_1730
embedding 1731/2352 COMBINED_1731
embedding 1732/2352 COMBINED_1732
embedding 1733/2352 COMBINED_1733
embedding 1734/2352 COMBINED_1734
embedding 1735/2352 COMBINED_1735
embedding 1736/2352 COMBINED_1736
embedding 1737/2352 COMBINED_1737
embedding 1738/2352 COMBINED_1738
embedding 1739/2352 COMBINED_1739
embedding 1740/2352 COMBINED_1740
embedding 1741/2352 COMBINED_1741
embedding 1742/2352 COMBINED_1742
embedding 1743/2352 COMBINED_1743
embedding 1744/2352 COMBINED_1744
embedding 1745/2352 COMBINED_1745
embedding 1746/2352 COMBINED_1746
embedding 1747/2352 COMBINED_1747
embedding 1748/2352 COMBINED_1748
embedding 1749/2352 COMBINED_1749
embedding 1750/2352 COMBINED_1750
embedding 1751/2352 COMBINED_1751
embedding 1752/2352 COMBINED_1752
embedding 1753/2352 COMBINED_1753
embedding 1754/2352 COMBINED_1754
embedding 1755/2352 COMBINED_1755
embedding 1756/2352 COMBINED_1756
embedding 1757/2352 COMBINED_1757
embedding 1758/2352 COMBINED_1758
embedding 1759/2352 COMBINED_1759
embedding 1760/2352 COMBINED_1760
embedding 1761/2352 COMBINED_1761
embedding 1762/2352 COMBINED_1762
embedding 1763/2352 COMBINED_1763
embedding 1764/2352 COMBINED_1764
embedding 1765/2352 COMBINED_1765
embedding 1766/2352 COMBINED_1766
embedding 1767/2352 COMBINED_1767
embedding 1768/2352 COMBINED_1768
embedding 1769/2352 COMBINED_1769
embedding 1770/2352 COMBINED_1770
embedding 1771/2352 COMBINED_1771
embedding 1772/2352 COMBINED_1772
embedding 1773/2352 COMBINED_1773
embedding 1774/2352 COMBINED_1774
embedding 1775/2352 COMBINED_1775
embedding 1776/2352 COMBINED_1776
embedding 1777/2352 COMBINED_1777
embedding 1778/2352 COMBINED_1778
embedding 1779/2352 COMBINED_1779
embedding 1780/2352 COMBINED_1780
embedding 1781/2352 COMBINED_1781
embedding 1782/2352 COMBINED_1782
embedding 1783/2352 COMBINED_1783
embedding 1784/2352 COMBINED_1784
embedding 1785/2352 COMBINED_1785
embedding 1786/2352 COMBINED_1786
embedding 1787/2352 COMBINED_1787
embedding 1788/2352 COMBINED_1788
embedding 1789/2352 COMBINED_1789
embedding 1790/2352 COMBINED_1790
embedding 1791/2352 COMBINED_1791
embedding 1792/2352 COMBINED_1792
embedding 1793/2352 COMBINED_1793
embedding 1794/2352 COMBINED_1794
embedding 1795/2352 COMBINED_1795
embedding 1796/2352 COMBINED_1796
embedding 1797/2352 COMBINED_1797
embedding 1798/2352 COMBINED_1798
embedding 1799/2352 COMBINED_1799
embedding 1800/2352 COMBINED_1800
embedding 1801/2352 COMBINED_1801
embedding 1802/2352 COMBINED_1802
embedding 1803/2352 COMBINED_1803
embedding 1804/2352 COMBINED_1804
embedding 1805/2352 COMBINED_1805
embedding 1806/2352 COMBINED_1806
embedding 1807/2352 COMBINED_1807
embedding 1808/2352 COMBINED_1808
embedding 1809/2352 COMBINED_1809
embedding 1810/2352 COMBINED_1810
embedding 1811/2352 COMBINED_1811
embedding 1812/2352 COMBINED_1812
embedding 1813/2352 COMBINED_1813
embedding 1814/2352 COMBINED_1814
embedding 1815/2352 COMBINED_1815
embedding 1816/2352 COMBINED_1816
embedding 1817/2352 COMBINED_1817
embedding 1818/2352 COMBINED_1818
embedding 1819/2352 COMBINED_1819
embedding 1820/2352 COMBINED_1820
embedding 1821/2352 COMBINED_1821
embedding 1822/2352 COMBINED_1822
embedding 1823/2352 COMBINED_1823
embedding 1824/2352 COMBINED_1824
embedding 1825/2352 COMBINED_1825
embedding 1826/2352 COMBINED_1826
embedding 1827/2352 COMBINED_1827
embedding 1828/2352 COMBINED_1828
embedding 1829/2352 COMBINED_1829
embedding 1830/2352 COMBINED_1830
embedding 1831/2352 COMBINED_1831
embedding 1832/2352 COMBINED_1832
embedding 1833/2352 COMBINED_1833
embedding 1834/2352 COMBINED_1834
embedding 1835/2352 COMBINED_1835
embedding 1836/2352 COMBINED_1836
embedding 1837/2352 COMBINED_1837
embedding 1838/2352 COMBINED_1838
embedding 1839/2352 COMBINED_1839
embedding 1840/2352 COMBINED_1840
embedding 1841/2352 COMBINED_1841
embedding 1842/2352 COMBINED_1842
embedding 1843/2352 COMBINED_1843
embedding 1844/2352 COMBINED_1844
embedding 1845/2352 COMBINED_1845
embedding 1846/2352 COMBINED_1846
embedding 1847/2352 COMBINED_1847
embedding 1848/2352 COMBINED_1848
embedding 1849/2352 COMBINED_1849
embedding 1850/2352 COMBINED_1850
embedding 1851/2352 COMBINED_1851
embedding 1852/2352 COMBINED_1852
embedding 1853/2352 COMBINED_1853
embedding 1854/2352 COMBINED_1854
embedding 1855/2352 COMBINED_1855
embedding 1856/2352 COMBINED_1856
embedding 1857/2352 COMBINED_1857
embedding 1858/2352 COMBINED_1858
embedding 1859/2352 COMBINED_1859
embedding 1860/2352 COMBINED_1860
embedding 1861/2352 COMBINED_1861
embedding 1862/2352 COMBINED_1862
embedding 1863/2352 COMBINED_1863
embedding 1864/2352 COMBINED_1864
embedding 1865/2352 COMBINED_1865
embedding 1866/2352 COMBINED_1866
embedding 1867/2352 COMBINED_1867
embedding 1868/2352 COMBINED_1868
embedding 1869/2352 COMBINED_1869
embedding 1870/2352 COMBINED_1870
embedding 1871/2352 COMBINED_1871
embedding 1872/2352 COMBINED_1872
embedding 1873/2352 COMBINED_1873
embedding 1874/2352 COMBINED_1874
embedding 1875/2352 COMBINED_1875
embedding 1876/2352 COMBINED_1876
embedding 1877/2352 COMBINED_1877
embedding 1878/2352 COMBINED_1878
embedding 1879/2352 COMBINED_1879
embedding 1880/2352 COMBINED_1880
embedding 1881/2352 COMBINED_1881
embedding 1882/2352 COMBINED_1882
embedding 1883/2352 COMBINED_1883
embedding 1884/2352 COMBINED_1884
embedding 1885/2352 COMBINED_1885
embedding 1886/2352 COMBINED_1886
embedding 1887/2352 COMBINED_1887
embedding 1888/2352 COMBINED_1888
embedding 1889/2352 COMBINED_1889
embedding 1890/2352 COMBINED_1890
embedding 1891/2352 COMBINED_1891
embedding 1892/2352 COMBINED_1892
embedding 1893/2352 COMBINED_1893
embedding 1894/2352 COMBINED_1894
embedding 1895/2352 COMBINED_1895
embedding 1896/2352 COMBINED_1896
embedding 1897/2352 COMBINED_1897
embedding 1898/2352 COMBINED_1898
embedding 1899/2352 COMBINED_1899
embedding 1900/2352 COMBINED_1900
embedding 1901/2352 COMBINED_1901
embedding 1902/2352 COMBINED_1902
embedding 1903/2352 COMBINED_1903
embedding 1904/2352 COMBINED_1904
embedding 1905/2352 COMBINED_1905
embedding 1906/2352 COMBINED_1906
embedding 1907/2352 COMBINED_1907
embedding 1908/2352 COMBINED_1908
embedding 1909/2352 COMBINED_1909
embedding 1910/2352 COMBINED_1910
embedding 1911/2352 COMBINED_1911
embedding 1912/2352 COMBINED_1912
embedding 1913/2352 COMBINED_1913
embedding 1914/2352 COMBINED_1914
embedding 1915/2352 COMBINED_1915
embedding 1916/2352 COMBINED_1916
embedding 1917/2352 COMBINED_1917
embedding 1918/2352 COMBINED_1918
embedding 1919/2352 COMBINED_1919
embedding 1920/2352 COMBINED_1920
embedding 1921/2352 COMBINED_1921
embedding 1922/2352 COMBINED_1922
embedding 1923/2352 COMBINED_1923
embedding 1924/2352 COMBINED_1924
embedding 1925/2352 COMBINED_1925
embedding 1926/2352 COMBINED_1926
embedding 1927/2352 COMBINED_1927
embedding 1928/2352 COMBINED_1928
embedding 1929/2352 COMBINED_1929
embedding 1930/2352 COMBINED_1930
embedding 1931/2352 COMBINED_1931
embedding 1932/2352 COMBINED_1932
embedding 1933/2352 COMBINED_1933
embedding 1934/2352 COMBINED_1934
embedding 1935/2352 COMBINED_1935
embedding 1936/2352 COMBINED_1936
embedding 1937/2352 COMBINED_1937
embedding 1938/2352 COMBINED_1938
embedding 1939/2352 COMBINED_1939
embedding 1940/2352 COMBINED_1940
embedding 1941/2352 COMBINED_1941
embedding 1942/2352 COMBINED_1942
embedding 1943/2352 COMBINED_1943
embedding 1944/2352 COMBINED_1944
embedding 1945/2352 COMBINED_1945
embedding 1946/2352 COMBINED_1946
embedding 1947/2352 COMBINED_1947
embedding 1948/2352 COMBINED_1948
embedding 1949/2352 COMBINED_1949
embedding 1950/2352 COMBINED_1950
embedding 1951/2352 COMBINED_1951
embedding 1952/2352 COMBINED_1952
embedding 1953/2352 COMBINED_1953
embedding 1954/2352 COMBINED_1954
embedding 1955/2352 COMBINED_1955
embedding 1956/2352 COMBINED_1956
embedding 1957/2352 COMBINED_1957
embedding 1958/2352 COMBINED_1958
embedding 1959/2352 COMBINED_1959
embedding 1960/2352 COMBINED_1960
embedding 1961/2352 COMBINED_1961
embedding 1962/2352 COMBINED_1962
embedding 1963/2352 COMBINED_1963
embedding 1964/2352 COMBINED_1964
embedding 1965/2352 COMBINED_1965
embedding 1966/2352 COMBINED_1966
embedding 1967/2352 COMBINED_1967
embedding 1968/2352 COMBINED_1968
embedding 1969/2352 COMBINED_1969
embedding 1970/2352 COMBINED_1970
embedding 1971/2352 COMBINED_1971
embedding 1972/2352 COMBINED_1972
embedding 1973/2352 COMBINED_1973
embedding 1974/2352 COMBINED_1974
embedding 1975/2352 COMBINED_1975
embedding 1976/2352 COMBINED_1976
embedding 1977/2352 COMBINED_1977
embedding 1978/2352 COMBINED_1978
embedding 1979/2352 COMBINED_1979
embedding 1980/2352 COMBINED_1980
embedding 1981/2352 COMBINED_1981
embedding 1982/2352 COMBINED_1982
embedding 1983/2352 COMBINED_1983
embedding 1984/2352 COMBINED_1984
embedding 1985/2352 COMBINED_1985
embedding 1986/2352 COMBINED_1986
embedding 1987/2352 COMBINED_1987
embedding 1988/2352 COMBINED_1988
embedding 1989/2352 COMBINED_1989
embedding 1990/2352 COMBINED_1990
embedding 1991/2352 COMBINED_1991
embedding 1992/2352 COMBINED_1992
embedding 1993/2352 COMBINED_1993
embedding 1994/2352 COMBINED_1994
embedding 1995/2352 COMBINED_1995
embedding 1996/2352 COMBINED_1996
embedding 1997/2352 COMBINED_1997
embedding 1998/2352 COMBINED_1998
embedding 1999/2352 COMBINED_1999
embedding 2000/2352 COMBINED_2000
embedding 2001/2352 COMBINED_2001
embedding 2002/2352 COMBINED_2002
embedding 2003/2352 COMBINED_2003
embedding 2004/2352 COMBINED_2004
embedding 2005/2352 COMBINED_2005
embedding 2006/2352 COMBINED_2006
embedding 2007/2352 COMBINED_2007
embedding 2008/2352 COMBINED_2008
embedding 2009/2352 COMBINED_2009
embedding 2010/2352 COMBINED_2010
embedding 2011/2352 COMBINED_2011
embedding 2012/2352 COMBINED_2012
embedding 2013/2352 COMBINED_2013
embedding 2014/2352 COMBINED_2014
embedding 2015/2352 COMBINED_2015
embedding 2016/2352 COMBINED_2016
embedding 2017/2352 COMBINED_2017
embedding 2018/2352 COMBINED_2018
embedding 2019/2352 COMBINED_2019
embedding 2020/2352 COMBINED_2020
embedding 2021/2352 COMBINED_2021
embedding 2022/2352 COMBINED_2022
embedding 2023/2352 COMBINED_2023
embedding 2024/2352 COMBINED_2024
embedding 2025/2352 COMBINED_2025
embedding 2026/2352 COMBINED_2026
embedding 2027/2352 COMBINED_2027
embedding 2028/2352 COMBINED_2028
embedding 2029/2352 COMBINED_2029
embedding 2030/2352 COMBINED_2030
embedding 2031/2352 COMBINED_2031
embedding 2032/2352 COMBINED_2032
embedding 2033/2352 COMBINED_2033
embedding 2034/2352 COMBINED_2034
embedding 2035/2352 COMBINED_2035
embedding 2036/2352 COMBINED_2036
embedding 2037/2352 COMBINED_2037
embedding 2038/2352 COMBINED_2038
embedding 2039/2352 COMBINED_2039
embedding 2040/2352 COMBINED_2040
embedding 2041/2352 COMBINED_2041
embedding 2042/2352 COMBINED_2042
embedding 2043/2352 COMBINED_2043
embedding 2044/2352 COMBINED_2044
embedding 2045/2352 COMBINED_2045
embedding 2046/2352 COMBINED_2046
embedding 2047/2352 COMBINED_2047
embedding 2048/2352 COMBINED_2048
embedding 2049/2352 COMBINED_2049
embedding 2050/2352 COMBINED_2050
embedding 2051/2352 COMBINED_2051
embedding 2052/2352 COMBINED_2052
embedding 2053/2352 COMBINED_2053
embedding 2054/2352 COMBINED_2054
embedding 2055/2352 COMBINED_2055
embedding 2056/2352 COMBINED_2056
embedding 2057/2352 COMBINED_2057
embedding 2058/2352 COMBINED_2058
embedding 2059/2352 COMBINED_2059
embedding 2060/2352 COMBINED_2060
embedding 2061/2352 COMBINED_2061
embedding 2062/2352 COMBINED_2062
embedding 2063/2352 COMBINED_2063
embedding 2064/2352 COMBINED_2064
embedding 2065/2352 COMBINED_2065
embedding 2066/2352 COMBINED_2066
embedding 2067/2352 COMBINED_2067
embedding 2068/2352 COMBINED_2068
embedding 2069/2352 COMBINED_2069
embedding 2070/2352 COMBINED_2070
embedding 2071/2352 COMBINED_2071
embedding 2072/2352 COMBINED_2072
embedding 2073/2352 COMBINED_2073
embedding 2074/2352 COMBINED_2074
embedding 2075/2352 COMBINED_2075
embedding 2076/2352 COMBINED_2076
embedding 2077/2352 COMBINED_2077
embedding 2078/2352 COMBINED_2078
embedding 2079/2352 COMBINED_2079
embedding 2080/2352 COMBINED_2080
embedding 2081/2352 COMBINED_2081
embedding 2082/2352 COMBINED_2082
embedding 2083/2352 COMBINED_2083
embedding 2084/2352 COMBINED_2084
embedding 2085/2352 COMBINED_2085
embedding 2086/2352 COMBINED_2086
embedding 2087/2352 COMBINED_2087
embedding 2088/2352 COMBINED_2088
embedding 2089/2352 COMBINED_2089
embedding 2090/2352 COMBINED_2090
embedding 2091/2352 COMBINED_2091
embedding 2092/2352 COMBINED_2092
embedding 2093/2352 COMBINED_2093
embedding 2094/2352 COMBINED_2094
embedding 2095/2352 COMBINED_2095
embedding 2096/2352 COMBINED_2096
embedding 2097/2352 COMBINED_2097
embedding 2098/2352 COMBINED_2098
embedding 2099/2352 COMBINED_2099
embedding 2100/2352 COMBINED_2100
embedding 2101/2352 COMBINED_2101
embedding 2102/2352 COMBINED_2102
embedding 2103/2352 COMBINED_2103
embedding 2104/2352 COMBINED_2104
embedding 2105/2352 COMBINED_2105
embedding 2106/2352 COMBINED_2106
embedding 2107/2352 COMBINED_2107
embedding 2108/2352 COMBINED_2108
embedding 2109/2352 COMBINED_2109
embedding 2110/2352 COMBINED_2110
embedding 2111/2352 COMBINED_2111
embedding 2112/2352 COMBINED_2112
embedding 2113/2352 COMBINED_2113
embedding 2114/2352 COMBINED_2114
embedding 2115/2352 COMBINED_2115
embedding 2116/2352 COMBINED_2116
embedding 2117/2352 COMBINED_2117
embedding 2118/2352 COMBINED_2118
embedding 2119/2352 COMBINED_2119
embedding 2120/2352 COMBINED_2120
embedding 2121/2352 COMBINED_2121
embedding 2122/2352 COMBINED_2122
embedding 2123/2352 COMBINED_2123
embedding 2124/2352 COMBINED_2124
embedding 2125/2352 COMBINED_2125
embedding 2126/2352 COMBINED_2126
embedding 2127/2352 COMBINED_2127
embedding 2128/2352 COMBINED_2128
embedding 2129/2352 COMBINED_2129
embedding 2130/2352 COMBINED_2130
embedding 2131/2352 COMBINED_2131
embedding 2132/2352 COMBINED_2132
embedding 2133/2352 COMBINED_2133
embedding 2134/2352 COMBINED_2134
embedding 2135/2352 COMBINED_2135
embedding 2136/2352 COMBINED_2136
embedding 2137/2352 COMBINED_2137
embedding 2138/2352 COMBINED_2138
embedding 2139/2352 COMBINED_2139
embedding 2140/2352 COMBINED_2140
embedding 2141/2352 COMBINED_2141
embedding 2142/2352 COMBINED_2142
embedding 2143/2352 COMBINED_2143
embedding 2144/2352 COMBINED_2144
embedding 2145/2352 COMBINED_2145
embedding 2146/2352 COMBINED_2146
embedding 2147/2352 COMBINED_2147
embedding 2148/2352 COMBINED_2148
embedding 2149/2352 COMBINED_2149
embedding 2150/2352 COMBINED_2150
embedding 2151/2352 COMBINED_2151
embedding 2152/2352 COMBINED_2152
embedding 2153/2352 COMBINED_2153
embedding 2154/2352 COMBINED_2154
embedding 2155/2352 COMBINED_2155
embedding 2156/2352 COMBINED_2156
embedding 2157/2352 COMBINED_2157
embedding 2158/2352 COMBINED_2158
embedding 2159/2352 COMBINED_2159
embedding 2160/2352 COMBINED_2160
embedding 2161/2352 COMBINED_2161
embedding 2162/2352 COMBINED_2162
embedding 2163/2352 COMBINED_2163
embedding 2164/2352 COMBINED_2164
embedding 2165/2352 COMBINED_2165
embedding 2166/2352 COMBINED_2166
embedding 2167/2352 COMBINED_2167
embedding 2168/2352 COMBINED_2168
embedding 2169/2352 COMBINED_2169
embedding 2170/2352 COMBINED_2170
embedding 2171/2352 COMBINED_2171
embedding 2172/2352 COMBINED_2172
embedding 2173/2352 COMBINED_2173
embedding 2174/2352 COMBINED_2174
embedding 2175/2352 COMBINED_2175
embedding 2176/2352 COMBINED_2176
embedding 2177/2352 COMBINED_2177
embedding 2178/2352 COMBINED_2178
embedding 2179/2352 COMBINED_2179
embedding 2180/2352 COMBINED_2180
embedding 2181/2352 COMBINED_2181
embedding 2182/2352 COMBINED_2182
embedding 2183/2352 COMBINED_2183
embedding 2184/2352 COMBINED_2184
embedding 2185/2352 COMBINED_2185
embedding 2186/2352 COMBINED_2186
embedding 2187/2352 COMBINED_2187
embedding 2188/2352 COMBINED_2188
embedding 2189/2352 COMBINED_2189
embedding 2190/2352 COMBINED_2190
embedding 2191/2352 COMBINED_2191
embedding 2192/2352 COMBINED_2192
embedding 2193/2352 COMBINED_2193
embedding 2194/2352 COMBINED_2194
embedding 2195/2352 COMBINED_2195
embedding 2196/2352 COMBINED_2196
embedding 2197/2352 COMBINED_2197
embedding 2198/2352 COMBINED_2198
embedding 2199/2352 COMBINED_2199
embedding 2200/2352 COMBINED_2200
embedding 2201/2352 COMBINED_2201
embedding 2202/2352 COMBINED_2202
embedding 2203/2352 COMBINED_2203
embedding 2204/2352 COMBINED_2204
embedding 2205/2352 COMBINED_2205
embedding 2206/2352 COMBINED_2206
embedding 2207/2352 COMBINED_2207
embedding 2208/2352 COMBINED_2208
embedding 2209/2352 COMBINED_2209
embedding 2210/2352 COMBINED_2210
embedding 2211/2352 COMBINED_2211
embedding 2212/2352 COMBINED_2212
embedding 2213/2352 COMBINED_2213
embedding 2214/2352 COMBINED_2214
embedding 2215/2352 COMBINED_2215
embedding 2216/2352 COMBINED_2216
embedding 2217/2352 COMBINED_2217
embedding 2218/2352 COMBINED_2218
embedding 2219/2352 COMBINED_2219
embedding 2220/2352 COMBINED_2220
embedding 2221/2352 COMBINED_2221
embedding 2222/2352 COMBINED_2222
embedding 2223/2352 COMBINED_2223
embedding 2224/2352 COMBINED_2224
embedding 2225/2352 COMBINED_2225
embedding 2226/2352 COMBINED_2226
embedding 2227/2352 COMBINED_2227
embedding 2228/2352 COMBINED_2228
embedding 2229/2352 COMBINED_2229
embedding 2230/2352 COMBINED_2230
embedding 2231/2352 COMBINED_2231
embedding 2232/2352 COMBINED_2232
embedding 2233/2352 COMBINED_2233
embedding 2234/2352 COMBINED_2234
embedding 2235/2352 COMBINED_2235
embedding 2236/2352 COMBINED_2236
embedding 2237/2352 COMBINED_2237
embedding 2238/2352 COMBINED_2238
embedding 2239/2352 COMBINED_2239
embedding 2240/2352 COMBINED_2240
embedding 2241/2352 COMBINED_2241
embedding 2242/2352 COMBINED_2242
embedding 2243/2352 COMBINED_2243
embedding 2244/2352 COMBINED_2244
embedding 2245/2352 COMBINED_2245
embedding 2246/2352 COMBINED_2246
embedding 2247/2352 COMBINED_2247
embedding 2248/2352 COMBINED_2248
embedding 2249/2352 COMBINED_2249
embedding 2250/2352 COMBINED_2250
embedding 2251/2352 COMBINED_2251
embedding 2252/2352 COMBINED_2252
embedding 2253/2352 COMBINED_2253
embedding 2254/2352 COMBINED_2254
embedding 2255/2352 COMBINED_2255
embedding 2256/2352 COMBINED_2256
embedding 2257/2352 COMBINED_2257
embedding 2258/2352 COMBINED_2258
embedding 2259/2352 COMBINED_2259
embedding 2260/2352 COMBINED_2260
embedding 2261/2352 COMBINED_2261
embedding 2262/2352 COMBINED_2262
embedding 2263/2352 COMBINED_2263
embedding 2264/2352 COMBINED_2264
embedding 2265/2352 COMBINED_2265
embedding 2266/2352 COMBINED_2266
embedding 2267/2352 COMBINED_2267
embedding 2268/2352 COMBINED_2268
embedding 2269/2352 COMBINED_2269
embedding 2270/2352 COMBINED_2270
embedding 2271/2352 COMBINED_2271
embedding 2272/2352 COMBINED_2272
embedding 2273/2352 COMBINED_2273
embedding 2274/2352 COMBINED_2274
embedding 2275/2352 COMBINED_2275
embedding 2276/2352 COMBINED_2276
embedding 2277/2352 COMBINED_2277
embedding 2278/2352 COMBINED_2278
embedding 2279/2352 COMBINED_2279
embedding 2280/2352 COMBINED_2280
embedding 2281/2352 COMBINED_2281
embedding 2282/2352 COMBINED_2282
embedding 2283/2352 COMBINED_2283
embedding 2284/2352 COMBINED_2284
embedding 2285/2352 COMBINED_2285
embedding 2286/2352 COMBINED_2286
embedding 2287/2352 COMBINED_2287
embedding 2288/2352 COMBINED_2288
embedding 2289/2352 COMBINED_2289
embedding 2290/2352 COMBINED_2290
embedding 2291/2352 COMBINED_2291
embedding 2292/2352 COMBINED_2292
embedding 2293/2352 COMBINED_2293
embedding 2294/2352 COMBINED_2294
embedding 2295/2352 COMBINED_2295
embedding 2296/2352 COMBINED_2296
embedding 2297/2352 COMBINED_2297
embedding 2298/2352 COMBINED_2298
embedding 2299/2352 COMBINED_2299
embedding 2300/2352 COMBINED_2300
embedding 2301/2352 COMBINED_2301
embedding 2302/2352 COMBINED_2302
embedding 2303/2352 COMBINED_2303
embedding 2304/2352 COMBINED_2304
embedding 2305/2352 COMBINED_2305
embedding 2306/2352 COMBINED_2306
embedding 2307/2352 COMBINED_2307
embedding 2308/2352 COMBINED_2308
embedding 2309/2352 COMBINED_2309
embedding 2310/2352 COMBINED_2310
embedding 2311/2352 COMBINED_2311
embedding 2312/2352 COMBINED_2312
embedding 2313/2352 COMBINED_2313
embedding 2314/2352 COMBINED_2314
embedding 2315/2352 COMBINED_2315
embedding 2316/2352 COMBINED_2316
embedding 2317/2352 COMBINED_2317
embedding 2318/2352 COMBINED_2318
embedding 2319/2352 COMBINED_2319
embedding 2320/2352 COMBINED_2320
embedding 2321/2352 COMBINED_2321
embedding 2322/2352 COMBINED_2322
embedding 2323/2352 COMBINED_2323
embedding 2324/2352 COMBINED_2324
embedding 2325/2352 COMBINED_2325
embedding 2326/2352 COMBINED_2326
embedding 2327/2352 COMBINED_2327
embedding 2328/2352 COMBINED_2328
embedding 2329/2352 COMBINED_2329
embedding 2330/2352 COMBINED_2330
embedding 2331/2352 COMBINED_2331
embedding 2332/2352 COMBINED_2332
embedding 2333/2352 COMBINED_2333
embedding 2334/2352 COMBINED_2334
embedding 2335/2352 COMBINED_2335
embedding 2336/2352 COMBINED_2336
embedding 2337/2352 COMBINED_2337
embedding 2338/2352 COMBINED_2338
embedding 2339/2352 COMBINED_2339
embedding 2340/2352 COMBINED_2340
embedding 2341/2352 COMBINED_2341
embedding 2342/2352 COMBINED_2342
embedding 2343/2352 COMBINED_2343
embedding 2344/2352 COMBINED_2344
embedding 2345/2352 COMBINED_2345
embedding 2346/2352 COMBINED_2346
embedding 2347/2352 COMBINED_2347
embedding 2348/2352 COMBINED_2348
embedding 2349/2352 COMBINED_2349
embedding 2350/2352 COMBINED_2350
embedding 2351/2352 COMBINED_2351
embedding 2352/2352 COMBINED_2352
Stage perturbation: 2352 samples pending
perturbation 1/2352 COMBINED_0001
perturbation 2/2352 COMBINED_0002
perturbation 3/2352 COMBINED_0003
perturbation 4/2352 COMBINED_0004
perturbation 5/2352 COMBINED_0005
perturbation 6/2352 COMBINED_0006
perturbation 7/2352 COMBINED_0007
perturbation 8/2352 COMBINED_0008
perturbation 9/2352 COMBINED_0009
perturbation 10/2352 COMBINED_0010
perturbation 11/2352 COMBINED_0011
perturbation 12/2352 COMBINED_0012
perturbation 13/2352 COMBINED_0013
perturbation 14/2352 COMBINED_0014
perturbation 15/2352 COMBINED_0015
perturbation 16/2352 COMBINED_0016
perturbation 17/2352 COMBINED_0017
perturbation 18/2352 COMBINED_0018
perturbation 19/2352 COMBINED_0019
perturbation 20/2352 COMBINED_0020
perturbation 21/2352 COMBINED_0021
perturbation 22/2352 COMBINED_0022
perturbation 23/2352 COMBINED_0023
perturbation 24/2352 COMBINED_0024
perturbation 25/2352 COMBINED_0025
perturbation 26/2352 COMBINED_0026
perturbation 27/2352 COMBINED_0027
perturbation 28/2352 COMBINED_0028
perturbation 29/2352 COMBINED_0029
perturbation 30/2352 COMBINED_0030
perturbation 31/2352 COMBINED_0031
perturbation 32/2352 COMBINED_0032
perturbation 33/2352 COMBINED_0033
perturbation 34/2352 COMBINED_0034
perturbation 35/2352 COMBINED_0035
perturbation 36/2352 COMBINED_0036
perturbation 37/2352 COMBINED_0037
perturbation 38/2352 COMBINED_0038
perturbation 39/2352 COMBINED_0039
perturbation 40/2352 COMBINED_0040
perturbation 41/2352 COMBINED_0041
perturbation 42/2352 COMBINED_0042
perturbation 43/2352 COMBINED_0043
perturbation 44/2352 COMBINED_0044
perturbation 45/2352 COMBINED_0045
perturbation 46/2352 COMBINED_0046
perturbation 47/2352 COMBINED_0047
perturbation 48/2352 COMBINED_0048
perturbation 49/2352 COMBINED_0049
perturbation 50/2352 COMBINED_0050
perturbation 51/2352 COMBINED_0051
perturbation 52/2352 COMBINED_0052
perturbation 53/2352 COMBINED_0053
perturbation 54/2352 COMBINED_0054
perturbation 55/2352 COMBINED_0055
perturbation 56/2352 COMBINED_0056
perturbation 57/2352 COMBINED_0057
perturbation 58/2352 COMBINED_0058
perturbation 59/2352 COMBINED_0059
perturbation 60/2352 COMBINED_0060
perturbation 61/2352 COMBINED_0061
perturbation 62/2352 COMBINED_0062
perturbation 63/2352 COMBINED_0063
perturbation 64/2352 COMBINED_0064
perturbation 65/2352 COMBINED_0065
perturbation 66/2352 COMBINED_0066
perturbation 67/2352 COMBINED_0067
perturbation 68/2352 COMBINED_0068
perturbation 69/2352 COMBINED_0069
perturbation 70/2352 COMBINED_0070
perturbation 71/2352 COMBINED_0071
perturbation 72/2352 COMBINED_0072
perturbation 73/2352 COMBINED_0073
perturbation 74/2352 COMBINED_0074
perturbation 75/2352 COMBINED_0075
perturbation 76/2352 COMBINED_0076
perturbation 77/2352 COMBINED_0077
perturbation 78/2352 COMBINED_0078
perturbation 79/2352 COMBINED_0079
perturbation 80/2352 COMBINED_0080
perturbation 81/2352 COMBINED_0081
perturbation 82/2352 COMBINED_0082
perturbation 83/2352 COMBINED_0083
perturbation 84/2352 COMBINED_0084
perturbation 85/2352 COMBINED_0085
perturbation 86/2352 COMBINED_0086
perturbation 87/2352 COMBINED_0087
perturbation 88/2352 COMBINED_0088
perturbation 89/2352 COMBINED_0089
perturbation 90/2352 COMBINED_0090
perturbation 91/2352 COMBINED_0091
perturbation 92/2352 COMBINED_0092
perturbation 93/2352 COMBINED_0093
perturbation 94/2352 COMBINED_0094
perturbation 95/2352 COMBINED_0095
perturbation 96/2352 COMBINED_0096
perturbation 97/2352 COMBINED_0097
perturbation 98/2352 COMBINED_0098
perturbation 99/2352 COMBINED_0099
perturbation 100/2352 COMBINED_0100
perturbation 101/2352 COMBINED_0101
perturbation 102/2352 COMBINED_0102
perturbation 103/2352 COMBINED_0103
perturbation 104/2352 COMBINED_0104
perturbation 105/2352 COMBINED_0105
perturbation 106/2352 COMBINED_0106
perturbation 107/2352 COMBINED_0107
perturbation 108/2352 COMBINED_0108
perturbation 109/2352 COMBINED_0109
perturbation 110/2352 COMBINED_0110
perturbation 111/2352 COMBINED_0111
perturbation 112/2352 COMBINED_0112
perturbation 113/2352 COMBINED_0113
perturbation 114/2352 COMBINED_0114
perturbation 115/2352 COMBINED_0115
perturbation 116/2352 COMBINED_0116
perturbation 117/2352 COMBINED_0117
perturbation 118/2352 COMBINED_0118
perturbation 119/2352 COMBINED_0119
perturbation 120/2352 COMBINED_0120
perturbation 121/2352 COMBINED_0121
perturbation 122/2352 COMBINED_0122
perturbation 123/2352 COMBINED_0123
perturbation 124/2352 COMBINED_0124
perturbation 125/2352 COMBINED_0125
perturbation 126/2352 COMBINED_0126
perturbation 127/2352 COMBINED_0127
perturbation 128/2352 COMBINED_0128
perturbation 129/2352 COMBINED_0129
perturbation 130/2352 COMBINED_0130
perturbation 131/2352 COMBINED_0131
perturbation 132/2352 COMBINED_0132
perturbation 133/2352 COMBINED_0133
perturbation 134/2352 COMBINED_0134
perturbation 135/2352 COMBINED_0135
perturbation 136/2352 COMBINED_0136
perturbation 137/2352 COMBINED_0137
perturbation 138/2352 COMBINED_0138
perturbation 139/2352 COMBINED_0139
perturbation 140/2352 COMBINED_0140
perturbation 141/2352 COMBINED_0141
perturbation 142/2352 COMBINED_0142
perturbation 143/2352 COMBINED_0143
perturbation 144/2352 COMBINED_0144
perturbation 145/2352 COMBINED_0145
perturbation 146/2352 COMBINED_0146
perturbation 147/2352 COMBINED_0147
perturbation 148/2352 COMBINED_0148
perturbation 149/2352 COMBINED_0149
perturbation 150/2352 COMBINED_0150
perturbation 151/2352 COMBINED_0151
perturbation 152/2352 COMBINED_0152
perturbation 153/2352 COMBINED_0153
perturbation 154/2352 COMBINED_0154
perturbation 155/2352 COMBINED_0155
perturbation 156/2352 COMBINED_0156
perturbation 157/2352 COMBINED_0157
perturbation 158/2352 COMBINED_0158
perturbation 159/2352 COMBINED_0159
perturbation 160/2352 COMBINED_0160
perturbation 161/2352 COMBINED_0161
perturbation 162/2352 COMBINED_0162
perturbation 163/2352 COMBINED_0163
perturbation 164/2352 COMBINED_0164
perturbation 165/2352 COMBINED_0165
perturbation 166/2352 COMBINED_0166
perturbation 167/2352 COMBINED_0167
perturbation 168/2352 COMBINED_0168
perturbation 169/2352 COMBINED_0169
perturbation 170/2352 COMBINED_0170
perturbation 171/2352 COMBINED_0171
perturbation 172/2352 COMBINED_0172
perturbation 173/2352 COMBINED_0173
perturbation 174/2352 COMBINED_0174
perturbation 175/2352 COMBINED_0175
perturbation 176/2352 COMBINED_0176
perturbation 177/2352 COMBINED_0177
perturbation 178/2352 COMBINED_0178
perturbation 179/2352 COMBINED_0179
perturbation 180/2352 COMBINED_0180
perturbation 181/2352 COMBINED_0181
perturbation 182/2352 COMBINED_0182
perturbation 183/2352 COMBINED_0183
perturbation 184/2352 COMBINED_0184
perturbation 185/2352 COMBINED_0185
perturbation 186/2352 COMBINED_0186
perturbation 187/2352 COMBINED_0187
perturbation 188/2352 COMBINED_0188
perturbation 189/2352 COMBINED_0189
perturbation 190/2352 COMBINED_0190
perturbation 191/2352 COMBINED_0191
perturbation 192/2352 COMBINED_0192
perturbation 193/2352 COMBINED_0193
perturbation 194/2352 COMBINED_0194
perturbation 195/2352 COMBINED_0195
perturbation 196/2352 COMBINED_0196
perturbation 197/2352 COMBINED_0197
perturbation 198/2352 COMBINED_0198
perturbation 199/2352 COMBINED_0199
perturbation 200/2352 COMBINED_0200
perturbation 201/2352 COMBINED_0201
perturbation 202/2352 COMBINED_0202
perturbation 203/2352 COMBINED_0203
perturbation 204/2352 COMBINED_0204
perturbation 205/2352 COMBINED_0205
perturbation 206/2352 COMBINED_0206
perturbation 207/2352 COMBINED_0207
perturbation 208/2352 COMBINED_0208
perturbation 209/2352 COMBINED_0209
perturbation 210/2352 COMBINED_0210
perturbation 211/2352 COMBINED_0211
perturbation 212/2352 COMBINED_0212
perturbation 213/2352 COMBINED_0213
perturbation 214/2352 COMBINED_0214
perturbation 215/2352 COMBINED_0215
perturbation 216/2352 COMBINED_0216
perturbation 217/2352 COMBINED_0217
perturbation 218/2352 COMBINED_0218
perturbation 219/2352 COMBINED_0219
perturbation 220/2352 COMBINED_0220
perturbation 221/2352 COMBINED_0221
perturbation 222/2352 COMBINED_0222
perturbation 223/2352 COMBINED_0223
perturbation 224/2352 COMBINED_0224
perturbation 225/2352 COMBINED_0225
perturbation 226/2352 COMBINED_0226
perturbation 227/2352 COMBINED_0227
perturbation 228/2352 COMBINED_0228
perturbation 229/2352 COMBINED_0229
perturbation 230/2352 COMBINED_0230
perturbation 231/2352 COMBINED_0231
perturbation 232/2352 COMBINED_0232
perturbation 233/2352 COMBINED_0233
perturbation 234/2352 COMBINED_0234
perturbation 235/2352 COMBINED_0235
perturbation 236/2352 COMBINED_0236
perturbation 237/2352 COMBINED_0237
perturbation 238/2352 COMBINED_0238
perturbation 239/2352 COMBINED_0239
perturbation 240/2352 COMBINED_0240
perturbation 241/2352 COMBINED_0241
perturbation 242/2352 COMBINED_0242
perturbation 243/2352 COMBINED_0243
perturbation 244/2352 COMBINED_0244
perturbation 245/2352 COMBINED_0245
perturbation 246/2352 COMBINED_0246
perturbation 247/2352 COMBINED_0247
perturbation 248/2352 COMBINED_0248
perturbation 249/2352 COMBINED_0249
perturbation 250/2352 COMBINED_0250
perturbation 251/2352 COMBINED_0251
perturbation 252/2352 COMBINED_0252
perturbation 253/2352 COMBINED_0253
perturbation 254/2352 COMBINED_0254
perturbation 255/2352 COMBINED_0255
perturbation 256/2352 COMBINED_0256
perturbation 257/2352 COMBINED_0257
perturbation 258/2352 COMBINED_0258
perturbation 259/2352 COMBINED_0259
perturbation 260/2352 COMBINED_0260
perturbation 261/2352 COMBINED_0261
perturbation 262/2352 COMBINED_0262
perturbation 263/2352 COMBINED_0263
perturbation 264/2352 COMBINED_0264
perturbation 265/2352 COMBINED_0265
perturbation 266/2352 COMBINED_0266
perturbation 267/2352 COMBINED_0267
perturbation 268/2352 COMBINED_0268
perturbation 269/2352 COMBINED_0269
perturbation 270/2352 COMBINED_0270
perturbation 271/2352 COMBINED_0271
perturbation 272/2352 COMBINED_0272
perturbation 273/2352 COMBINED_0273
perturbation 274/2352 COMBINED_0274
perturbation 275/2352 COMBINED_0275
perturbation 276/2352 COMBINED_0276
perturbation 277/2352 COMBINED_0277
perturbation 278/2352 COMBINED_0278
perturbation 279/2352 COMBINED_0279
perturbation 280/2352 COMBINED_0280
perturbation 281/2352 COMBINED_0281
perturbation 282/2352 COMBINED_0282
perturbation 283/2352 COMBINED_0283
perturbation 284/2352 COMBINED_0284
perturbation 285/2352 COMBINED_0285
perturbation 286/2352 COMBINED_0286
perturbation 287/2352 COMBINED_0287
perturbation 288/2352 COMBINED_0288
perturbation 289/2352 COMBINED_0289
perturbation 290/2352 COMBINED_0290
perturbation 291/2352 COMBINED_0291
perturbation 292/2352 COMBINED_0292
perturbation 293/2352 COMBINED_0293
perturbation 294/2352 COMBINED_0294
perturbation 295/2352 COMBINED_0295
perturbation 296/2352 COMBINED_0296
perturbation 297/2352 COMBINED_0297
perturbation 298/2352 COMBINED_0298
perturbation 299/2352 COMBINED_0299
perturbation 300/2352 COMBINED_0300
perturbation 301/2352 COMBINED_0301
perturbation 302/2352 COMBINED_0302
perturbation 303/2352 COMBINED_0303
perturbation 304/2352 COMBINED_0304
perturbation 305/2352 COMBINED_0305
perturbation 306/2352 COMBINED_0306
perturbation 307/2352 COMBINED_0307
perturbation 308/2352 COMBINED_0308
perturbation 309/2352 COMBINED_0309
perturbation 310/2352 COMBINED_0310
perturbation 311/2352 COMBINED_0311
perturbation 312/2352 COMBINED_0312
perturbation 313/2352 COMBINED_0313
perturbation 314/2352 COMBINED_0314
perturbation 315/2352 COMBINED_0315
perturbation 316/2352 COMBINED_0316
perturbation 317/2352 COMBINED_0317
perturbation 318/2352 COMBINED_0318
perturbation 319/2352 COMBINED_0319
perturbation 320/2352 COMBINED_0320
perturbation 321/2352 COMBINED_0321
perturbation 322/2352 COMBINED_0322
perturbation 323/2352 COMBINED_0323
perturbation 324/2352 COMBINED_0324
perturbation 325/2352 COMBINED_0325
perturbation 326/2352 COMBINED_0326
perturbation 327/2352 COMBINED_0327
perturbation 328/2352 COMBINED_0328
perturbation 329/2352 COMBINED_0329
perturbation 330/2352 COMBINED_0330
perturbation 331/2352 COMBINED_0331
perturbation 332/2352 COMBINED_0332
perturbation 333/2352 COMBINED_0333
perturbation 334/2352 COMBINED_0334
perturbation 335/2352 COMBINED_0335
perturbation 336/2352 COMBINED_0336
perturbation 337/2352 COMBINED_0337
perturbation 338/2352 COMBINED_0338
perturbation 339/2352 COMBINED_0339
perturbation 340/2352 COMBINED_0340
perturbation 341/2352 COMBINED_0341
perturbation 342/2352 COMBINED_0342
perturbation 343/2352 COMBINED_0343
perturbation 344/2352 COMBINED_0344
perturbation 345/2352 COMBINED_0345
perturbation 346/2352 COMBINED_0346
perturbation 347/2352 COMBINED_0347
perturbation 348/2352 COMBINED_0348
perturbation 349/2352 COMBINED_0349
perturbation 350/2352 COMBINED_0350
perturbation 351/2352 COMBINED_0351
perturbation 352/2352 COMBINED_0352
perturbation 353/2352 COMBINED_0353
perturbation 354/2352 COMBINED_0354
perturbation 355/2352 COMBINED_0355
perturbation 356/2352 COMBINED_0356
perturbation 357/2352 COMBINED_0357
perturbation 358/2352 COMBINED_0358
perturbation 359/2352 COMBINED_0359
perturbation 360/2352 COMBINED_0360
perturbation 361/2352 COMBINED_0361
perturbation 362/2352 COMBINED_0362
perturbation 363/2352 COMBINED_0363
perturbation 364/2352 COMBINED_0364
perturbation 365/2352 COMBINED_0365
perturbation 366/2352 COMBINED_0366
perturbation 367/2352 COMBINED_0367
perturbation 368/2352 COMBINED_0368
perturbation 369/2352 COMBINED_0369
perturbation 370/2352 COMBINED_0370
perturbation 371/2352 COMBINED_0371
perturbation 372/2352 COMBINED_0372
perturbation 373/2352 COMBINED_0373
perturbation 374/2352 COMBINED_0374
perturbation 375/2352 COMBINED_0375
perturbation 376/2352 COMBINED_0376
perturbation 377/2352 COMBINED_0377
perturbation 378/2352 COMBINED_0378
perturbation 379/2352 COMBINED_0379
perturbation 380/2352 COMBINED_0380
perturbation 381/2352 COMBINED_0381
perturbation 382/2352 COMBINED_0382
perturbation 383/2352 COMBINED_0383
perturbation 384/2352 COMBINED_0384
perturbation 385/2352 COMBINED_0385
perturbation 386/2352 COMBINED_0386
perturbation 387/2352 COMBINED_0387
perturbation 388/2352 COMBINED_0388
perturbation 389/2352 COMBINED_0389
perturbation 390/2352 COMBINED_0390
perturbation 391/2352 COMBINED_0391
perturbation 392/2352 COMBINED_0392
perturbation 393/2352 COMBINED_0393
perturbation 394/2352 COMBINED_0394
perturbation 395/2352 COMBINED_0395
perturbation 396/2352 COMBINED_0396
perturbation 397/2352 COMBINED_0397
perturbation 398/2352 COMBINED_0398
perturbation 399/2352 COMBINED_0399
perturbation 400/2352 COMBINED_0400
perturbation 401/2352 COMBINED_0401
perturbation 402/2352 COMBINED_0402
perturbation 403/2352 COMBINED_0403
perturbation 404/2352 COMBINED_0404
perturbation 405/2352 COMBINED_0405
perturbation 406/2352 COMBINED_0406
perturbation 407/2352 COMBINED_0407
perturbation 408/2352 COMBINED_0408
perturbation 409/2352 COMBINED_0409
perturbation 410/2352 COMBINED_0410
perturbation 411/2352 COMBINED_0411
perturbation 412/2352 COMBINED_0412
perturbation 413/2352 COMBINED_0413
perturbation 414/2352 COMBINED_0414
perturbation 415/2352 COMBINED_0415
perturbation 416/2352 COMBINED_0416
perturbation 417/2352 COMBINED_0417
perturbation 418/2352 COMBINED_0418
perturbation 419/2352 COMBINED_0419
perturbation 420/2352 COMBINED_0420
perturbation 421/2352 COMBINED_0421
perturbation 422/2352 COMBINED_0422
perturbation 423/2352 COMBINED_0423
perturbation 424/2352 COMBINED_0424
perturbation 425/2352 COMBINED_0425
perturbation 426/2352 COMBINED_0426
perturbation 427/2352 COMBINED_0427
perturbation 428/2352 COMBINED_0428
perturbation 429/2352 COMBINED_0429
perturbation 430/2352 COMBINED_0430
perturbation 431/2352 COMBINED_0431
perturbation 432/2352 COMBINED_0432
perturbation 433/2352 COMBINED_0433
perturbation 434/2352 COMBINED_0434
perturbation 435/2352 COMBINED_0435
perturbation 436/2352 COMBINED_0436
perturbation 437/2352 COMBINED_0437
perturbation 438/2352 COMBINED_0438
perturbation 439/2352 COMBINED_0439
perturbation 440/2352 COMBINED_0440
perturbation 441/2352 COMBINED_0441
perturbation 442/2352 COMBINED_0442
perturbation 443/2352 COMBINED_0443
perturbation 444/2352 COMBINED_0444
perturbation 445/2352 COMBINED_0445
perturbation 446/2352 COMBINED_0446
perturbation 447/2352 COMBINED_0447
perturbation 448/2352 COMBINED_0448
perturbation 449/2352 COMBINED_0449
perturbation 450/2352 COMBINED_0450
perturbation 451/2352 COMBINED_0451
perturbation 452/2352 COMBINED_0452
perturbation 453/2352 COMBINED_0453
perturbation 454/2352 COMBINED_0454
perturbation 455/2352 COMBINED_0455
perturbation 456/2352 COMBINED_0456
perturbation 457/2352 COMBINED_0457
perturbation 458/2352 COMBINED_0458
perturbation 459/2352 COMBINED_0459
perturbation 460/2352 COMBINED_0460
perturbation 461/2352 COMBINED_0461
perturbation 462/2352 COMBINED_0462
perturbation 463/2352 COMBINED_0463
perturbation 464/2352 COMBINED_0464
perturbation 465/2352 COMBINED_0465
perturbation 466/2352 COMBINED_0466
perturbation 467/2352 COMBINED_0467
perturbation 468/2352 COMBINED_0468
perturbation 469/2352 COMBINED_0469
perturbation 470/2352 COMBINED_0470
perturbation 471/2352 COMBINED_0471
perturbation 472/2352 COMBINED_0472
perturbation 473/2352 COMBINED_0473
perturbation 474/2352 COMBINED_0474
perturbation 475/2352 COMBINED_0475
perturbation 476/2352 COMBINED_0476
perturbation 477/2352 COMBINED_0477
perturbation 478/2352 COMBINED_0478
perturbation 479/2352 COMBINED_0479
perturbation 480/2352 COMBINED_0480
perturbation 481/2352 COMBINED_0481
perturbation 482/2352 COMBINED_0482
perturbation 483/2352 COMBINED_0483
perturbation 484/2352 COMBINED_0484
perturbation 485/2352 COMBINED_0485
perturbation 486/2352 COMBINED_0486
perturbation 487/2352 COMBINED_0487
perturbation 488/2352 COMBINED_0488
perturbation 489/2352 COMBINED_0489
perturbation 490/2352 COMBINED_0490
perturbation 491/2352 COMBINED_0491
perturbation 492/2352 COMBINED_0492
perturbation 493/2352 COMBINED_0493
perturbation 494/2352 COMBINED_0494
perturbation 495/2352 COMBINED_0495
perturbation 496/2352 COMBINED_0496
perturbation 497/2352 COMBINED_0497
perturbation 498/2352 COMBINED_0498
perturbation 499/2352 COMBINED_0499
perturbation 500/2352 COMBINED_0500
perturbation 501/2352 COMBINED_0501
perturbation 502/2352 COMBINED_0502
perturbation 503/2352 COMBINED_0503
perturbation 504/2352 COMBINED_0504
perturbation 505/2352 COMBINED_0505
perturbation 506/2352 COMBINED_0506
perturbation 507/2352 COMBINED_0507
perturbation 508/2352 COMBINED_0508
perturbation 509/2352 COMBINED_0509
perturbation 510/2352 COMBINED_0510
perturbation 511/2352 COMBINED_0511
perturbation 512/2352 COMBINED_0512
perturbation 513/2352 COMBINED_0513
perturbation 514/2352 COMBINED_0514
perturbation 515/2352 COMBINED_0515
perturbation 516/2352 COMBINED_0516
perturbation 517/2352 COMBINED_0517
perturbation 518/2352 COMBINED_0518
perturbation 519/2352 COMBINED_0519
perturbation 520/2352 COMBINED_0520
perturbation 521/2352 COMBINED_0521
perturbation 522/2352 COMBINED_0522
perturbation 523/2352 COMBINED_0523
perturbation 524/2352 COMBINED_0524
perturbation 525/2352 COMBINED_0525
perturbation 526/2352 COMBINED_0526
perturbation 527/2352 COMBINED_0527
perturbation 528/2352 COMBINED_0528
perturbation 529/2352 COMBINED_0529
perturbation 530/2352 COMBINED_0530
perturbation 531/2352 COMBINED_0531
perturbation 532/2352 COMBINED_0532
perturbation 533/2352 COMBINED_0533
perturbation 534/2352 COMBINED_0534
perturbation 535/2352 COMBINED_0535
perturbation 536/2352 COMBINED_0536
perturbation 537/2352 COMBINED_0537
perturbation 538/2352 COMBINED_0538
perturbation 539/2352 COMBINED_0539
perturbation 540/2352 COMBINED_0540
perturbation 541/2352 COMBINED_0541
perturbation 542/2352 COMBINED_0542
perturbation 543/2352 COMBINED_0543
perturbation 544/2352 COMBINED_0544
perturbation 545/2352 COMBINED_0545
perturbation 546/2352 COMBINED_0546
perturbation 547/2352 COMBINED_0547
perturbation 548/2352 COMBINED_0548
perturbation 549/2352 COMBINED_0549
perturbation 550/2352 COMBINED_0550
perturbation 551/2352 COMBINED_0551
perturbation 552/2352 COMBINED_0552
perturbation 553/2352 COMBINED_0553
perturbation 554/2352 COMBINED_0554
perturbation 555/2352 COMBINED_0555
perturbation 556/2352 COMBINED_0556
perturbation 557/2352 COMBINED_0557
perturbation 558/2352 COMBINED_0558
perturbation 559/2352 COMBINED_0559
perturbation 560/2352 COMBINED_0560
perturbation 561/2352 COMBINED_0561
perturbation 562/2352 COMBINED_0562
perturbation 563/2352 COMBINED_0563
perturbation 564/2352 COMBINED_0564
perturbation 565/2352 COMBINED_0565
perturbation 566/2352 COMBINED_0566
perturbation 567/2352 COMBINED_0567
perturbation 568/2352 COMBINED_0568
perturbation 569/2352 COMBINED_0569
perturbation 570/2352 COMBINED_0570
perturbation 571/2352 COMBINED_0571
perturbation 572/2352 COMBINED_0572
perturbation 573/2352 COMBINED_0573
perturbation 574/2352 COMBINED_0574
perturbation 575/2352 COMBINED_0575
perturbation 576/2352 COMBINED_0576
perturbation 577/2352 COMBINED_0577
perturbation 578/2352 COMBINED_0578
perturbation 579/2352 COMBINED_0579
perturbation 580/2352 COMBINED_0580
perturbation 581/2352 COMBINED_0581
perturbation 582/2352 COMBINED_0582
perturbation 583/2352 COMBINED_0583
perturbation 584/2352 COMBINED_0584
perturbation 585/2352 COMBINED_0585
perturbation 586/2352 COMBINED_0586
perturbation 587/2352 COMBINED_0587
perturbation 588/2352 COMBINED_0588
perturbation 589/2352 COMBINED_0589
perturbation 590/2352 COMBINED_0590
perturbation 591/2352 COMBINED_0591
perturbation 592/2352 COMBINED_0592
perturbation 593/2352 COMBINED_0593
perturbation 594/2352 COMBINED_0594
perturbation 595/2352 COMBINED_0595
perturbation 596/2352 COMBINED_0596
perturbation 597/2352 COMBINED_0597
perturbation 598/2352 COMBINED_0598
perturbation 599/2352 COMBINED_0599
perturbation 600/2352 COMBINED_0600
perturbation 601/2352 COMBINED_0601
perturbation 602/2352 COMBINED_0602
perturbation 603/2352 COMBINED_0603
perturbation 604/2352 COMBINED_0604
perturbation 605/2352 COMBINED_0605
perturbation 606/2352 COMBINED_0606
perturbation 607/2352 COMBINED_0607
perturbation 608/2352 COMBINED_0608
perturbation 609/2352 COMBINED_0609
perturbation 610/2352 COMBINED_0610
perturbation 611/2352 COMBINED_0611
perturbation 612/2352 COMBINED_0612
perturbation 613/2352 COMBINED_0613
perturbation 614/2352 COMBINED_0614
perturbation 615/2352 COMBINED_0615
perturbation 616/2352 COMBINED_0616
perturbation 617/2352 COMBINED_0617
perturbation 618/2352 COMBINED_0618
perturbation 619/2352 COMBINED_0619
perturbation 620/2352 COMBINED_0620
perturbation 621/2352 COMBINED_0621
perturbation 622/2352 COMBINED_0622
perturbation 623/2352 COMBINED_0623
perturbation 624/2352 COMBINED_0624
perturbation 625/2352 COMBINED_0625
perturbation 626/2352 COMBINED_0626
perturbation 627/2352 COMBINED_0627
perturbation 628/2352 COMBINED_0628
perturbation 629/2352 COMBINED_0629
perturbation 630/2352 COMBINED_0630
perturbation 631/2352 COMBINED_0631
perturbation 632/2352 COMBINED_0632
perturbation 633/2352 COMBINED_0633
perturbation 634/2352 COMBINED_0634
perturbation 635/2352 COMBINED_0635
perturbation 636/2352 COMBINED_0636
perturbation 637/2352 COMBINED_0637
perturbation 638/2352 COMBINED_0638
perturbation 639/2352 COMBINED_0639
perturbation 640/2352 COMBINED_0640
perturbation 641/2352 COMBINED_0641
perturbation 642/2352 COMBINED_0642
perturbation 643/2352 COMBINED_0643
perturbation 644/2352 COMBINED_0644
perturbation 645/2352 COMBINED_0645
perturbation 646/2352 COMBINED_0646
perturbation 647/2352 COMBINED_0647
perturbation 648/2352 COMBINED_0648
perturbation 649/2352 COMBINED_0649
perturbation 650/2352 COMBINED_0650
perturbation 651/2352 COMBINED_0651
perturbation 652/2352 COMBINED_0652
perturbation 653/2352 COMBINED_0653
perturbation 654/2352 COMBINED_0654
perturbation 655/2352 COMBINED_0655
perturbation 656/2352 COMBINED_0656
perturbation 657/2352 COMBINED_0657
perturbation 658/2352 COMBINED_0658
perturbation 659/2352 COMBINED_0659
perturbation 660/2352 COMBINED_0660
perturbation 661/2352 COMBINED_0661
perturbation 662/2352 COMBINED_0662
perturbation 663/2352 COMBINED_0663
perturbation 664/2352 COMBINED_0664
perturbation 665/2352 COMBINED_0665
perturbation 666/2352 COMBINED_0666
perturbation 667/2352 COMBINED_0667
perturbation 668/2352 COMBINED_0668
perturbation 669/2352 COMBINED_0669
perturbation 670/2352 COMBINED_0670
perturbation 671/2352 COMBINED_0671
perturbation 672/2352 COMBINED_0672
perturbation 673/2352 COMBINED_0673
perturbation 674/2352 COMBINED_0674
perturbation 675/2352 COMBINED_0675
perturbation 676/2352 COMBINED_0676
perturbation 677/2352 COMBINED_0677
perturbation 678/2352 COMBINED_0678
perturbation 679/2352 COMBINED_0679
perturbation 680/2352 COMBINED_0680
perturbation 681/2352 COMBINED_0681
perturbation 682/2352 COMBINED_0682
perturbation 683/2352 COMBINED_0683
perturbation 684/2352 COMBINED_0684
perturbation 685/2352 COMBINED_0685
perturbation 686/2352 COMBINED_0686
perturbation 687/2352 COMBINED_0687
perturbation 688/2352 COMBINED_0688
perturbation 689/2352 COMBINED_0689
perturbation 690/2352 COMBINED_0690
perturbation 691/2352 COMBINED_0691
perturbation 692/2352 COMBINED_0692
perturbation 693/2352 COMBINED_0693
perturbation 694/2352 COMBINED_0694
perturbation 695/2352 COMBINED_0695
perturbation 696/2352 COMBINED_0696
perturbation 697/2352 COMBINED_0697
perturbation 698/2352 COMBINED_0698
perturbation 699/2352 COMBINED_0699
perturbation 700/2352 COMBINED_0700
perturbation 701/2352 COMBINED_0701
perturbation 702/2352 COMBINED_0702
perturbation 703/2352 COMBINED_0703
perturbation 704/2352 COMBINED_0704
perturbation 705/2352 COMBINED_0705
perturbation 706/2352 COMBINED_0706
perturbation 707/2352 COMBINED_0707
perturbation 708/2352 COMBINED_0708
perturbation 709/2352 COMBINED_0709
perturbation 710/2352 COMBINED_0710
perturbation 711/2352 COMBINED_0711
perturbation 712/2352 COMBINED_0712
perturbation 713/2352 COMBINED_0713
perturbation 714/2352 COMBINED_0714
perturbation 715/2352 COMBINED_0715
perturbation 716/2352 COMBINED_0716
perturbation 717/2352 COMBINED_0717
perturbation 718/2352 COMBINED_0718
perturbation 719/2352 COMBINED_0719
perturbation 720/2352 COMBINED_0720
perturbation 721/2352 COMBINED_0721
perturbation 722/2352 COMBINED_0722
perturbation 723/2352 COMBINED_0723
perturbation 724/2352 COMBINED_0724
perturbation 725/2352 COMBINED_0725
perturbation 726/2352 COMBINED_0726
perturbation 727/2352 COMBINED_0727
perturbation 728/2352 COMBINED_0728
perturbation 729/2352 COMBINED_0729
perturbation 730/2352 COMBINED_0730
perturbation 731/2352 COMBINED_0731
perturbation 732/2352 COMBINED_0732
perturbation 733/2352 COMBINED_0733
perturbation 734/2352 COMBINED_0734
perturbation 735/2352 COMBINED_0735
perturbation 736/2352 COMBINED_0736
perturbation 737/2352 COMBINED_0737
perturbation 738/2352 COMBINED_0738
perturbation 739/2352 COMBINED_0739
perturbation 740/2352 COMBINED_0740
perturbation 741/2352 COMBINED_0741
perturbation 742/2352 COMBINED_0742
perturbation 743/2352 COMBINED_0743
perturbation 744/2352 COMBINED_0744
perturbation 745/2352 COMBINED_0745
perturbation 746/2352 COMBINED_0746
perturbation 747/2352 COMBINED_0747
perturbation 748/2352 COMBINED_0748
perturbation 749/2352 COMBINED_0749
perturbation 750/2352 COMBINED_0750
perturbation 751/2352 COMBINED_0751
perturbation 752/2352 COMBINED_0752
perturbation 753/2352 COMBINED_0753
perturbation 754/2352 COMBINED_0754
perturbation 755/2352 COMBINED_0755
perturbation 756/2352 COMBINED_0756
perturbation 757/2352 COMBINED_0757
perturbation 758/2352 COMBINED_0758
perturbation 759/2352 COMBINED_0759
perturbation 760/2352 COMBINED_0760
perturbation 761/2352 COMBINED_0761
perturbation 762/2352 COMBINED_0762
perturbation 763/2352 COMBINED_0763
perturbation 764/2352 COMBINED_0764
perturbation 765/2352 COMBINED_0765
perturbation 766/2352 COMBINED_0766
perturbation 767/2352 COMBINED_0767
perturbation 768/2352 COMBINED_0768
perturbation 769/2352 COMBINED_0769
perturbation 770/2352 COMBINED_0770
perturbation 771/2352 COMBINED_0771
perturbation 772/2352 COMBINED_0772
perturbation 773/2352 COMBINED_0773
perturbation 774/2352 COMBINED_0774
perturbation 775/2352 COMBINED_0775
perturbation 776/2352 COMBINED_0776
perturbation 777/2352 COMBINED_0777
perturbation 778/2352 COMBINED_0778
perturbation 779/2352 COMBINED_0779
perturbation 780/2352 COMBINED_0780
perturbation 781/2352 COMBINED_0781
perturbation 782/2352 COMBINED_0782
perturbation 783/2352 COMBINED_0783
perturbation 784/2352 COMBINED_0784
perturbation 785/2352 COMBINED_0785
perturbation 786/2352 COMBINED_0786
perturbation 787/2352 COMBINED_0787
perturbation 788/2352 COMBINED_0788
perturbation 789/2352 COMBINED_0789
perturbation 790/2352 COMBINED_0790
perturbation 791/2352 COMBINED_0791
perturbation 792/2352 COMBINED_0792
perturbation 793/2352 COMBINED_0793
perturbation 794/2352 COMBINED_0794
perturbation 795/2352 COMBINED_0795
perturbation 796/2352 COMBINED_0796
perturbation 797/2352 COMBINED_0797
perturbation 798/2352 COMBINED_0798
perturbation 799/2352 COMBINED_0799
perturbation 800/2352 COMBINED_0800
perturbation 801/2352 COMBINED_0801
perturbation 802/2352 COMBINED_0802
perturbation 803/2352 COMBINED_0803
perturbation 804/2352 COMBINED_0804
perturbation 805/2352 COMBINED_0805
perturbation 806/2352 COMBINED_0806
perturbation 807/2352 COMBINED_0807
perturbation 808/2352 COMBINED_0808
perturbation 809/2352 COMBINED_0809
perturbation 810/2352 COMBINED_0810
perturbation 811/2352 COMBINED_0811
perturbation 812/2352 COMBINED_0812
perturbation 813/2352 COMBINED_0813
perturbation 814/2352 COMBINED_0814
perturbation 815/2352 COMBINED_0815
perturbation 816/2352 COMBINED_0816
perturbation 817/2352 COMBINED_0817
perturbation 818/2352 COMBINED_0818
perturbation 819/2352 COMBINED_0819
perturbation 820/2352 COMBINED_0820
perturbation 821/2352 COMBINED_0821
perturbation 822/2352 COMBINED_0822
perturbation 823/2352 COMBINED_0823
perturbation 824/2352 COMBINED_0824
perturbation 825/2352 COMBINED_0825
perturbation 826/2352 COMBINED_0826
perturbation 827/2352 COMBINED_0827
perturbation 828/2352 COMBINED_0828
perturbation 829/2352 COMBINED_0829
perturbation 830/2352 COMBINED_0830
perturbation 831/2352 COMBINED_0831
perturbation 832/2352 COMBINED_0832
perturbation 833/2352 COMBINED_0833
perturbation 834/2352 COMBINED_0834
perturbation 835/2352 COMBINED_0835
perturbation 836/2352 COMBINED_0836
perturbation 837/2352 COMBINED_0837
perturbation 838/2352 COMBINED_0838
perturbation 839/2352 COMBINED_0839
perturbation 840/2352 COMBINED_0840
perturbation 841/2352 COMBINED_0841
perturbation 842/2352 COMBINED_0842
perturbation 843/2352 COMBINED_0843
perturbation 844/2352 COMBINED_0844
perturbation 845/2352 COMBINED_0845
perturbation 846/2352 COMBINED_0846
perturbation 847/2352 COMBINED_0847
perturbation 848/2352 COMBINED_0848
perturbation 849/2352 COMBINED_0849
perturbation 850/2352 COMBINED_0850
perturbation 851/2352 COMBINED_0851
perturbation 852/2352 COMBINED_0852
perturbation 853/2352 COMBINED_0853
perturbation 854/2352 COMBINED_0854
perturbation 855/2352 COMBINED_0855
perturbation 856/2352 COMBINED_0856
perturbation 857/2352 COMBINED_0857
perturbation 858/2352 COMBINED_0858
perturbation 859/2352 COMBINED_0859
perturbation 860/2352 COMBINED_0860
perturbation 861/2352 COMBINED_0861
perturbation 862/2352 COMBINED_0862
perturbation 863/2352 COMBINED_0863
perturbation 864/2352 COMBINED_0864
perturbation 865/2352 COMBINED_0865
perturbation 866/2352 COMBINED_0866
perturbation 867/2352 COMBINED_0867
perturbation 868/2352 COMBINED_0868
perturbation 869/2352 COMBINED_0869
perturbation 870/2352 COMBINED_0870
perturbation 871/2352 COMBINED_0871
perturbation 872/2352 COMBINED_0872
perturbation 873/2352 COMBINED_0873
perturbation 874/2352 COMBINED_0874
perturbation 875/2352 COMBINED_0875
perturbation 876/2352 COMBINED_0876
perturbation 877/2352 COMBINED_0877
perturbation 878/2352 COMBINED_0878
perturbation 879/2352 COMBINED_0879
perturbation 880/2352 COMBINED_0880
perturbation 881/2352 COMBINED_0881
perturbation 882/2352 COMBINED_0882
perturbation 883/2352 COMBINED_0883
perturbation 884/2352 COMBINED_0884
perturbation 885/2352 COMBINED_0885
perturbation 886/2352 COMBINED_0886
perturbation 887/2352 COMBINED_0887
perturbation 888/2352 COMBINED_0888
perturbation 889/2352 COMBINED_0889
perturbation 890/2352 COMBINED_0890
perturbation 891/2352 COMBINED_0891
perturbation 892/2352 COMBINED_0892
perturbation 893/2352 COMBINED_0893
perturbation 894/2352 COMBINED_0894
perturbation 895/2352 COMBINED_0895
perturbation 896/2352 COMBINED_0896
perturbation 897/2352 COMBINED_0897
perturbation 898/2352 COMBINED_0898
perturbation 899/2352 COMBINED_0899
perturbation 900/2352 COMBINED_0900
perturbation 901/2352 COMBINED_0901
perturbation 902/2352 COMBINED_0902
perturbation 903/2352 COMBINED_0903
perturbation 904/2352 COMBINED_0904
perturbation 905/2352 COMBINED_0905
perturbation 906/2352 COMBINED_0906
perturbation 907/2352 COMBINED_0907
perturbation 908/2352 COMBINED_0908
perturbation 909/2352 COMBINED_0909
perturbation 910/2352 COMBINED_0910
perturbation 911/2352 COMBINED_0911
perturbation 912/2352 COMBINED_0912
perturbation 913/2352 COMBINED_0913
perturbation 914/2352 COMBINED_0914
perturbation 915/2352 COMBINED_0915
perturbation 916/2352 COMBINED_0916
perturbation 917/2352 COMBINED_0917
perturbation 918/2352 COMBINED_0918
perturbation 919/2352 COMBINED_0919
perturbation 920/2352 COMBINED_0920
perturbation 921/2352 COMBINED_0921
perturbation 922/2352 COMBINED_0922
perturbation 923/2352 COMBINED_0923
perturbation 924/2352 COMBINED_0924
perturbation 925/2352 COMBINED_0925
perturbation 926/2352 COMBINED_0926
perturbation 927/2352 COMBINED_0927
perturbation 928/2352 COMBINED_0928
perturbation 929/2352 COMBINED_0929
perturbation 930/2352 COMBINED_0930
perturbation 931/2352 COMBINED_0931
perturbation 932/2352 COMBINED_0932
perturbation 933/2352 COMBINED_0933
perturbation 934/2352 COMBINED_0934
perturbation 935/2352 COMBINED_0935
perturbation 936/2352 COMBINED_0936
perturbation 937/2352 COMBINED_0937
perturbation 938/2352 COMBINED_0938
perturbation 939/2352 COMBINED_0939
perturbation 940/2352 COMBINED_0940
perturbation 941/2352 COMBINED_0941
perturbation 942/2352 COMBINED_0942
perturbation 943/2352 COMBINED_0943
perturbation 944/2352 COMBINED_0944
perturbation 945/2352 COMBINED_0945
perturbation 946/2352 COMBINED_0946
perturbation 947/2352 COMBINED_0947
perturbation 948/2352 COMBINED_0948
perturbation 949/2352 COMBINED_0949
perturbation 950/2352 COMBINED_0950
perturbation 951/2352 COMBINED_0951
perturbation 952/2352 COMBINED_0952
perturbation 953/2352 COMBINED_0953
perturbation 954/2352 COMBINED_0954
perturbation 955/2352 COMBINED_0955
perturbation 956/2352 COMBINED_0956
perturbation 957/2352 COMBINED_0957
perturbation 958/2352 COMBINED_0958
perturbation 959/2352 COMBINED_0959
perturbation 960/2352 COMBINED_0960
perturbation 961/2352 COMBINED_0961
perturbation 962/2352 COMBINED_0962
perturbation 963/2352 COMBINED_0963
perturbation 964/2352 COMBINED_0964
perturbation 965/2352 COMBINED_0965
perturbation 966/2352 COMBINED_0966
perturbation 967/2352 COMBINED_0967
perturbation 968/2352 COMBINED_0968
perturbation 969/2352 COMBINED_0969
perturbation 970/2352 COMBINED_0970
perturbation 971/2352 COMBINED_0971
perturbation 972/2352 COMBINED_0972
perturbation 973/2352 COMBINED_0973
perturbation 974/2352 COMBINED_0974
perturbation 975/2352 COMBINED_0975
perturbation 976/2352 COMBINED_0976
perturbation 977/2352 COMBINED_0977
perturbation 978/2352 COMBINED_0978
perturbation 979/2352 COMBINED_0979
perturbation 980/2352 COMBINED_0980
perturbation 981/2352 COMBINED_0981
perturbation 982/2352 COMBINED_0982
perturbation 983/2352 COMBINED_0983
perturbation 984/2352 COMBINED_0984
perturbation 985/2352 COMBINED_0985
perturbation 986/2352 COMBINED_0986
perturbation 987/2352 COMBINED_0987
perturbation 988/2352 COMBINED_0988
perturbation 989/2352 COMBINED_0989
perturbation 990/2352 COMBINED_0990
perturbation 991/2352 COMBINED_0991
perturbation 992/2352 COMBINED_0992
perturbation 993/2352 COMBINED_0993
perturbation 994/2352 COMBINED_0994
perturbation 995/2352 COMBINED_0995
perturbation 996/2352 COMBINED_0996
perturbation 997/2352 COMBINED_0997
perturbation 998/2352 COMBINED_0998
perturbation 999/2352 COMBINED_0999
perturbation 1000/2352 COMBINED_1000
perturbation 1001/2352 COMBINED_1001
perturbation 1002/2352 COMBINED_1002
perturbation 1003/2352 COMBINED_1003
perturbation 1004/2352 COMBINED_1004
perturbation 1005/2352 COMBINED_1005
perturbation 1006/2352 COMBINED_1006
perturbation 1007/2352 COMBINED_1007
perturbation 1008/2352 COMBINED_1008
perturbation 1009/2352 COMBINED_1009
perturbation 1010/2352 COMBINED_1010
perturbation 1011/2352 COMBINED_1011
perturbation 1012/2352 COMBINED_1012
perturbation 1013/2352 COMBINED_1013
perturbation 1014/2352 COMBINED_1014
perturbation 1015/2352 COMBINED_1015
perturbation 1016/2352 COMBINED_1016
perturbation 1017/2352 COMBINED_1017
perturbation 1018/2352 COMBINED_1018
perturbation 1019/2352 COMBINED_1019
perturbation 1020/2352 COMBINED_1020
perturbation 1021/2352 COMBINED_1021
perturbation 1022/2352 COMBINED_1022
perturbation 1023/2352 COMBINED_1023
perturbation 1024/2352 COMBINED_1024
perturbation 1025/2352 COMBINED_1025
perturbation 1026/2352 COMBINED_1026
perturbation 1027/2352 COMBINED_1027
perturbation 1028/2352 COMBINED_1028
perturbation 1029/2352 COMBINED_1029
perturbation 1030/2352 COMBINED_1030
perturbation 1031/2352 COMBINED_1031
perturbation 1032/2352 COMBINED_1032
perturbation 1033/2352 COMBINED_1033
perturbation 1034/2352 COMBINED_1034
perturbation 1035/2352 COMBINED_1035
perturbation 1036/2352 COMBINED_1036
perturbation 1037/2352 COMBINED_1037
perturbation 1038/2352 COMBINED_1038
perturbation 1039/2352 COMBINED_1039
perturbation 1040/2352 COMBINED_1040
perturbation 1041/2352 COMBINED_1041
perturbation 1042/2352 COMBINED_1042
perturbation 1043/2352 COMBINED_1043
perturbation 1044/2352 COMBINED_1044
perturbation 1045/2352 COMBINED_1045
perturbation 1046/2352 COMBINED_1046
perturbation 1047/2352 COMBINED_1047
perturbation 1048/2352 COMBINED_1048
perturbation 1049/2352 COMBINED_1049
perturbation 1050/2352 COMBINED_1050
perturbation 1051/2352 COMBINED_1051
perturbation 1052/2352 COMBINED_1052
perturbation 1053/2352 COMBINED_1053
perturbation 1054/2352 COMBINED_1054
perturbation 1055/2352 COMBINED_1055
perturbation 1056/2352 COMBINED_1056
perturbation 1057/2352 COMBINED_1057
perturbation 1058/2352 COMBINED_1058
perturbation 1059/2352 COMBINED_1059
perturbation 1060/2352 COMBINED_1060
perturbation 1061/2352 COMBINED_1061
perturbation 1062/2352 COMBINED_1062
perturbation 1063/2352 COMBINED_1063
perturbation 1064/2352 COMBINED_1064
perturbation 1065/2352 COMBINED_1065
perturbation 1066/2352 COMBINED_1066
perturbation 1067/2352 COMBINED_1067
perturbation 1068/2352 COMBINED_1068
perturbation 1069/2352 COMBINED_1069
perturbation 1070/2352 COMBINED_1070
perturbation 1071/2352 COMBINED_1071
perturbation 1072/2352 COMBINED_1072
perturbation 1073/2352 COMBINED_1073
perturbation 1074/2352 COMBINED_1074
perturbation 1075/2352 COMBINED_1075
perturbation 1076/2352 COMBINED_1076
perturbation 1077/2352 COMBINED_1077
perturbation 1078/2352 COMBINED_1078
perturbation 1079/2352 COMBINED_1079
perturbation 1080/2352 COMBINED_1080
perturbation 1081/2352 COMBINED_1081
perturbation 1082/2352 COMBINED_1082
perturbation 1083/2352 COMBINED_1083
perturbation 1084/2352 COMBINED_1084
perturbation 1085/2352 COMBINED_1085
perturbation 1086/2352 COMBINED_1086
perturbation 1087/2352 COMBINED_1087
perturbation 1088/2352 COMBINED_1088
perturbation 1089/2352 COMBINED_1089
perturbation 1090/2352 COMBINED_1090
perturbation 1091/2352 COMBINED_1091
perturbation 1092/2352 COMBINED_1092
perturbation 1093/2352 COMBINED_1093
perturbation 1094/2352 COMBINED_1094
perturbation 1095/2352 COMBINED_1095
perturbation 1096/2352 COMBINED_1096
perturbation 1097/2352 COMBINED_1097
perturbation 1098/2352 COMBINED_1098
perturbation 1099/2352 COMBINED_1099
perturbation 1100/2352 COMBINED_1100
perturbation 1101/2352 COMBINED_1101
perturbation 1102/2352 COMBINED_1102
perturbation 1103/2352 COMBINED_1103
perturbation 1104/2352 COMBINED_1104
perturbation 1105/2352 COMBINED_1105
perturbation 1106/2352 COMBINED_1106
perturbation 1107/2352 COMBINED_1107
perturbation 1108/2352 COMBINED_1108
perturbation 1109/2352 COMBINED_1109
perturbation 1110/2352 COMBINED_1110
perturbation 1111/2352 COMBINED_1111
perturbation 1112/2352 COMBINED_1112
perturbation 1113/2352 COMBINED_1113
perturbation 1114/2352 COMBINED_1114
perturbation 1115/2352 COMBINED_1115
perturbation 1116/2352 COMBINED_1116
perturbation 1117/2352 COMBINED_1117
perturbation 1118/2352 COMBINED_1118
perturbation 1119/2352 COMBINED_1119
perturbation 1120/2352 COMBINED_1120
perturbation 1121/2352 COMBINED_1121
perturbation 1122/2352 COMBINED_1122
perturbation 1123/2352 COMBINED_1123
perturbation 1124/2352 COMBINED_1124
perturbation 1125/2352 COMBINED_1125
perturbation 1126/2352 COMBINED_1126
perturbation 1127/2352 COMBINED_1127
perturbation 1128/2352 COMBINED_1128
perturbation 1129/2352 COMBINED_1129
perturbation 1130/2352 COMBINED_1130
perturbation 1131/2352 COMBINED_1131
perturbation 1132/2352 COMBINED_1132
perturbation 1133/2352 COMBINED_1133
perturbation 1134/2352 COMBINED_1134
perturbation 1135/2352 COMBINED_1135
perturbation 1136/2352 COMBINED_1136
perturbation 1137/2352 COMBINED_1137
perturbation 1138/2352 COMBINED_1138
perturbation 1139/2352 COMBINED_1139
perturbation 1140/2352 COMBINED_1140
perturbation 1141/2352 COMBINED_1141
perturbation 1142/2352 COMBINED_1142
perturbation 1143/2352 COMBINED_1143
perturbation 1144/2352 COMBINED_1144
perturbation 1145/2352 COMBINED_1145
perturbation 1146/2352 COMBINED_1146
perturbation 1147/2352 COMBINED_1147
perturbation 1148/2352 COMBINED_1148
perturbation 1149/2352 COMBINED_1149
perturbation 1150/2352 COMBINED_1150
perturbation 1151/2352 COMBINED_1151
perturbation 1152/2352 COMBINED_1152
perturbation 1153/2352 COMBINED_1153
perturbation 1154/2352 COMBINED_1154
perturbation 1155/2352 COMBINED_1155
perturbation 1156/2352 COMBINED_1156
perturbation 1157/2352 COMBINED_1157
perturbation 1158/2352 COMBINED_1158
perturbation 1159/2352 COMBINED_1159
perturbation 1160/2352 COMBINED_1160
perturbation 1161/2352 COMBINED_1161
perturbation 1162/2352 COMBINED_1162
perturbation 1163/2352 COMBINED_1163
perturbation 1164/2352 COMBINED_1164
perturbation 1165/2352 COMBINED_1165
perturbation 1166/2352 COMBINED_1166
perturbation 1167/2352 COMBINED_1167
perturbation 1168/2352 COMBINED_1168
perturbation 1169/2352 COMBINED_1169
perturbation 1170/2352 COMBINED_1170
perturbation 1171/2352 COMBINED_1171
perturbation 1172/2352 COMBINED_1172
perturbation 1173/2352 COMBINED_1173
perturbation 1174/2352 COMBINED_1174
perturbation 1175/2352 COMBINED_1175
perturbation 1176/2352 COMBINED_1176
perturbation 1177/2352 COMBINED_1177
perturbation 1178/2352 COMBINED_1178
perturbation 1179/2352 COMBINED_1179
perturbation 1180/2352 COMBINED_1180
perturbation 1181/2352 COMBINED_1181
perturbation 1182/2352 COMBINED_1182
perturbation 1183/2352 COMBINED_1183
perturbation 1184/2352 COMBINED_1184
perturbation 1185/2352 COMBINED_1185
perturbation 1186/2352 COMBINED_1186
perturbation 1187/2352 COMBINED_1187
perturbation 1188/2352 COMBINED_1188
perturbation 1189/2352 COMBINED_1189
perturbation 1190/2352 COMBINED_1190
perturbation 1191/2352 COMBINED_1191
perturbation 1192/2352 COMBINED_1192
perturbation 1193/2352 COMBINED_1193
perturbation 1194/2352 COMBINED_1194
perturbation 1195/2352 COMBINED_1195
perturbation 1196/2352 COMBINED_1196
perturbation 1197/2352 COMBINED_1197
perturbation 1198/2352 COMBINED_1198
perturbation 1199/2352 COMBINED_1199
perturbation 1200/2352 COMBINED_1200
perturbation 1201/2352 COMBINED_1201
perturbation 1202/2352 COMBINED_1202
perturbation 1203/2352 COMBINED_1203
perturbation 1204/2352 COMBINED_1204
perturbation 1205/2352 COMBINED_1205
perturbation 1206/2352 COMBINED_1206
perturbation 1207/2352 COMBINED_1207
perturbation 1208/2352 COMBINED_1208
perturbation 1209/2352 COMBINED_1209
perturbation 1210/2352 COMBINED_1210
perturbation 1211/2352 COMBINED_1211
perturbation 1212/2352 COMBINED_1212
perturbation 1213/2352 COMBINED_1213
perturbation 1214/2352 COMBINED_1214
perturbation 1215/2352 COMBINED_1215
perturbation 1216/2352 COMBINED_1216
perturbation 1217/2352 COMBINED_1217
perturbation 1218/2352 COMBINED_1218
perturbation 1219/2352 COMBINED_1219
perturbation 1220/2352 COMBINED_1220
perturbation 1221/2352 COMBINED_1221
perturbation 1222/2352 COMBINED_1222
perturbation 1223/2352 COMBINED_1223
perturbation 1224/2352 COMBINED_1224
perturbation 1225/2352 COMBINED_1225
perturbation 1226/2352 COMBINED_1226
perturbation 1227/2352 COMBINED_1227
perturbation 1228/2352 COMBINED_1228
perturbation 1229/2352 COMBINED_1229
perturbation 1230/2352 COMBINED_1230
perturbation 1231/2352 COMBINED_1231
perturbation 1232/2352 COMBINED_1232
perturbation 1233/2352 COMBINED_1233
perturbation 1234/2352 COMBINED_1234
perturbation 1235/2352 COMBINED_1235
perturbation 1236/2352 COMBINED_1236
perturbation 1237/2352 COMBINED_1237
perturbation 1238/2352 COMBINED_1238
perturbation 1239/2352 COMBINED_1239
perturbation 1240/2352 COMBINED_1240
perturbation 1241/2352 COMBINED_1241
perturbation 1242/2352 COMBINED_1242
perturbation 1243/2352 COMBINED_1243
perturbation 1244/2352 COMBINED_1244
perturbation 1245/2352 COMBINED_1245
perturbation 1246/2352 COMBINED_1246
perturbation 1247/2352 COMBINED_1247
perturbation 1248/2352 COMBINED_1248
perturbation 1249/2352 COMBINED_1249
perturbation 1250/2352 COMBINED_1250
perturbation 1251/2352 COMBINED_1251
perturbation 1252/2352 COMBINED_1252
perturbation 1253/2352 COMBINED_1253
perturbation 1254/2352 COMBINED_1254
perturbation 1255/2352 COMBINED_1255
perturbation 1256/2352 COMBINED_1256
perturbation 1257/2352 COMBINED_1257
perturbation 1258/2352 COMBINED_1258
perturbation 1259/2352 COMBINED_1259
perturbation 1260/2352 COMBINED_1260
perturbation 1261/2352 COMBINED_1261
perturbation 1262/2352 COMBINED_1262
perturbation 1263/2352 COMBINED_1263
perturbation 1264/2352 COMBINED_1264
perturbation 1265/2352 COMBINED_1265
perturbation 1266/2352 COMBINED_1266
perturbation 1267/2352 COMBINED_1267
perturbation 1268/2352 COMBINED_1268
perturbation 1269/2352 COMBINED_1269
perturbation 1270/2352 COMBINED_1270
perturbation 1271/2352 COMBINED_1271
perturbation 1272/2352 COMBINED_1272
perturbation 1273/2352 COMBINED_1273
perturbation 1274/2352 COMBINED_1274
perturbation 1275/2352 COMBINED_1275
perturbation 1276/2352 COMBINED_1276
perturbation 1277/2352 COMBINED_1277
perturbation 1278/2352 COMBINED_1278
perturbation 1279/2352 COMBINED_1279
perturbation 1280/2352 COMBINED_1280
perturbation 1281/2352 COMBINED_1281
perturbation 1282/2352 COMBINED_1282
perturbation 1283/2352 COMBINED_1283
perturbation 1284/2352 COMBINED_1284
perturbation 1285/2352 COMBINED_1285
perturbation 1286/2352 COMBINED_1286
perturbation 1287/2352 COMBINED_1287
perturbation 1288/2352 COMBINED_1288
perturbation 1289/2352 COMBINED_1289
perturbation 1290/2352 COMBINED_1290
perturbation 1291/2352 COMBINED_1291
perturbation 1292/2352 COMBINED_1292
perturbation 1293/2352 COMBINED_1293
perturbation 1294/2352 COMBINED_1294
perturbation 1295/2352 COMBINED_1295
perturbation 1296/2352 COMBINED_1296
perturbation 1297/2352 COMBINED_1297
perturbation 1298/2352 COMBINED_1298
perturbation 1299/2352 COMBINED_1299
perturbation 1300/2352 COMBINED_1300
perturbation 1301/2352 COMBINED_1301
perturbation 1302/2352 COMBINED_1302
perturbation 1303/2352 COMBINED_1303
perturbation 1304/2352 COMBINED_1304
perturbation 1305/2352 COMBINED_1305
perturbation 1306/2352 COMBINED_1306
perturbation 1307/2352 COMBINED_1307
perturbation 1308/2352 COMBINED_1308
perturbation 1309/2352 COMBINED_1309
perturbation 1310/2352 COMBINED_1310
perturbation 1311/2352 COMBINED_1311
perturbation 1312/2352 COMBINED_1312
perturbation 1313/2352 COMBINED_1313
perturbation 1314/2352 COMBINED_1314
perturbation 1315/2352 COMBINED_1315
perturbation 1316/2352 COMBINED_1316
perturbation 1317/2352 COMBINED_1317
perturbation 1318/2352 COMBINED_1318
perturbation 1319/2352 COMBINED_1319
perturbation 1320/2352 COMBINED_1320
perturbation 1321/2352 COMBINED_1321
perturbation 1322/2352 COMBINED_1322
perturbation 1323/2352 COMBINED_1323
perturbation 1324/2352 COMBINED_1324
perturbation 1325/2352 COMBINED_1325
perturbation 1326/2352 COMBINED_1326
perturbation 1327/2352 COMBINED_1327
perturbation 1328/2352 COMBINED_1328
perturbation 1329/2352 COMBINED_1329
perturbation 1330/2352 COMBINED_1330
perturbation 1331/2352 COMBINED_1331
perturbation 1332/2352 COMBINED_1332
perturbation 1333/2352 COMBINED_1333
perturbation 1334/2352 COMBINED_1334
perturbation 1335/2352 COMBINED_1335
perturbation 1336/2352 COMBINED_1336
perturbation 1337/2352 COMBINED_1337
perturbation 1338/2352 COMBINED_1338
perturbation 1339/2352 COMBINED_1339
perturbation 1340/2352 COMBINED_1340
perturbation 1341/2352 COMBINED_1341
perturbation 1342/2352 COMBINED_1342
perturbation 1343/2352 COMBINED_1343
perturbation 1344/2352 COMBINED_1344
perturbation 1345/2352 COMBINED_1345
perturbation 1346/2352 COMBINED_1346
perturbation 1347/2352 COMBINED_1347
perturbation 1348/2352 COMBINED_1348
perturbation 1349/2352 COMBINED_1349
perturbation 1350/2352 COMBINED_1350
perturbation 1351/2352 COMBINED_1351
perturbation 1352/2352 COMBINED_1352
perturbation 1353/2352 COMBINED_1353
perturbation 1354/2352 COMBINED_1354
perturbation 1355/2352 COMBINED_1355
perturbation 1356/2352 COMBINED_1356
perturbation 1357/2352 COMBINED_1357
perturbation 1358/2352 COMBINED_1358
perturbation 1359/2352 COMBINED_1359
perturbation 1360/2352 COMBINED_1360
perturbation 1361/2352 COMBINED_1361
perturbation 1362/2352 COMBINED_1362
perturbation 1363/2352 COMBINED_1363
perturbation 1364/2352 COMBINED_1364
perturbation 1365/2352 COMBINED_1365
perturbation 1366/2352 COMBINED_1366
perturbation 1367/2352 COMBINED_1367
perturbation 1368/2352 COMBINED_1368
perturbation 1369/2352 COMBINED_1369
perturbation 1370/2352 COMBINED_1370
perturbation 1371/2352 COMBINED_1371
perturbation 1372/2352 COMBINED_1372
perturbation 1373/2352 COMBINED_1373
perturbation 1374/2352 COMBINED_1374
perturbation 1375/2352 COMBINED_1375
perturbation 1376/2352 COMBINED_1376
perturbation 1377/2352 COMBINED_1377
perturbation 1378/2352 COMBINED_1378
perturbation 1379/2352 COMBINED_1379
perturbation 1380/2352 COMBINED_1380
perturbation 1381/2352 COMBINED_1381
perturbation 1382/2352 COMBINED_1382
perturbation 1383/2352 COMBINED_1383
perturbation 1384/2352 COMBINED_1384
perturbation 1385/2352 COMBINED_1385
perturbation 1386/2352 COMBINED_1386
perturbation 1387/2352 COMBINED_1387
perturbation 1388/2352 COMBINED_1388
perturbation 1389/2352 COMBINED_1389
perturbation 1390/2352 COMBINED_1390
perturbation 1391/2352 COMBINED_1391
perturbation 1392/2352 COMBINED_1392
perturbation 1393/2352 COMBINED_1393
perturbation 1394/2352 COMBINED_1394
perturbation 1395/2352 COMBINED_1395
perturbation 1396/2352 COMBINED_1396
perturbation 1397/2352 COMBINED_1397
perturbation 1398/2352 COMBINED_1398
perturbation 1399/2352 COMBINED_1399
perturbation 1400/2352 COMBINED_1400
perturbation 1401/2352 COMBINED_1401
perturbation 1402/2352 COMBINED_1402
perturbation 1403/2352 COMBINED_1403
perturbation 1404/2352 COMBINED_1404
perturbation 1405/2352 COMBINED_1405
perturbation 1406/2352 COMBINED_1406
perturbation 1407/2352 COMBINED_1407
perturbation 1408/2352 COMBINED_1408
perturbation 1409/2352 COMBINED_1409
perturbation 1410/2352 COMBINED_1410
perturbation 1411/2352 COMBINED_1411
perturbation 1412/2352 COMBINED_1412
perturbation 1413/2352 COMBINED_1413
perturbation 1414/2352 COMBINED_1414
perturbation 1415/2352 COMBINED_1415
perturbation 1416/2352 COMBINED_1416
perturbation 1417/2352 COMBINED_1417
perturbation 1418/2352 COMBINED_1418
perturbation 1419/2352 COMBINED_1419
perturbation 1420/2352 COMBINED_1420
perturbation 1421/2352 COMBINED_1421
perturbation 1422/2352 COMBINED_1422
perturbation 1423/2352 COMBINED_1423
perturbation 1424/2352 COMBINED_1424
perturbation 1425/2352 COMBINED_1425
perturbation 1426/2352 COMBINED_1426
perturbation 1427/2352 COMBINED_1427
perturbation 1428/2352 COMBINED_1428
perturbation 1429/2352 COMBINED_1429
perturbation 1430/2352 COMBINED_1430
perturbation 1431/2352 COMBINED_1431
perturbation 1432/2352 COMBINED_1432
perturbation 1433/2352 COMBINED_1433
perturbation 1434/2352 COMBINED_1434
perturbation 1435/2352 COMBINED_1435
perturbation 1436/2352 COMBINED_1436
perturbation 1437/2352 COMBINED_1437
perturbation 1438/2352 COMBINED_1438
perturbation 1439/2352 COMBINED_1439
perturbation 1440/2352 COMBINED_1440
perturbation 1441/2352 COMBINED_1441
perturbation 1442/2352 COMBINED_1442
perturbation 1443/2352 COMBINED_1443
perturbation 1444/2352 COMBINED_1444
perturbation 1445/2352 COMBINED_1445
perturbation 1446/2352 COMBINED_1446
perturbation 1447/2352 COMBINED_1447
perturbation 1448/2352 COMBINED_1448
perturbation 1449/2352 COMBINED_1449
perturbation 1450/2352 COMBINED_1450
perturbation 1451/2352 COMBINED_1451
perturbation 1452/2352 COMBINED_1452
perturbation 1453/2352 COMBINED_1453
perturbation 1454/2352 COMBINED_1454
perturbation 1455/2352 COMBINED_1455
perturbation 1456/2352 COMBINED_1456
perturbation 1457/2352 COMBINED_1457
perturbation 1458/2352 COMBINED_1458
perturbation 1459/2352 COMBINED_1459
perturbation 1460/2352 COMBINED_1460
perturbation 1461/2352 COMBINED_1461
perturbation 1462/2352 COMBINED_1462
perturbation 1463/2352 COMBINED_1463
perturbation 1464/2352 COMBINED_1464
perturbation 1465/2352 COMBINED_1465
perturbation 1466/2352 COMBINED_1466
perturbation 1467/2352 COMBINED_1467
perturbation 1468/2352 COMBINED_1468
perturbation 1469/2352 COMBINED_1469
perturbation 1470/2352 COMBINED_1470
perturbation 1471/2352 COMBINED_1471
perturbation 1472/2352 COMBINED_1472
perturbation 1473/2352 COMBINED_1473
perturbation 1474/2352 COMBINED_1474
perturbation 1475/2352 COMBINED_1475
perturbation 1476/2352 COMBINED_1476
perturbation 1477/2352 COMBINED_1477
perturbation 1478/2352 COMBINED_1478
perturbation 1479/2352 COMBINED_1479
perturbation 1480/2352 COMBINED_1480
perturbation 1481/2352 COMBINED_1481
perturbation 1482/2352 COMBINED_1482
perturbation 1483/2352 COMBINED_1483
perturbation 1484/2352 COMBINED_1484
perturbation 1485/2352 COMBINED_1485
perturbation 1486/2352 COMBINED_1486
perturbation 1487/2352 COMBINED_1487
perturbation 1488/2352 COMBINED_1488
perturbation 1489/2352 COMBINED_1489
perturbation 1490/2352 COMBINED_1490
perturbation 1491/2352 COMBINED_1491
perturbation 1492/2352 COMBINED_1492
perturbation 1493/2352 COMBINED_1493
perturbation 1494/2352 COMBINED_1494
perturbation 1495/2352 COMBINED_1495
perturbation 1496/2352 COMBINED_1496
perturbation 1497/2352 COMBINED_1497
perturbation 1498/2352 COMBINED_1498
perturbation 1499/2352 COMBINED_1499
perturbation 1500/2352 COMBINED_1500
perturbation 1501/2352 COMBINED_1501
perturbation 1502/2352 COMBINED_1502
perturbation 1503/2352 COMBINED_1503
perturbation 1504/2352 COMBINED_1504
perturbation 1505/2352 COMBINED_1505
perturbation 1506/2352 COMBINED_1506
perturbation 1507/2352 COMBINED_1507
perturbation 1508/2352 COMBINED_1508
perturbation 1509/2352 COMBINED_1509
perturbation 1510/2352 COMBINED_1510
perturbation 1511/2352 COMBINED_1511
perturbation 1512/2352 COMBINED_1512
perturbation 1513/2352 COMBINED_1513
perturbation 1514/2352 COMBINED_1514
perturbation 1515/2352 COMBINED_1515
perturbation 1516/2352 COMBINED_1516
perturbation 1517/2352 COMBINED_1517
perturbation 1518/2352 COMBINED_1518
perturbation 1519/2352 COMBINED_1519
perturbation 1520/2352 COMBINED_1520
perturbation 1521/2352 COMBINED_1521
perturbation 1522/2352 COMBINED_1522
perturbation 1523/2352 COMBINED_1523
perturbation 1524/2352 COMBINED_1524
perturbation 1525/2352 COMBINED_1525
perturbation 1526/2352 COMBINED_1526
perturbation 1527/2352 COMBINED_1527
perturbation 1528/2352 COMBINED_1528
perturbation 1529/2352 COMBINED_1529
perturbation 1530/2352 COMBINED_1530
perturbation 1531/2352 COMBINED_1531
perturbation 1532/2352 COMBINED_1532
perturbation 1533/2352 COMBINED_1533
perturbation 1534/2352 COMBINED_1534
perturbation 1535/2352 COMBINED_1535
perturbation 1536/2352 COMBINED_1536
perturbation 1537/2352 COMBINED_1537
perturbation 1538/2352 COMBINED_1538
perturbation 1539/2352 COMBINED_1539
perturbation 1540/2352 COMBINED_1540
perturbation 1541/2352 COMBINED_1541
perturbation 1542/2352 COMBINED_1542
perturbation 1543/2352 COMBINED_1543
perturbation 1544/2352 COMBINED_1544
perturbation 1545/2352 COMBINED_1545
perturbation 1546/2352 COMBINED_1546
perturbation 1547/2352 COMBINED_1547
perturbation 1548/2352 COMBINED_1548
perturbation 1549/2352 COMBINED_1549
perturbation 1550/2352 COMBINED_1550
perturbation 1551/2352 COMBINED_1551
perturbation 1552/2352 COMBINED_1552
perturbation 1553/2352 COMBINED_1553
perturbation 1554/2352 COMBINED_1554
perturbation 1555/2352 COMBINED_1555
perturbation 1556/2352 COMBINED_1556
perturbation 1557/2352 COMBINED_1557
perturbation 1558/2352 COMBINED_1558
perturbation 1559/2352 COMBINED_1559
perturbation 1560/2352 COMBINED_1560
perturbation 1561/2352 COMBINED_1561
perturbation 1562/2352 COMBINED_1562
perturbation 1563/2352 COMBINED_1563
perturbation 1564/2352 COMBINED_1564
perturbation 1565/2352 COMBINED_1565
perturbation 1566/2352 COMBINED_1566
perturbation 1567/2352 COMBINED_1567
perturbation 1568/2352 COMBINED_1568
perturbation 1569/2352 COMBINED_1569
perturbation 1570/2352 COMBINED_1570
perturbation 1571/2352 COMBINED_1571
perturbation 1572/2352 COMBINED_1572
perturbation 1573/2352 COMBINED_1573
perturbation 1574/2352 COMBINED_1574
perturbation 1575/2352 COMBINED_1575
perturbation 1576/2352 COMBINED_1576
perturbation 1577/2352 COMBINED_1577
perturbation 1578/2352 COMBINED_1578
perturbation 1579/2352 COMBINED_1579
perturbation 1580/2352 COMBINED_1580
perturbation 1581/2352 COMBINED_1581
perturbation 1582/2352 COMBINED_1582
perturbation 1583/2352 COMBINED_1583
perturbation 1584/2352 COMBINED_1584
perturbation 1585/2352 COMBINED_1585
perturbation 1586/2352 COMBINED_1586
perturbation 1587/2352 COMBINED_1587
perturbation 1588/2352 COMBINED_1588
perturbation 1589/2352 COMBINED_1589
perturbation 1590/2352 COMBINED_1590
perturbation 1591/2352 COMBINED_1591
perturbation 1592/2352 COMBINED_1592
perturbation 1593/2352 COMBINED_1593
perturbation 1594/2352 COMBINED_1594
perturbation 1595/2352 COMBINED_1595
perturbation 1596/2352 COMBINED_1596
perturbation 1597/2352 COMBINED_1597
perturbation 1598/2352 COMBINED_1598
perturbation 1599/2352 COMBINED_1599
perturbation 1600/2352 COMBINED_1600
perturbation 1601/2352 COMBINED_1601
perturbation 1602/2352 COMBINED_1602
perturbation 1603/2352 COMBINED_1603
perturbation 1604/2352 COMBINED_1604
perturbation 1605/2352 COMBINED_1605
perturbation 1606/2352 COMBINED_1606
perturbation 1607/2352 COMBINED_1607
perturbation 1608/2352 COMBINED_1608
perturbation 1609/2352 COMBINED_1609
perturbation 1610/2352 COMBINED_1610
perturbation 1611/2352 COMBINED_1611
perturbation 1612/2352 COMBINED_1612
perturbation 1613/2352 COMBINED_1613
perturbation 1614/2352 COMBINED_1614
perturbation 1615/2352 COMBINED_1615
perturbation 1616/2352 COMBINED_1616
perturbation 1617/2352 COMBINED_1617
perturbation 1618/2352 COMBINED_1618
perturbation 1619/2352 COMBINED_1619
perturbation 1620/2352 COMBINED_1620
perturbation 1621/2352 COMBINED_1621
perturbation 1622/2352 COMBINED_1622
perturbation 1623/2352 COMBINED_1623
perturbation 1624/2352 COMBINED_1624
perturbation 1625/2352 COMBINED_1625
perturbation 1626/2352 COMBINED_1626
perturbation 1627/2352 COMBINED_1627
perturbation 1628/2352 COMBINED_1628
perturbation 1629/2352 COMBINED_1629
perturbation 1630/2352 COMBINED_1630
perturbation 1631/2352 COMBINED_1631
perturbation 1632/2352 COMBINED_1632
perturbation 1633/2352 COMBINED_1633
perturbation 1634/2352 COMBINED_1634
perturbation 1635/2352 COMBINED_1635
perturbation 1636/2352 COMBINED_1636
perturbation 1637/2352 COMBINED_1637
perturbation 1638/2352 COMBINED_1638
perturbation 1639/2352 COMBINED_1639
perturbation 1640/2352 COMBINED_1640
perturbation 1641/2352 COMBINED_1641
perturbation 1642/2352 COMBINED_1642
perturbation 1643/2352 COMBINED_1643
perturbation 1644/2352 COMBINED_1644
perturbation 1645/2352 COMBINED_1645
perturbation 1646/2352 COMBINED_1646
perturbation 1647/2352 COMBINED_1647
perturbation 1648/2352 COMBINED_1648
perturbation 1649/2352 COMBINED_1649
perturbation 1650/2352 COMBINED_1650
perturbation 1651/2352 COMBINED_1651
perturbation 1652/2352 COMBINED_1652
perturbation 1653/2352 COMBINED_1653
perturbation 1654/2352 COMBINED_1654
perturbation 1655/2352 COMBINED_1655
perturbation 1656/2352 COMBINED_1656
perturbation 1657/2352 COMBINED_1657
perturbation 1658/2352 COMBINED_1658
perturbation 1659/2352 COMBINED_1659
perturbation 1660/2352 COMBINED_1660
perturbation 1661/2352 COMBINED_1661
perturbation 1662/2352 COMBINED_1662
perturbation 1663/2352 COMBINED_1663
perturbation 1664/2352 COMBINED_1664
perturbation 1665/2352 COMBINED_1665
perturbation 1666/2352 COMBINED_1666
perturbation 1667/2352 COMBINED_1667
perturbation 1668/2352 COMBINED_1668
perturbation 1669/2352 COMBINED_1669
perturbation 1670/2352 COMBINED_1670
perturbation 1671/2352 COMBINED_1671
perturbation 1672/2352 COMBINED_1672
perturbation 1673/2352 COMBINED_1673
perturbation 1674/2352 COMBINED_1674
perturbation 1675/2352 COMBINED_1675
perturbation 1676/2352 COMBINED_1676
perturbation 1677/2352 COMBINED_1677
perturbation 1678/2352 COMBINED_1678
perturbation 1679/2352 COMBINED_1679
perturbation 1680/2352 COMBINED_1680
perturbation 1681/2352 COMBINED_1681
perturbation 1682/2352 COMBINED_1682
perturbation 1683/2352 COMBINED_1683
perturbation 1684/2352 COMBINED_1684
perturbation 1685/2352 COMBINED_1685
perturbation 1686/2352 COMBINED_1686
perturbation 1687/2352 COMBINED_1687
perturbation 1688/2352 COMBINED_1688
perturbation 1689/2352 COMBINED_1689
perturbation 1690/2352 COMBINED_1690
perturbation 1691/2352 COMBINED_1691
perturbation 1692/2352 COMBINED_1692
perturbation 1693/2352 COMBINED_1693
perturbation 1694/2352 COMBINED_1694
perturbation 1695/2352 COMBINED_1695
perturbation 1696/2352 COMBINED_1696
perturbation 1697/2352 COMBINED_1697
perturbation 1698/2352 COMBINED_1698
perturbation 1699/2352 COMBINED_1699
perturbation 1700/2352 COMBINED_1700
perturbation 1701/2352 COMBINED_1701
perturbation 1702/2352 COMBINED_1702
perturbation 1703/2352 COMBINED_1703
perturbation 1704/2352 COMBINED_1704
perturbation 1705/2352 COMBINED_1705
perturbation 1706/2352 COMBINED_1706
perturbation 1707/2352 COMBINED_1707
perturbation 1708/2352 COMBINED_1708
perturbation 1709/2352 COMBINED_1709
perturbation 1710/2352 COMBINED_1710
perturbation 1711/2352 COMBINED_1711
perturbation 1712/2352 COMBINED_1712
perturbation 1713/2352 COMBINED_1713
perturbation 1714/2352 COMBINED_1714
perturbation 1715/2352 COMBINED_1715
perturbation 1716/2352 COMBINED_1716
perturbation 1717/2352 COMBINED_1717
perturbation 1718/2352 COMBINED_1718
perturbation 1719/2352 COMBINED_1719
perturbation 1720/2352 COMBINED_1720
perturbation 1721/2352 COMBINED_1721
perturbation 1722/2352 COMBINED_1722
perturbation 1723/2352 COMBINED_1723
perturbation 1724/2352 COMBINED_1724
perturbation 1725/2352 COMBINED_1725
perturbation 1726/2352 COMBINED_1726
perturbation 1727/2352 COMBINED_1727
perturbation 1728/2352 COMBINED_1728
perturbation 1729/2352 COMBINED_1729
perturbation 1730/2352 COMBINED_1730
perturbation 1731/2352 COMBINED_1731
perturbation 1732/2352 COMBINED_1732
perturbation 1733/2352 COMBINED_1733
perturbation 1734/2352 COMBINED_1734
perturbation 1735/2352 COMBINED_1735
perturbation 1736/2352 COMBINED_1736
perturbation 1737/2352 COMBINED_1737
perturbation 1738/2352 COMBINED_1738
perturbation 1739/2352 COMBINED_1739
perturbation 1740/2352 COMBINED_1740
perturbation 1741/2352 COMBINED_1741
perturbation 1742/2352 COMBINED_1742
perturbation 1743/2352 COMBINED_1743
perturbation 1744/2352 COMBINED_1744
perturbation 1745/2352 COMBINED_1745
perturbation 1746/2352 COMBINED_1746
perturbation 1747/2352 COMBINED_1747
perturbation 1748/2352 COMBINED_1748
perturbation 1749/2352 COMBINED_1749
perturbation 1750/2352 COMBINED_1750
perturbation 1751/2352 COMBINED_1751
perturbation 1752/2352 COMBINED_1752
perturbation 1753/2352 COMBINED_1753
perturbation 1754/2352 COMBINED_1754
perturbation 1755/2352 COMBINED_1755
perturbation 1756/2352 COMBINED_1756
perturbation 1757/2352 COMBINED_1757
perturbation 1758/2352 COMBINED_1758
perturbation 1759/2352 COMBINED_1759
perturbation 1760/2352 COMBINED_1760
perturbation 1761/2352 COMBINED_1761
perturbation 1762/2352 COMBINED_1762
perturbation 1763/2352 COMBINED_1763
perturbation 1764/2352 COMBINED_1764
perturbation 1765/2352 COMBINED_1765
perturbation 1766/2352 COMBINED_1766
perturbation 1767/2352 COMBINED_1767
perturbation 1768/2352 COMBINED_1768
perturbation 1769/2352 COMBINED_1769
perturbation 1770/2352 COMBINED_1770
perturbation 1771/2352 COMBINED_1771
perturbation 1772/2352 COMBINED_1772
perturbation 1773/2352 COMBINED_1773
perturbation 1774/2352 COMBINED_1774
perturbation 1775/2352 COMBINED_1775
perturbation 1776/2352 COMBINED_1776
perturbation 1777/2352 COMBINED_1777
perturbation 1778/2352 COMBINED_1778
perturbation 1779/2352 COMBINED_1779
perturbation 1780/2352 COMBINED_1780
perturbation 1781/2352 COMBINED_1781
perturbation 1782/2352 COMBINED_1782
perturbation 1783/2352 COMBINED_1783
perturbation 1784/2352 COMBINED_1784
perturbation 1785/2352 COMBINED_1785
perturbation 1786/2352 COMBINED_1786
perturbation 1787/2352 COMBINED_1787
perturbation 1788/2352 COMBINED_1788
perturbation 1789/2352 COMBINED_1789
perturbation 1790/2352 COMBINED_1790
perturbation 1791/2352 COMBINED_1791
perturbation 1792/2352 COMBINED_1792
perturbation 1793/2352 COMBINED_1793
perturbation 1794/2352 COMBINED_1794
perturbation 1795/2352 COMBINED_1795
perturbation 1796/2352 COMBINED_1796
perturbation 1797/2352 COMBINED_1797
perturbation 1798/2352 COMBINED_1798
perturbation 1799/2352 COMBINED_1799
perturbation 1800/2352 COMBINED_1800
perturbation 1801/2352 COMBINED_1801
perturbation 1802/2352 COMBINED_1802
perturbation 1803/2352 COMBINED_1803
perturbation 1804/2352 COMBINED_1804
perturbation 1805/2352 COMBINED_1805
perturbation 1806/2352 COMBINED_1806
perturbation 1807/2352 COMBINED_1807
perturbation 1808/2352 COMBINED_1808
perturbation 1809/2352 COMBINED_1809
perturbation 1810/2352 COMBINED_1810
perturbation 1811/2352 COMBINED_1811
perturbation 1812/2352 COMBINED_1812
perturbation 1813/2352 COMBINED_1813
perturbation 1814/2352 COMBINED_1814
perturbation 1815/2352 COMBINED_1815
perturbation 1816/2352 COMBINED_1816
perturbation 1817/2352 COMBINED_1817
perturbation 1818/2352 COMBINED_1818
perturbation 1819/2352 COMBINED_1819
perturbation 1820/2352 COMBINED_1820
perturbation 1821/2352 COMBINED_1821
perturbation 1822/2352 COMBINED_1822
perturbation 1823/2352 COMBINED_1823
perturbation 1824/2352 COMBINED_1824
perturbation 1825/2352 COMBINED_1825
perturbation 1826/2352 COMBINED_1826
perturbation 1827/2352 COMBINED_1827
perturbation 1828/2352 COMBINED_1828
perturbation 1829/2352 COMBINED_1829
perturbation 1830/2352 COMBINED_1830
perturbation 1831/2352 COMBINED_1831
perturbation 1832/2352 COMBINED_1832
perturbation 1833/2352 COMBINED_1833
perturbation 1834/2352 COMBINED_1834
perturbation 1835/2352 COMBINED_1835
perturbation 1836/2352 COMBINED_1836
perturbation 1837/2352 COMBINED_1837
perturbation 1838/2352 COMBINED_1838
perturbation 1839/2352 COMBINED_1839
perturbation 1840/2352 COMBINED_1840
perturbation 1841/2352 COMBINED_1841
perturbation 1842/2352 COMBINED_1842
perturbation 1843/2352 COMBINED_1843
perturbation 1844/2352 COMBINED_1844
perturbation 1845/2352 COMBINED_1845
perturbation 1846/2352 COMBINED_1846
perturbation 1847/2352 COMBINED_1847
perturbation 1848/2352 COMBINED_1848
perturbation 1849/2352 COMBINED_1849
perturbation 1850/2352 COMBINED_1850
perturbation 1851/2352 COMBINED_1851
perturbation 1852/2352 COMBINED_1852
perturbation 1853/2352 COMBINED_1853
perturbation 1854/2352 COMBINED_1854
perturbation 1855/2352 COMBINED_1855
perturbation 1856/2352 COMBINED_1856
perturbation 1857/2352 COMBINED_1857
perturbation 1858/2352 COMBINED_1858
perturbation 1859/2352 COMBINED_1859
perturbation 1860/2352 COMBINED_1860
perturbation 1861/2352 COMBINED_1861
perturbation 1862/2352 COMBINED_1862
perturbation 1863/2352 COMBINED_1863
perturbation 1864/2352 COMBINED_1864
perturbation 1865/2352 COMBINED_1865
perturbation 1866/2352 COMBINED_1866
perturbation 1867/2352 COMBINED_1867
perturbation 1868/2352 COMBINED_1868
perturbation 1869/2352 COMBINED_1869
perturbation 1870/2352 COMBINED_1870
perturbation 1871/2352 COMBINED_1871
perturbation 1872/2352 COMBINED_1872
perturbation 1873/2352 COMBINED_1873
perturbation 1874/2352 COMBINED_1874
perturbation 1875/2352 COMBINED_1875
perturbation 1876/2352 COMBINED_1876
perturbation 1877/2352 COMBINED_1877
perturbation 1878/2352 COMBINED_1878
perturbation 1879/2352 COMBINED_1879
perturbation 1880/2352 COMBINED_1880
perturbation 1881/2352 COMBINED_1881
perturbation 1882/2352 COMBINED_1882
perturbation 1883/2352 COMBINED_1883
perturbation 1884/2352 COMBINED_1884
perturbation 1885/2352 COMBINED_1885
perturbation 1886/2352 COMBINED_1886
perturbation 1887/2352 COMBINED_1887
perturbation 1888/2352 COMBINED_1888
perturbation 1889/2352 COMBINED_1889
perturbation 1890/2352 COMBINED_1890
perturbation 1891/2352 COMBINED_1891
perturbation 1892/2352 COMBINED_1892
perturbation 1893/2352 COMBINED_1893
perturbation 1894/2352 COMBINED_1894
perturbation 1895/2352 COMBINED_1895
perturbation 1896/2352 COMBINED_1896
perturbation 1897/2352 COMBINED_1897
perturbation 1898/2352 COMBINED_1898
perturbation 1899/2352 COMBINED_1899
perturbation 1900/2352 COMBINED_1900
perturbation 1901/2352 COMBINED_1901
perturbation 1902/2352 COMBINED_1902
perturbation 1903/2352 COMBINED_1903
perturbation 1904/2352 COMBINED_1904
perturbation 1905/2352 COMBINED_1905
perturbation 1906/2352 COMBINED_1906
perturbation 1907/2352 COMBINED_1907
perturbation 1908/2352 COMBINED_1908
perturbation 1909/2352 COMBINED_1909
perturbation 1910/2352 COMBINED_1910
perturbation 1911/2352 COMBINED_1911
perturbation 1912/2352 COMBINED_1912
perturbation 1913/2352 COMBINED_1913
perturbation 1914/2352 COMBINED_1914
perturbation 1915/2352 COMBINED_1915
perturbation 1916/2352 COMBINED_1916
perturbation 1917/2352 COMBINED_1917
perturbation 1918/2352 COMBINED_1918
perturbation 1919/2352 COMBINED_1919
perturbation 1920/2352 COMBINED_1920
perturbation 1921/2352 COMBINED_1921
perturbation 1922/2352 COMBINED_1922
perturbation 1923/2352 COMBINED_1923
perturbation 1924/2352 COMBINED_1924
perturbation 1925/2352 COMBINED_1925
perturbation 1926/2352 COMBINED_1926
perturbation 1927/2352 COMBINED_1927
perturbation 1928/2352 COMBINED_1928
perturbation 1929/2352 COMBINED_1929
perturbation 1930/2352 COMBINED_1930
perturbation 1931/2352 COMBINED_1931
perturbation 1932/2352 COMBINED_1932
perturbation 1933/2352 COMBINED_1933
perturbation 1934/2352 COMBINED_1934
perturbation 1935/2352 COMBINED_1935
perturbation 1936/2352 COMBINED_1936
perturbation 1937/2352 COMBINED_1937
perturbation 1938/2352 COMBINED_1938
perturbation 1939/2352 COMBINED_1939
perturbation 1940/2352 COMBINED_1940
perturbation 1941/2352 COMBINED_1941
perturbation 1942/2352 COMBINED_1942
perturbation 1943/2352 COMBINED_1943
perturbation 1944/2352 COMBINED_1944
perturbation 1945/2352 COMBINED_1945
perturbation 1946/2352 COMBINED_1946
perturbation 1947/2352 COMBINED_1947
perturbation 1948/2352 COMBINED_1948
perturbation 1949/2352 COMBINED_1949
perturbation 1950/2352 COMBINED_1950
perturbation 1951/2352 COMBINED_1951
perturbation 1952/2352 COMBINED_1952
perturbation 1953/2352 COMBINED_1953
perturbation 1954/2352 COMBINED_1954
perturbation 1955/2352 COMBINED_1955
perturbation 1956/2352 COMBINED_1956
perturbation 1957/2352 COMBINED_1957
perturbation 1958/2352 COMBINED_1958
perturbation 1959/2352 COMBINED_1959
perturbation 1960/2352 COMBINED_1960
perturbation 1961/2352 COMBINED_1961
perturbation 1962/2352 COMBINED_1962
perturbation 1963/2352 COMBINED_1963
perturbation 1964/2352 COMBINED_1964
perturbation 1965/2352 COMBINED_1965
perturbation 1966/2352 COMBINED_1966
perturbation 1967/2352 COMBINED_1967
perturbation 1968/2352 COMBINED_1968
perturbation 1969/2352 COMBINED_1969
perturbation 1970/2352 COMBINED_1970
perturbation 1971/2352 COMBINED_1971
perturbation 1972/2352 COMBINED_1972
perturbation 1973/2352 COMBINED_1973
perturbation 1974/2352 COMBINED_1974
perturbation 1975/2352 COMBINED_1975
perturbation 1976/2352 COMBINED_1976
perturbation 1977/2352 COMBINED_1977
perturbation 1978/2352 COMBINED_1978
perturbation 1979/2352 COMBINED_1979
perturbation 1980/2352 COMBINED_1980
perturbation 1981/2352 COMBINED_1981
perturbation 1982/2352 COMBINED_1982
perturbation 1983/2352 COMBINED_1983
perturbation 1984/2352 COMBINED_1984
perturbation 1985/2352 COMBINED_1985
perturbation 1986/2352 COMBINED_1986
perturbation 1987/2352 COMBINED_1987
perturbation 1988/2352 COMBINED_1988
perturbation 1989/2352 COMBINED_1989
perturbation 1990/2352 COMBINED_1990
perturbation 1991/2352 COMBINED_1991
perturbation 1992/2352 COMBINED_1992
perturbation 1993/2352 COMBINED_1993
perturbation 1994/2352 COMBINED_1994
perturbation 1995/2352 COMBINED_1995
perturbation 1996/2352 COMBINED_1996
perturbation 1997/2352 COMBINED_1997
perturbation 1998/2352 COMBINED_1998
perturbation 1999/2352 COMBINED_1999
perturbation 2000/2352 COMBINED_2000
perturbation 2001/2352 COMBINED_2001
perturbation 2002/2352 COMBINED_2002
perturbation 2003/2352 COMBINED_2003
perturbation 2004/2352 COMBINED_2004
perturbation 2005/2352 COMBINED_2005
perturbation 2006/2352 COMBINED_2006
perturbation 2007/2352 COMBINED_2007
perturbation 2008/2352 COMBINED_2008
perturbation 2009/2352 COMBINED_2009
perturbation 2010/2352 COMBINED_2010
perturbation 2011/2352 COMBINED_2011
perturbation 2012/2352 COMBINED_2012
perturbation 2013/2352 COMBINED_2013
perturbation 2014/2352 COMBINED_2014
perturbation 2015/2352 COMBINED_2015
perturbation 2016/2352 COMBINED_2016
perturbation 2017/2352 COMBINED_2017
perturbation 2018/2352 COMBINED_2018
perturbation 2019/2352 COMBINED_2019
perturbation 2020/2352 COMBINED_2020
perturbation 2021/2352 COMBINED_2021
perturbation 2022/2352 COMBINED_2022
perturbation 2023/2352 COMBINED_2023
perturbation 2024/2352 COMBINED_2024
perturbation 2025/2352 COMBINED_2025
perturbation 2026/2352 COMBINED_2026
perturbation 2027/2352 COMBINED_2027
perturbation 2028/2352 COMBINED_2028
perturbation 2029/2352 COMBINED_2029
perturbation 2030/2352 COMBINED_2030
perturbation 2031/2352 COMBINED_2031
perturbation 2032/2352 COMBINED_2032
perturbation 2033/2352 COMBINED_2033
perturbation 2034/2352 COMBINED_2034
perturbation 2035/2352 COMBINED_2035
perturbation 2036/2352 COMBINED_2036
perturbation 2037/2352 COMBINED_2037
perturbation 2038/2352 COMBINED_2038
perturbation 2039/2352 COMBINED_2039
perturbation 2040/2352 COMBINED_2040
perturbation 2041/2352 COMBINED_2041
perturbation 2042/2352 COMBINED_2042
perturbation 2043/2352 COMBINED_2043
perturbation 2044/2352 COMBINED_2044
perturbation 2045/2352 COMBINED_2045
perturbation 2046/2352 COMBINED_2046
perturbation 2047/2352 COMBINED_2047
perturbation 2048/2352 COMBINED_2048
perturbation 2049/2352 COMBINED_2049
perturbation 2050/2352 COMBINED_2050
perturbation 2051/2352 COMBINED_2051
perturbation 2052/2352 COMBINED_2052
perturbation 2053/2352 COMBINED_2053
perturbation 2054/2352 COMBINED_2054
perturbation 2055/2352 COMBINED_2055
perturbation 2056/2352 COMBINED_2056
perturbation 2057/2352 COMBINED_2057
perturbation 2058/2352 COMBINED_2058
perturbation 2059/2352 COMBINED_2059
perturbation 2060/2352 COMBINED_2060
perturbation 2061/2352 COMBINED_2061
perturbation 2062/2352 COMBINED_2062
perturbation 2063/2352 COMBINED_2063
perturbation 2064/2352 COMBINED_2064
perturbation 2065/2352 COMBINED_2065
perturbation 2066/2352 COMBINED_2066
perturbation 2067/2352 COMBINED_2067
perturbation 2068/2352 COMBINED_2068
perturbation 2069/2352 COMBINED_2069
perturbation 2070/2352 COMBINED_2070
perturbation 2071/2352 COMBINED_2071
perturbation 2072/2352 COMBINED_2072
perturbation 2073/2352 COMBINED_2073
perturbation 2074/2352 COMBINED_2074
perturbation 2075/2352 COMBINED_2075
perturbation 2076/2352 COMBINED_2076
perturbation 2077/2352 COMBINED_2077
perturbation 2078/2352 COMBINED_2078
perturbation 2079/2352 COMBINED_2079
perturbation 2080/2352 COMBINED_2080
perturbation 2081/2352 COMBINED_2081
perturbation 2082/2352 COMBINED_2082
perturbation 2083/2352 COMBINED_2083
perturbation 2084/2352 COMBINED_2084
perturbation 2085/2352 COMBINED_2085
perturbation 2086/2352 COMBINED_2086
perturbation 2087/2352 COMBINED_2087
perturbation 2088/2352 COMBINED_2088
perturbation 2089/2352 COMBINED_2089
perturbation 2090/2352 COMBINED_2090
perturbation 2091/2352 COMBINED_2091
perturbation 2092/2352 COMBINED_2092
perturbation 2093/2352 COMBINED_2093
perturbation 2094/2352 COMBINED_2094
perturbation 2095/2352 COMBINED_2095
perturbation 2096/2352 COMBINED_2096
perturbation 2097/2352 COMBINED_2097
perturbation 2098/2352 COMBINED_2098
perturbation 2099/2352 COMBINED_2099
perturbation 2100/2352 COMBINED_2100
perturbation 2101/2352 COMBINED_2101
perturbation 2102/2352 COMBINED_2102
perturbation 2103/2352 COMBINED_2103
perturbation 2104/2352 COMBINED_2104
perturbation 2105/2352 COMBINED_2105
perturbation 2106/2352 COMBINED_2106
perturbation 2107/2352 COMBINED_2107
perturbation 2108/2352 COMBINED_2108
perturbation 2109/2352 COMBINED_2109
perturbation 2110/2352 COMBINED_2110
perturbation 2111/2352 COMBINED_2111
perturbation 2112/2352 COMBINED_2112
perturbation 2113/2352 COMBINED_2113
perturbation 2114/2352 COMBINED_2114
perturbation 2115/2352 COMBINED_2115
perturbation 2116/2352 COMBINED_2116
perturbation 2117/2352 COMBINED_2117
perturbation 2118/2352 COMBINED_2118
perturbation 2119/2352 COMBINED_2119
perturbation 2120/2352 COMBINED_2120
perturbation 2121/2352 COMBINED_2121
perturbation 2122/2352 COMBINED_2122
perturbation 2123/2352 COMBINED_2123
perturbation 2124/2352 COMBINED_2124
perturbation 2125/2352 COMBINED_2125
perturbation 2126/2352 COMBINED_2126
perturbation 2127/2352 COMBINED_2127
perturbation 2128/2352 COMBINED_2128
perturbation 2129/2352 COMBINED_2129
perturbation 2130/2352 COMBINED_2130
perturbation 2131/2352 COMBINED_2131
perturbation 2132/2352 COMBINED_2132
perturbation 2133/2352 COMBINED_2133
perturbation 2134/2352 COMBINED_2134
perturbation 2135/2352 COMBINED_2135
perturbation 2136/2352 COMBINED_2136
perturbation 2137/2352 COMBINED_2137
perturbation 2138/2352 COMBINED_2138
perturbation 2139/2352 COMBINED_2139
perturbation 2140/2352 COMBINED_2140
perturbation 2141/2352 COMBINED_2141
perturbation 2142/2352 COMBINED_2142
perturbation 2143/2352 COMBINED_2143
perturbation 2144/2352 COMBINED_2144
perturbation 2145/2352 COMBINED_2145
perturbation 2146/2352 COMBINED_2146
perturbation 2147/2352 COMBINED_2147
perturbation 2148/2352 COMBINED_2148
perturbation 2149/2352 COMBINED_2149
perturbation 2150/2352 COMBINED_2150
perturbation 2151/2352 COMBINED_2151
perturbation 2152/2352 COMBINED_2152
perturbation 2153/2352 COMBINED_2153
perturbation 2154/2352 COMBINED_2154
perturbation 2155/2352 COMBINED_2155
perturbation 2156/2352 COMBINED_2156
perturbation 2157/2352 COMBINED_2157
perturbation 2158/2352 COMBINED_2158
perturbation 2159/2352 COMBINED_2159
perturbation 2160/2352 COMBINED_2160
perturbation 2161/2352 COMBINED_2161
perturbation 2162/2352 COMBINED_2162
perturbation 2163/2352 COMBINED_2163
perturbation 2164/2352 COMBINED_2164
perturbation 2165/2352 COMBINED_2165
perturbation 2166/2352 COMBINED_2166
perturbation 2167/2352 COMBINED_2167
perturbation 2168/2352 COMBINED_2168
perturbation 2169/2352 COMBINED_2169
perturbation 2170/2352 COMBINED_2170
perturbation 2171/2352 COMBINED_2171
perturbation 2172/2352 COMBINED_2172
perturbation 2173/2352 COMBINED_2173
perturbation 2174/2352 COMBINED_2174
perturbation 2175/2352 COMBINED_2175
perturbation 2176/2352 COMBINED_2176
perturbation 2177/2352 COMBINED_2177
perturbation 2178/2352 COMBINED_2178
perturbation 2179/2352 COMBINED_2179
perturbation 2180/2352 COMBINED_2180
perturbation 2181/2352 COMBINED_2181
perturbation 2182/2352 COMBINED_2182
perturbation 2183/2352 COMBINED_2183
perturbation 2184/2352 COMBINED_2184
perturbation 2185/2352 COMBINED_2185
perturbation 2186/2352 COMBINED_2186
perturbation 2187/2352 COMBINED_2187
perturbation 2188/2352 COMBINED_2188
perturbation 2189/2352 COMBINED_2189
perturbation 2190/2352 COMBINED_2190
perturbation 2191/2352 COMBINED_2191
perturbation 2192/2352 COMBINED_2192
perturbation 2193/2352 COMBINED_2193
perturbation 2194/2352 COMBINED_2194
perturbation 2195/2352 COMBINED_2195
perturbation 2196/2352 COMBINED_2196
perturbation 2197/2352 COMBINED_2197
perturbation 2198/2352 COMBINED_2198
perturbation 2199/2352 COMBINED_2199
perturbation 2200/2352 COMBINED_2200
perturbation 2201/2352 COMBINED_2201
perturbation 2202/2352 COMBINED_2202
perturbation 2203/2352 COMBINED_2203
perturbation 2204/2352 COMBINED_2204
perturbation 2205/2352 COMBINED_2205
perturbation 2206/2352 COMBINED_2206
perturbation 2207/2352 COMBINED_2207
perturbation 2208/2352 COMBINED_2208
perturbation 2209/2352 COMBINED_2209
perturbation 2210/2352 COMBINED_2210
perturbation 2211/2352 COMBINED_2211
perturbation 2212/2352 COMBINED_2212
perturbation 2213/2352 COMBINED_2213
perturbation 2214/2352 COMBINED_2214
perturbation 2215/2352 COMBINED_2215
perturbation 2216/2352 COMBINED_2216
perturbation 2217/2352 COMBINED_2217
perturbation 2218/2352 COMBINED_2218
perturbation 2219/2352 COMBINED_2219
perturbation 2220/2352 COMBINED_2220
perturbation 2221/2352 COMBINED_2221
perturbation 2222/2352 COMBINED_2222
perturbation 2223/2352 COMBINED_2223
perturbation 2224/2352 COMBINED_2224
perturbation 2225/2352 COMBINED_2225
perturbation 2226/2352 COMBINED_2226
perturbation 2227/2352 COMBINED_2227
perturbation 2228/2352 COMBINED_2228
perturbation 2229/2352 COMBINED_2229
perturbation 2230/2352 COMBINED_2230
perturbation 2231/2352 COMBINED_2231
perturbation 2232/2352 COMBINED_2232
perturbation 2233/2352 COMBINED_2233
perturbation 2234/2352 COMBINED_2234
perturbation 2235/2352 COMBINED_2235
perturbation 2236/2352 COMBINED_2236
perturbation 2237/2352 COMBINED_2237
perturbation 2238/2352 COMBINED_2238
perturbation 2239/2352 COMBINED_2239
perturbation 2240/2352 COMBINED_2240
perturbation 2241/2352 COMBINED_2241
perturbation 2242/2352 COMBINED_2242
perturbation 2243/2352 COMBINED_2243
perturbation 2244/2352 COMBINED_2244
perturbation 2245/2352 COMBINED_2245
perturbation 2246/2352 COMBINED_2246
perturbation 2247/2352 COMBINED_2247
perturbation 2248/2352 COMBINED_2248
perturbation 2249/2352 COMBINED_2249
perturbation 2250/2352 COMBINED_2250
perturbation 2251/2352 COMBINED_2251
perturbation 2252/2352 COMBINED_2252
perturbation 2253/2352 COMBINED_2253
perturbation 2254/2352 COMBINED_2254
perturbation 2255/2352 COMBINED_2255
perturbation 2256/2352 COMBINED_2256
perturbation 2257/2352 COMBINED_2257
perturbation 2258/2352 COMBINED_2258
perturbation 2259/2352 COMBINED_2259
perturbation 2260/2352 COMBINED_2260
perturbation 2261/2352 COMBINED_2261
perturbation 2262/2352 COMBINED_2262
perturbation 2263/2352 COMBINED_2263
perturbation 2264/2352 COMBINED_2264
perturbation 2265/2352 COMBINED_2265
perturbation 2266/2352 COMBINED_2266
perturbation 2267/2352 COMBINED_2267
perturbation 2268/2352 COMBINED_2268
perturbation 2269/2352 COMBINED_2269
perturbation 2270/2352 COMBINED_2270
perturbation 2271/2352 COMBINED_2271
perturbation 2272/2352 COMBINED_2272
perturbation 2273/2352 COMBINED_2273
perturbation 2274/2352 COMBINED_2274
perturbation 2275/2352 COMBINED_2275
perturbation 2276/2352 COMBINED_2276
perturbation 2277/2352 COMBINED_2277
perturbation 2278/2352 COMBINED_2278
perturbation 2279/2352 COMBINED_2279
perturbation 2280/2352 COMBINED_2280
perturbation 2281/2352 COMBINED_2281
perturbation 2282/2352 COMBINED_2282
perturbation 2283/2352 COMBINED_2283
perturbation 2284/2352 COMBINED_2284
perturbation 2285/2352 COMBINED_2285
perturbation 2286/2352 COMBINED_2286
perturbation 2287/2352 COMBINED_2287
perturbation 2288/2352 COMBINED_2288
perturbation 2289/2352 COMBINED_2289
perturbation 2290/2352 COMBINED_2290
perturbation 2291/2352 COMBINED_2291
perturbation 2292/2352 COMBINED_2292
perturbation 2293/2352 COMBINED_2293
perturbation 2294/2352 COMBINED_2294
perturbation 2295/2352 COMBINED_2295
perturbation 2296/2352 COMBINED_2296
perturbation 2297/2352 COMBINED_2297
perturbation 2298/2352 COMBINED_2298
perturbation 2299/2352 COMBINED_2299
perturbation 2300/2352 COMBINED_2300
perturbation 2301/2352 COMBINED_2301
perturbation 2302/2352 COMBINED_2302
perturbation 2303/2352 COMBINED_2303
perturbation 2304/2352 COMBINED_2304
perturbation 2305/2352 COMBINED_2305
perturbation 2306/2352 COMBINED_2306
perturbation 2307/2352 COMBINED_2307
perturbation 2308/2352 COMBINED_2308
perturbation 2309/2352 COMBINED_2309
perturbation 2310/2352 COMBINED_2310
perturbation 2311/2352 COMBINED_2311
perturbation 2312/2352 COMBINED_2312
perturbation 2313/2352 COMBINED_2313
perturbation 2314/2352 COMBINED_2314
perturbation 2315/2352 COMBINED_2315
perturbation 2316/2352 COMBINED_2316
perturbation 2317/2352 COMBINED_2317
perturbation 2318/2352 COMBINED_2318
perturbation 2319/2352 COMBINED_2319
perturbation 2320/2352 COMBINED_2320
perturbation 2321/2352 COMBINED_2321
perturbation 2322/2352 COMBINED_2322
perturbation 2323/2352 COMBINED_2323
perturbation 2324/2352 COMBINED_2324
perturbation 2325/2352 COMBINED_2325
perturbation 2326/2352 COMBINED_2326
perturbation 2327/2352 COMBINED_2327
perturbation 2328/2352 COMBINED_2328
perturbation 2329/2352 COMBINED_2329
perturbation 2330/2352 COMBINED_2330
perturbation 2331/2352 COMBINED_2331
perturbation 2332/2352 COMBINED_2332
perturbation 2333/2352 COMBINED_2333
perturbation 2334/2352 COMBINED_2334
perturbation 2335/2352 COMBINED_2335
perturbation 2336/2352 COMBINED_2336
perturbation 2337/2352 COMBINED_2337
perturbation 2338/2352 COMBINED_2338
perturbation 2339/2352 COMBINED_2339
perturbation 2340/2352 COMBINED_2340
perturbation 2341/2352 COMBINED_2341
perturbation 2342/2352 COMBINED_2342
perturbation 2343/2352 COMBINED_2343
perturbation 2344/2352 COMBINED_2344
perturbation 2345/2352 COMBINED_2345
perturbation 2346/2352 COMBINED_2346
perturbation 2347/2352 COMBINED_2347
perturbation 2348/2352 COMBINED_2348
perturbation 2349/2352 COMBINED_2349
perturbation 2350/2352 COMBINED_2350
perturbation 2351/2352 COMBINED_2351
perturbation 2352/2352 COMBINED_2352
Stage dna: 2352 samples pending
dna 1/2352 COMBINED_0001
dna 2/2352 COMBINED_0002
dna 3/2352 COMBINED_0003
dna 4/2352 COMBINED_0004
dna 5/2352 COMBINED_0005
dna 6/2352 COMBINED_0006
dna 7/2352 COMBINED_0007
dna 8/2352 COMBINED_0008
dna 9/2352 COMBINED_0009
dna 10/2352 COMBINED_0010
dna 11/2352 COMBINED_0011
dna 12/2352 COMBINED_0012
dna 13/2352 COMBINED_0013
dna 14/2352 COMBINED_0014
dna 15/2352 COMBINED_0015
dna 16/2352 COMBINED_0016
dna 17/2352 COMBINED_0017
dna 18/2352 COMBINED_0018
dna 19/2352 COMBINED_0019
dna 20/2352 COMBINED_0020
dna 21/2352 COMBINED_0021
dna 22/2352 COMBINED_0022
dna 23/2352 COMBINED_0023
dna 24/2352 COMBINED_0024
dna 25/2352 COMBINED_0025
dna 26/2352 COMBINED_0026
dna 27/2352 COMBINED_0027
dna 28/2352 COMBINED_0028
dna 29/2352 COMBINED_0029
dna 30/2352 COMBINED_0030
dna 31/2352 COMBINED_0031
dna 32/2352 COMBINED_0032
dna 33/2352 COMBINED_0033
dna 34/2352 COMBINED_0034
dna 35/2352 COMBINED_0035
dna 36/2352 COMBINED_0036
dna 37/2352 COMBINED_0037
dna 38/2352 COMBINED_0038
dna 39/2352 COMBINED_0039
dna 40/2352 COMBINED_0040
dna 41/2352 COMBINED_0041
dna 42/2352 COMBINED_0042
dna 43/2352 COMBINED_0043
dna 44/2352 COMBINED_0044
dna 45/2352 COMBINED_0045
dna 46/2352 COMBINED_0046
dna 47/2352 COMBINED_0047
dna 48/2352 COMBINED_0048
dna 49/2352 COMBINED_0049
dna 50/2352 COMBINED_0050
dna 51/2352 COMBINED_0051
dna 52/2352 COMBINED_0052
dna 53/2352 COMBINED_0053
dna 54/2352 COMBINED_0054
dna 55/2352 COMBINED_0055
dna 56/2352 COMBINED_0056
dna 57/2352 COMBINED_0057
dna 58/2352 COMBINED_0058
dna 59/2352 COMBINED_0059
dna 60/2352 COMBINED_0060
dna 61/2352 COMBINED_0061
dna 62/2352 COMBINED_0062
dna 63/2352 COMBINED_0063
dna 64/2352 COMBINED_0064
dna 65/2352 COMBINED_0065
dna 66/2352 COMBINED_0066
dna 67/2352 COMBINED_0067
dna 68/2352 COMBINED_0068
dna 69/2352 COMBINED_0069
dna 70/2352 COMBINED_0070
dna 71/2352 COMBINED_0071
dna 72/2352 COMBINED_0072
dna 73/2352 COMBINED_0073
dna 74/2352 COMBINED_0074
dna 75/2352 COMBINED_0075
dna 76/2352 COMBINED_0076
dna 77/2352 COMBINED_0077
dna 78/2352 COMBINED_0078
dna 79/2352 COMBINED_0079
dna 80/2352 COMBINED_0080
dna 81/2352 COMBINED_0081
dna 82/2352 COMBINED_0082
dna 83/2352 COMBINED_0083
dna 84/2352 COMBINED_0084
dna 85/2352 COMBINED_0085
dna 86/2352 COMBINED_0086
dna 87/2352 COMBINED_0087
dna 88/2352 COMBINED_0088
dna 89/2352 COMBINED_0089
dna 90/2352 COMBINED_0090
dna 91/2352 COMBINED_0091
dna 92/2352 COMBINED_0092
dna 93/2352 COMBINED_0093
dna 94/2352 COMBINED_0094
dna 95/2352 COMBINED_0095
dna 96/2352 COMBINED_0096
dna 97/2352 COMBINED_0097
dna 98/2352 COMBINED_0098
dna 99/2352 COMBINED_0099
dna 100/2352 COMBINED_0100
dna 101/2352 COMBINED_0101
dna 102/2352 COMBINED_0102
dna 103/2352 COMBINED_0103
dna 104/2352 COMBINED_0104
dna 105/2352 COMBINED_0105
dna 106/2352 COMBINED_0106
dna 107/2352 COMBINED_0107
dna 108/2352 COMBINED_0108
dna 109/2352 COMBINED_0109
dna 110/2352 COMBINED_0110
dna 111/2352 COMBINED_0111
dna 112/2352 COMBINED_0112
dna 113/2352 COMBINED_0113
dna 114/2352 COMBINED_0114
dna 115/2352 COMBINED_0115
dna 116/2352 COMBINED_0116
dna 117/2352 COMBINED_0117
dna 118/2352 COMBINED_0118
dna 119/2352 COMBINED_0119
dna 120/2352 COMBINED_0120
dna 121/2352 COMBINED_0121
dna 122/2352 COMBINED_0122
dna 123/2352 COMBINED_0123
dna 124/2352 COMBINED_0124
dna 125/2352 COMBINED_0125
dna 126/2352 COMBINED_0126
dna 127/2352 COMBINED_0127
dna 128/2352 COMBINED_0128
dna 129/2352 COMBINED_0129
dna 130/2352 COMBINED_0130
dna 131/2352 COMBINED_0131
dna 132/2352 COMBINED_0132
dna 133/2352 COMBINED_0133
dna 134/2352 COMBINED_0134
dna 135/2352 COMBINED_0135
dna 136/2352 COMBINED_0136
dna 137/2352 COMBINED_0137
dna 138/2352 COMBINED_0138
dna 139/2352 COMBINED_0139
dna 140/2352 COMBINED_0140
dna 141/2352 COMBINED_0141
dna 142/2352 COMBINED_0142
dna 143/2352 COMBINED_0143
dna 144/2352 COMBINED_0144
dna 145/2352 COMBINED_0145
dna 146/2352 COMBINED_0146
dna 147/2352 COMBINED_0147
dna 148/2352 COMBINED_0148
dna 149/2352 COMBINED_0149
dna 150/2352 COMBINED_0150
dna 151/2352 COMBINED_0151
dna 152/2352 COMBINED_0152
dna 153/2352 COMBINED_0153
dna 154/2352 COMBINED_0154
dna 155/2352 COMBINED_0155
dna 156/2352 COMBINED_0156
dna 157/2352 COMBINED_0157
dna 158/2352 COMBINED_0158
dna 159/2352 COMBINED_0159
dna 160/2352 COMBINED_0160
dna 161/2352 COMBINED_0161
dna 162/2352 COMBINED_0162
dna 163/2352 COMBINED_0163
dna 164/2352 COMBINED_0164
dna 165/2352 COMBINED_0165
dna 166/2352 COMBINED_0166
dna 167/2352 COMBINED_0167
dna 168/2352 COMBINED_0168
dna 169/2352 COMBINED_0169
dna 170/2352 COMBINED_0170
dna 171/2352 COMBINED_0171
dna 172/2352 COMBINED_0172
dna 173/2352 COMBINED_0173
dna 174/2352 COMBINED_0174
dna 175/2352 COMBINED_0175
dna 176/2352 COMBINED_0176
dna 177/2352 COMBINED_0177
dna 178/2352 COMBINED_0178
dna 179/2352 COMBINED_0179
dna 180/2352 COMBINED_0180
dna 181/2352 COMBINED_0181
dna 182/2352 COMBINED_0182
dna 183/2352 COMBINED_0183
dna 184/2352 COMBINED_0184
dna 185/2352 COMBINED_0185
dna 186/2352 COMBINED_0186
dna 187/2352 COMBINED_0187
dna 188/2352 COMBINED_0188
dna 189/2352 COMBINED_0189
dna 190/2352 COMBINED_0190
dna 191/2352 COMBINED_0191
dna 192/2352 COMBINED_0192
dna 193/2352 COMBINED_0193
dna 194/2352 COMBINED_0194
dna 195/2352 COMBINED_0195
dna 196/2352 COMBINED_0196
dna 197/2352 COMBINED_0197
dna 198/2352 COMBINED_0198
dna 199/2352 COMBINED_0199
dna 200/2352 COMBINED_0200
dna 201/2352 COMBINED_0201
dna 202/2352 COMBINED_0202
dna 203/2352 COMBINED_0203
dna 204/2352 COMBINED_0204
dna 205/2352 COMBINED_0205
dna 206/2352 COMBINED_0206
dna 207/2352 COMBINED_0207
dna 208/2352 COMBINED_0208
dna 209/2352 COMBINED_0209
dna 210/2352 COMBINED_0210
dna 211/2352 COMBINED_0211
dna 212/2352 COMBINED_0212
dna 213/2352 COMBINED_0213
dna 214/2352 COMBINED_0214
dna 215/2352 COMBINED_0215
dna 216/2352 COMBINED_0216
dna 217/2352 COMBINED_0217
dna 218/2352 COMBINED_0218
dna 219/2352 COMBINED_0219
dna 220/2352 COMBINED_0220
dna 221/2352 COMBINED_0221
dna 222/2352 COMBINED_0222
dna 223/2352 COMBINED_0223
dna 224/2352 COMBINED_0224
dna 225/2352 COMBINED_0225
dna 226/2352 COMBINED_0226
dna 227/2352 COMBINED_0227
dna 228/2352 COMBINED_0228
dna 229/2352 COMBINED_0229
dna 230/2352 COMBINED_0230
dna 231/2352 COMBINED_0231
dna 232/2352 COMBINED_0232
dna 233/2352 COMBINED_0233
dna 234/2352 COMBINED_0234
dna 235/2352 COMBINED_0235
dna 236/2352 COMBINED_0236
dna 237/2352 COMBINED_0237
dna 238/2352 COMBINED_0238
dna 239/2352 COMBINED_0239
dna 240/2352 COMBINED_0240
dna 241/2352 COMBINED_0241
dna 242/2352 COMBINED_0242
dna 243/2352 COMBINED_0243
dna 244/2352 COMBINED_0244
dna 245/2352 COMBINED_0245
dna 246/2352 COMBINED_0246
dna 247/2352 COMBINED_0247
dna 248/2352 COMBINED_0248
dna 249/2352 COMBINED_0249
dna 250/2352 COMBINED_0250
dna 251/2352 COMBINED_0251
dna 252/2352 COMBINED_0252
dna 253/2352 COMBINED_0253
dna 254/2352 COMBINED_0254
dna 255/2352 COMBINED_0255
dna 256/2352 COMBINED_0256
dna 257/2352 COMBINED_0257
dna 258/2352 COMBINED_0258
dna 259/2352 COMBINED_0259
dna 260/2352 COMBINED_0260
dna 261/2352 COMBINED_0261
dna 262/2352 COMBINED_0262
dna 263/2352 COMBINED_0263
dna 264/2352 COMBINED_0264
dna 265/2352 COMBINED_0265
dna 266/2352 COMBINED_0266
dna 267/2352 COMBINED_0267
dna 268/2352 COMBINED_0268
dna 269/2352 COMBINED_0269
dna 270/2352 COMBINED_0270
dna 271/2352 COMBINED_0271
dna 272/2352 COMBINED_0272
dna 273/2352 COMBINED_0273
dna 274/2352 COMBINED_0274
dna 275/2352 COMBINED_0275
dna 276/2352 COMBINED_0276
dna 277/2352 COMBINED_0277
dna 278/2352 COMBINED_0278
dna 279/2352 COMBINED_0279
dna 280/2352 COMBINED_0280
dna 281/2352 COMBINED_0281
dna 282/2352 COMBINED_0282
dna 283/2352 COMBINED_0283
dna 284/2352 COMBINED_0284
dna 285/2352 COMBINED_0285
dna 286/2352 COMBINED_0286
dna 287/2352 COMBINED_0287
dna 288/2352 COMBINED_0288
dna 289/2352 COMBINED_0289
dna 290/2352 COMBINED_0290
dna 291/2352 COMBINED_0291
dna 292/2352 COMBINED_0292
dna 293/2352 COMBINED_0293
dna 294/2352 COMBINED_0294
dna 295/2352 COMBINED_0295
dna 296/2352 COMBINED_0296
dna 297/2352 COMBINED_0297
dna 298/2352 COMBINED_0298
dna 299/2352 COMBINED_0299
dna 300/2352 COMBINED_0300
dna 301/2352 COMBINED_0301
dna 302/2352 COMBINED_0302
dna 303/2352 COMBINED_0303
dna 304/2352 COMBINED_0304
dna 305/2352 COMBINED_0305
dna 306/2352 COMBINED_0306
dna 307/2352 COMBINED_0307
dna 308/2352 COMBINED_0308
dna 309/2352 COMBINED_0309
dna 310/2352 COMBINED_0310
dna 311/2352 COMBINED_0311
dna 312/2352 COMBINED_0312
dna 313/2352 COMBINED_0313
dna 314/2352 COMBINED_0314
dna 315/2352 COMBINED_0315
dna 316/2352 COMBINED_0316
dna 317/2352 COMBINED_0317
dna 318/2352 COMBINED_0318
dna 319/2352 COMBINED_0319
dna 320/2352 COMBINED_0320
dna 321/2352 COMBINED_0321
dna 322/2352 COMBINED_0322
dna 323/2352 COMBINED_0323
dna 324/2352 COMBINED_0324
dna 325/2352 COMBINED_0325
dna 326/2352 COMBINED_0326
dna 327/2352 COMBINED_0327
dna 328/2352 COMBINED_0328
dna 329/2352 COMBINED_0329
dna 330/2352 COMBINED_0330
dna 331/2352 COMBINED_0331
dna 332/2352 COMBINED_0332
dna 333/2352 COMBINED_0333
dna 334/2352 COMBINED_0334
dna 335/2352 COMBINED_0335
dna 336/2352 COMBINED_0336
dna 337/2352 COMBINED_0337
dna 338/2352 COMBINED_0338
dna 339/2352 COMBINED_0339
dna 340/2352 COMBINED_0340
dna 341/2352 COMBINED_0341
dna 342/2352 COMBINED_0342
dna 343/2352 COMBINED_0343
dna 344/2352 COMBINED_0344
dna 345/2352 COMBINED_0345
dna 346/2352 COMBINED_0346
dna 347/2352 COMBINED_0347
dna 348/2352 COMBINED_0348
dna 349/2352 COMBINED_0349
dna 350/2352 COMBINED_0350
dna 351/2352 COMBINED_0351
dna 352/2352 COMBINED_0352
dna 353/2352 COMBINED_0353
dna 354/2352 COMBINED_0354
dna 355/2352 COMBINED_0355
dna 356/2352 COMBINED_0356
dna 357/2352 COMBINED_0357
dna 358/2352 COMBINED_0358
dna 359/2352 COMBINED_0359
dna 360/2352 COMBINED_0360
dna 361/2352 COMBINED_0361
dna 362/2352 COMBINED_0362
dna 363/2352 COMBINED_0363
dna 364/2352 COMBINED_0364
dna 365/2352 COMBINED_0365
dna 366/2352 COMBINED_0366
dna 367/2352 COMBINED_0367
dna 368/2352 COMBINED_0368
dna 369/2352 COMBINED_0369
dna 370/2352 COMBINED_0370
dna 371/2352 COMBINED_0371
dna 372/2352 COMBINED_0372
dna 373/2352 COMBINED_0373
dna 374/2352 COMBINED_0374
dna 375/2352 COMBINED_0375
dna 376/2352 COMBINED_0376
dna 377/2352 COMBINED_0377
dna 378/2352 COMBINED_0378
dna 379/2352 COMBINED_0379
dna 380/2352 COMBINED_0380
dna 381/2352 COMBINED_0381
dna 382/2352 COMBINED_0382
dna 383/2352 COMBINED_0383
dna 384/2352 COMBINED_0384
dna 385/2352 COMBINED_0385
dna 386/2352 COMBINED_0386
dna 387/2352 COMBINED_0387
dna 388/2352 COMBINED_0388
dna 389/2352 COMBINED_0389
dna 390/2352 COMBINED_0390
dna 391/2352 COMBINED_0391
dna 392/2352 COMBINED_0392
dna 393/2352 COMBINED_0393
dna 394/2352 COMBINED_0394
dna 395/2352 COMBINED_0395
dna 396/2352 COMBINED_0396
dna 397/2352 COMBINED_0397
dna 398/2352 COMBINED_0398
dna 399/2352 COMBINED_0399
dna 400/2352 COMBINED_0400
dna 401/2352 COMBINED_0401
dna 402/2352 COMBINED_0402
dna 403/2352 COMBINED_0403
dna 404/2352 COMBINED_0404
dna 405/2352 COMBINED_0405
dna 406/2352 COMBINED_0406
dna 407/2352 COMBINED_0407
dna 408/2352 COMBINED_0408
dna 409/2352 COMBINED_0409
dna 410/2352 COMBINED_0410
dna 411/2352 COMBINED_0411
dna 412/2352 COMBINED_0412
dna 413/2352 COMBINED_0413
dna 414/2352 COMBINED_0414
dna 415/2352 COMBINED_0415
dna 416/2352 COMBINED_0416
dna 417/2352 COMBINED_0417
dna 418/2352 COMBINED_0418
dna 419/2352 COMBINED_0419
dna 420/2352 COMBINED_0420
dna 421/2352 COMBINED_0421
dna 422/2352 COMBINED_0422
dna 423/2352 COMBINED_0423
dna 424/2352 COMBINED_0424
dna 425/2352 COMBINED_0425
dna 426/2352 COMBINED_0426
dna 427/2352 COMBINED_0427
dna 428/2352 COMBINED_0428
dna 429/2352 COMBINED_0429
dna 430/2352 COMBINED_0430
dna 431/2352 COMBINED_0431
dna 432/2352 COMBINED_0432
dna 433/2352 COMBINED_0433
dna 434/2352 COMBINED_0434
dna 435/2352 COMBINED_0435
dna 436/2352 COMBINED_0436
dna 437/2352 COMBINED_0437
dna 438/2352 COMBINED_0438
dna 439/2352 COMBINED_0439
dna 440/2352 COMBINED_0440
dna 441/2352 COMBINED_0441
dna 442/2352 COMBINED_0442
dna 443/2352 COMBINED_0443
dna 444/2352 COMBINED_0444
dna 445/2352 COMBINED_0445
dna 446/2352 COMBINED_0446
dna 447/2352 COMBINED_0447
dna 448/2352 COMBINED_0448
dna 449/2352 COMBINED_0449
dna 450/2352 COMBINED_0450
dna 451/2352 COMBINED_0451
dna 452/2352 COMBINED_0452
dna 453/2352 COMBINED_0453
dna 454/2352 COMBINED_0454
dna 455/2352 COMBINED_0455
dna 456/2352 COMBINED_0456
dna 457/2352 COMBINED_0457
dna 458/2352 COMBINED_0458
dna 459/2352 COMBINED_0459
dna 460/2352 COMBINED_0460
dna 461/2352 COMBINED_0461
dna 462/2352 COMBINED_0462
dna 463/2352 COMBINED_0463
dna 464/2352 COMBINED_0464
dna 465/2352 COMBINED_0465
dna 466/2352 COMBINED_0466
dna 467/2352 COMBINED_0467
dna 468/2352 COMBINED_0468
dna 469/2352 COMBINED_0469
dna 470/2352 COMBINED_0470
dna 471/2352 COMBINED_0471
dna 472/2352 COMBINED_0472
dna 473/2352 COMBINED_0473
dna 474/2352 COMBINED_0474
dna 475/2352 COMBINED_0475
dna 476/2352 COMBINED_0476
dna 477/2352 COMBINED_0477
dna 478/2352 COMBINED_0478
dna 479/2352 COMBINED_0479
dna 480/2352 COMBINED_0480
dna 481/2352 COMBINED_0481
dna 482/2352 COMBINED_0482
dna 483/2352 COMBINED_0483
dna 484/2352 COMBINED_0484
dna 485/2352 COMBINED_0485
dna 486/2352 COMBINED_0486
dna 487/2352 COMBINED_0487
dna 488/2352 COMBINED_0488
dna 489/2352 COMBINED_0489
dna 490/2352 COMBINED_0490
dna 491/2352 COMBINED_0491
dna 492/2352 COMBINED_0492
dna 493/2352 COMBINED_0493
dna 494/2352 COMBINED_0494
dna 495/2352 COMBINED_0495
dna 496/2352 COMBINED_0496
dna 497/2352 COMBINED_0497
dna 498/2352 COMBINED_0498
dna 499/2352 COMBINED_0499
dna 500/2352 COMBINED_0500
dna 501/2352 COMBINED_0501
dna 502/2352 COMBINED_0502
dna 503/2352 COMBINED_0503
dna 504/2352 COMBINED_0504
dna 505/2352 COMBINED_0505
dna 506/2352 COMBINED_0506
dna 507/2352 COMBINED_0507
dna 508/2352 COMBINED_0508
dna 509/2352 COMBINED_0509
dna 510/2352 COMBINED_0510
dna 511/2352 COMBINED_0511
dna 512/2352 COMBINED_0512
dna 513/2352 COMBINED_0513
dna 514/2352 COMBINED_0514
dna 515/2352 COMBINED_0515
dna 516/2352 COMBINED_0516
dna 517/2352 COMBINED_0517
dna 518/2352 COMBINED_0518
dna 519/2352 COMBINED_0519
dna 520/2352 COMBINED_0520
dna 521/2352 COMBINED_0521
dna 522/2352 COMBINED_0522
dna 523/2352 COMBINED_0523
dna 524/2352 COMBINED_0524
dna 525/2352 COMBINED_0525
dna 526/2352 COMBINED_0526
dna 527/2352 COMBINED_0527
dna 528/2352 COMBINED_0528
dna 529/2352 COMBINED_0529
dna 530/2352 COMBINED_0530
dna 531/2352 COMBINED_0531
dna 532/2352 COMBINED_0532
dna 533/2352 COMBINED_0533
dna 534/2352 COMBINED_0534
dna 535/2352 COMBINED_0535
dna 536/2352 COMBINED_0536
dna 537/2352 COMBINED_0537
dna 538/2352 COMBINED_0538
dna 539/2352 COMBINED_0539
dna 540/2352 COMBINED_0540
dna 541/2352 COMBINED_0541
dna 542/2352 COMBINED_0542
dna 543/2352 COMBINED_0543
dna 544/2352 COMBINED_0544
dna 545/2352 COMBINED_0545
dna 546/2352 COMBINED_0546
dna 547/2352 COMBINED_0547
dna 548/2352 COMBINED_0548
dna 549/2352 COMBINED_0549
dna 550/2352 COMBINED_0550
dna 551/2352 COMBINED_0551
dna 552/2352 COMBINED_0552
dna 553/2352 COMBINED_0553
dna 554/2352 COMBINED_0554
dna 555/2352 COMBINED_0555
dna 556/2352 COMBINED_0556
dna 557/2352 COMBINED_0557
dna 558/2352 COMBINED_0558
dna 559/2352 COMBINED_0559
dna 560/2352 COMBINED_0560
dna 561/2352 COMBINED_0561
dna 562/2352 COMBINED_0562
dna 563/2352 COMBINED_0563
dna 564/2352 COMBINED_0564
dna 565/2352 COMBINED_0565
dna 566/2352 COMBINED_0566
dna 567/2352 COMBINED_0567
dna 568/2352 COMBINED_0568
dna 569/2352 COMBINED_0569
dna 570/2352 COMBINED_0570
dna 571/2352 COMBINED_0571
dna 572/2352 COMBINED_0572
dna 573/2352 COMBINED_0573
dna 574/2352 COMBINED_0574
dna 575/2352 COMBINED_0575
dna 576/2352 COMBINED_0576
dna 577/2352 COMBINED_0577
dna 578/2352 COMBINED_0578
dna 579/2352 COMBINED_0579
dna 580/2352 COMBINED_0580
dna 581/2352 COMBINED_0581
dna 582/2352 COMBINED_0582
dna 583/2352 COMBINED_0583
dna 584/2352 COMBINED_0584
dna 585/2352 COMBINED_0585
dna 586/2352 COMBINED_0586
dna 587/2352 COMBINED_0587
dna 588/2352 COMBINED_0588
dna 589/2352 COMBINED_0589
dna 590/2352 COMBINED_0590
dna 591/2352 COMBINED_0591
dna 592/2352 COMBINED_0592
dna 593/2352 COMBINED_0593
dna 594/2352 COMBINED_0594
dna 595/2352 COMBINED_0595
dna 596/2352 COMBINED_0596
dna 597/2352 COMBINED_0597
dna 598/2352 COMBINED_0598
dna 599/2352 COMBINED_0599
dna 600/2352 COMBINED_0600
dna 601/2352 COMBINED_0601
dna 602/2352 COMBINED_0602
dna 603/2352 COMBINED_0603
dna 604/2352 COMBINED_0604
dna 605/2352 COMBINED_0605
dna 606/2352 COMBINED_0606
dna 607/2352 COMBINED_0607
dna 608/2352 COMBINED_0608
dna 609/2352 COMBINED_0609
dna 610/2352 COMBINED_0610
dna 611/2352 COMBINED_0611
dna 612/2352 COMBINED_0612
dna 613/2352 COMBINED_0613
dna 614/2352 COMBINED_0614
dna 615/2352 COMBINED_0615
dna 616/2352 COMBINED_0616
dna 617/2352 COMBINED_0617
dna 618/2352 COMBINED_0618
dna 619/2352 COMBINED_0619
dna 620/2352 COMBINED_0620
dna 621/2352 COMBINED_0621
dna 622/2352 COMBINED_0622
dna 623/2352 COMBINED_0623
dna 624/2352 COMBINED_0624
dna 625/2352 COMBINED_0625
dna 626/2352 COMBINED_0626
dna 627/2352 COMBINED_0627
dna 628/2352 COMBINED_0628
dna 629/2352 COMBINED_0629
dna 630/2352 COMBINED_0630
dna 631/2352 COMBINED_0631
dna 632/2352 COMBINED_0632
dna 633/2352 COMBINED_0633
dna 634/2352 COMBINED_0634
dna 635/2352 COMBINED_0635
dna 636/2352 COMBINED_0636
dna 637/2352 COMBINED_0637
dna 638/2352 COMBINED_0638
dna 639/2352 COMBINED_0639
dna 640/2352 COMBINED_0640
dna 641/2352 COMBINED_0641
dna 642/2352 COMBINED_0642
dna 643/2352 COMBINED_0643
dna 644/2352 COMBINED_0644
dna 645/2352 COMBINED_0645
dna 646/2352 COMBINED_0646
dna 647/2352 COMBINED_0647
dna 648/2352 COMBINED_0648
dna 649/2352 COMBINED_0649
dna 650/2352 COMBINED_0650
dna 651/2352 COMBINED_0651
dna 652/2352 COMBINED_0652
dna 653/2352 COMBINED_0653
dna 654/2352 COMBINED_0654
dna 655/2352 COMBINED_0655
dna 656/2352 COMBINED_0656
dna 657/2352 COMBINED_0657
dna 658/2352 COMBINED_0658
dna 659/2352 COMBINED_0659
dna 660/2352 COMBINED_0660
dna 661/2352 COMBINED_0661
dna 662/2352 COMBINED_0662
dna 663/2352 COMBINED_0663
dna 664/2352 COMBINED_0664
dna 665/2352 COMBINED_0665
dna 666/2352 COMBINED_0666
dna 667/2352 COMBINED_0667
dna 668/2352 COMBINED_0668
dna 669/2352 COMBINED_0669
dna 670/2352 COMBINED_0670
dna 671/2352 COMBINED_0671
dna 672/2352 COMBINED_0672
dna 673/2352 COMBINED_0673
dna 674/2352 COMBINED_0674
dna 675/2352 COMBINED_0675
dna 676/2352 COMBINED_0676
dna 677/2352 COMBINED_0677
dna 678/2352 COMBINED_0678
dna 679/2352 COMBINED_0679
dna 680/2352 COMBINED_0680
dna 681/2352 COMBINED_0681
dna 682/2352 COMBINED_0682
dna 683/2352 COMBINED_0683
dna 684/2352 COMBINED_0684
dna 685/2352 COMBINED_0685
dna 686/2352 COMBINED_0686
dna 687/2352 COMBINED_0687
dna 688/2352 COMBINED_0688
dna 689/2352 COMBINED_0689
dna 690/2352 COMBINED_0690
dna 691/2352 COMBINED_0691
dna 692/2352 COMBINED_0692
dna 693/2352 COMBINED_0693
dna 694/2352 COMBINED_0694
dna 695/2352 COMBINED_0695
dna 696/2352 COMBINED_0696
dna 697/2352 COMBINED_0697
dna 698/2352 COMBINED_0698
dna 699/2352 COMBINED_0699
dna 700/2352 COMBINED_0700
dna 701/2352 COMBINED_0701
dna 702/2352 COMBINED_0702
dna 703/2352 COMBINED_0703
dna 704/2352 COMBINED_0704
dna 705/2352 COMBINED_0705
dna 706/2352 COMBINED_0706
dna 707/2352 COMBINED_0707
dna 708/2352 COMBINED_0708
dna 709/2352 COMBINED_0709
dna 710/2352 COMBINED_0710
dna 711/2352 COMBINED_0711
dna 712/2352 COMBINED_0712
dna 713/2352 COMBINED_0713
dna 714/2352 COMBINED_0714
dna 715/2352 COMBINED_0715
dna 716/2352 COMBINED_0716
dna 717/2352 COMBINED_0717
dna 718/2352 COMBINED_0718
dna 719/2352 COMBINED_0719
dna 720/2352 COMBINED_0720
dna 721/2352 COMBINED_0721
dna 722/2352 COMBINED_0722
dna 723/2352 COMBINED_0723
dna 724/2352 COMBINED_0724
dna 725/2352 COMBINED_0725
dna 726/2352 COMBINED_0726
dna 727/2352 COMBINED_0727
dna 728/2352 COMBINED_0728
dna 729/2352 COMBINED_0729
dna 730/2352 COMBINED_0730
dna 731/2352 COMBINED_0731
dna 732/2352 COMBINED_0732
dna 733/2352 COMBINED_0733
dna 734/2352 COMBINED_0734
dna 735/2352 COMBINED_0735
dna 736/2352 COMBINED_0736
dna 737/2352 COMBINED_0737
dna 738/2352 COMBINED_0738
dna 739/2352 COMBINED_0739
dna 740/2352 COMBINED_0740
dna 741/2352 COMBINED_0741
dna 742/2352 COMBINED_0742
dna 743/2352 COMBINED_0743
dna 744/2352 COMBINED_0744
dna 745/2352 COMBINED_0745
dna 746/2352 COMBINED_0746
dna 747/2352 COMBINED_0747
dna 748/2352 COMBINED_0748
dna 749/2352 COMBINED_0749
dna 750/2352 COMBINED_0750
dna 751/2352 COMBINED_0751
dna 752/2352 COMBINED_0752
dna 753/2352 COMBINED_0753
dna 754/2352 COMBINED_0754
dna 755/2352 COMBINED_0755
dna 756/2352 COMBINED_0756
dna 757/2352 COMBINED_0757
dna 758/2352 COMBINED_0758
dna 759/2352 COMBINED_0759
dna 760/2352 COMBINED_0760
dna 761/2352 COMBINED_0761
dna 762/2352 COMBINED_0762
dna 763/2352 COMBINED_0763
dna 764/2352 COMBINED_0764
dna 765/2352 COMBINED_0765
dna 766/2352 COMBINED_0766
dna 767/2352 COMBINED_0767
dna 768/2352 COMBINED_0768
dna 769/2352 COMBINED_0769
dna 770/2352 COMBINED_0770
dna 771/2352 COMBINED_0771
dna 772/2352 COMBINED_0772
dna 773/2352 COMBINED_0773
dna 774/2352 COMBINED_0774
dna 775/2352 COMBINED_0775
dna 776/2352 COMBINED_0776
dna 777/2352 COMBINED_0777
dna 778/2352 COMBINED_0778
dna 779/2352 COMBINED_0779
dna 780/2352 COMBINED_0780
dna 781/2352 COMBINED_0781
dna 782/2352 COMBINED_0782
dna 783/2352 COMBINED_0783
dna 784/2352 COMBINED_0784
dna 785/2352 COMBINED_0785
dna 786/2352 COMBINED_0786
dna 787/2352 COMBINED_0787
dna 788/2352 COMBINED_0788
dna 789/2352 COMBINED_0789
dna 790/2352 COMBINED_0790
dna 791/2352 COMBINED_0791
dna 792/2352 COMBINED_0792
dna 793/2352 COMBINED_0793
dna 794/2352 COMBINED_0794
dna 795/2352 COMBINED_0795
dna 796/2352 COMBINED_0796
dna 797/2352 COMBINED_0797
dna 798/2352 COMBINED_0798
dna 799/2352 COMBINED_0799
dna 800/2352 COMBINED_0800
dna 801/2352 COMBINED_0801
dna 802/2352 COMBINED_0802
dna 803/2352 COMBINED_0803
dna 804/2352 COMBINED_0804
dna 805/2352 COMBINED_0805
dna 806/2352 COMBINED_0806
dna 807/2352 COMBINED_0807
dna 808/2352 COMBINED_0808
dna 809/2352 COMBINED_0809
dna 810/2352 COMBINED_0810
dna 811/2352 COMBINED_0811
dna 812/2352 COMBINED_0812
dna 813/2352 COMBINED_0813
dna 814/2352 COMBINED_0814
dna 815/2352 COMBINED_0815
dna 816/2352 COMBINED_0816
dna 817/2352 COMBINED_0817
dna 818/2352 COMBINED_0818
dna 819/2352 COMBINED_0819
dna 820/2352 COMBINED_0820
dna 821/2352 COMBINED_0821
dna 822/2352 COMBINED_0822
dna 823/2352 COMBINED_0823
dna 824/2352 COMBINED_0824
dna 825/2352 COMBINED_0825
dna 826/2352 COMBINED_0826
dna 827/2352 COMBINED_0827
dna 828/2352 COMBINED_0828
dna 829/2352 COMBINED_0829
dna 830/2352 COMBINED_0830
dna 831/2352 COMBINED_0831
dna 832/2352 COMBINED_0832
dna 833/2352 COMBINED_0833
dna 834/2352 COMBINED_0834
dna 835/2352 COMBINED_0835
dna 836/2352 COMBINED_0836
dna 837/2352 COMBINED_0837
dna 838/2352 COMBINED_0838
dna 839/2352 COMBINED_0839
dna 840/2352 COMBINED_0840
dna 841/2352 COMBINED_0841
dna 842/2352 COMBINED_0842
dna 843/2352 COMBINED_0843
dna 844/2352 COMBINED_0844
dna 845/2352 COMBINED_0845
dna 846/2352 COMBINED_0846
dna 847/2352 COMBINED_0847
dna 848/2352 COMBINED_0848
dna 849/2352 COMBINED_0849
dna 850/2352 COMBINED_0850
dna 851/2352 COMBINED_0851
dna 852/2352 COMBINED_0852
dna 853/2352 COMBINED_0853
dna 854/2352 COMBINED_0854
dna 855/2352 COMBINED_0855
dna 856/2352 COMBINED_0856
dna 857/2352 COMBINED_0857
dna 858/2352 COMBINED_0858
dna 859/2352 COMBINED_0859
dna 860/2352 COMBINED_0860
dna 861/2352 COMBINED_0861
dna 862/2352 COMBINED_0862
dna 863/2352 COMBINED_0863
dna 864/2352 COMBINED_0864
dna 865/2352 COMBINED_0865
dna 866/2352 COMBINED_0866
dna 867/2352 COMBINED_0867
dna 868/2352 COMBINED_0868
dna 869/2352 COMBINED_0869
dna 870/2352 COMBINED_0870
dna 871/2352 COMBINED_0871
dna 872/2352 COMBINED_0872
dna 873/2352 COMBINED_0873
dna 874/2352 COMBINED_0874
dna 875/2352 COMBINED_0875
dna 876/2352 COMBINED_0876
dna 877/2352 COMBINED_0877
dna 878/2352 COMBINED_0878
dna 879/2352 COMBINED_0879
dna 880/2352 COMBINED_0880
dna 881/2352 COMBINED_0881
dna 882/2352 COMBINED_0882
dna 883/2352 COMBINED_0883
dna 884/2352 COMBINED_0884
dna 885/2352 COMBINED_0885
dna 886/2352 COMBINED_0886
dna 887/2352 COMBINED_0887
dna 888/2352 COMBINED_0888
dna 889/2352 COMBINED_0889
dna 890/2352 COMBINED_0890
dna 891/2352 COMBINED_0891
dna 892/2352 COMBINED_0892
dna 893/2352 COMBINED_0893
dna 894/2352 COMBINED_0894
dna 895/2352 COMBINED_0895
dna 896/2352 COMBINED_0896
dna 897/2352 COMBINED_0897
dna 898/2352 COMBINED_0898
dna 899/2352 COMBINED_0899
dna 900/2352 COMBINED_0900
dna 901/2352 COMBINED_0901
dna 902/2352 COMBINED_0902
dna 903/2352 COMBINED_0903
dna 904/2352 COMBINED_0904
dna 905/2352 COMBINED_0905
dna 906/2352 COMBINED_0906
dna 907/2352 COMBINED_0907
dna 908/2352 COMBINED_0908
dna 909/2352 COMBINED_0909
dna 910/2352 COMBINED_0910
dna 911/2352 COMBINED_0911
dna 912/2352 COMBINED_0912
dna 913/2352 COMBINED_0913
dna 914/2352 COMBINED_0914
dna 915/2352 COMBINED_0915
dna 916/2352 COMBINED_0916
dna 917/2352 COMBINED_0917
dna 918/2352 COMBINED_0918
dna 919/2352 COMBINED_0919
dna 920/2352 COMBINED_0920
dna 921/2352 COMBINED_0921
dna 922/2352 COMBINED_0922
dna 923/2352 COMBINED_0923
dna 924/2352 COMBINED_0924
dna 925/2352 COMBINED_0925
dna 926/2352 COMBINED_0926
dna 927/2352 COMBINED_0927
dna 928/2352 COMBINED_0928
dna 929/2352 COMBINED_0929
dna 930/2352 COMBINED_0930
dna 931/2352 COMBINED_0931
dna 932/2352 COMBINED_0932
dna 933/2352 COMBINED_0933
dna 934/2352 COMBINED_0934
dna 935/2352 COMBINED_0935
dna 936/2352 COMBINED_0936
dna 937/2352 COMBINED_0937
dna 938/2352 COMBINED_0938
dna 939/2352 COMBINED_0939
dna 940/2352 COMBINED_0940
dna 941/2352 COMBINED_0941
dna 942/2352 COMBINED_0942
dna 943/2352 COMBINED_0943
dna 944/2352 COMBINED_0944
dna 945/2352 COMBINED_0945
dna 946/2352 COMBINED_0946
dna 947/2352 COMBINED_0947
dna 948/2352 COMBINED_0948
dna 949/2352 COMBINED_0949
dna 950/2352 COMBINED_0950
dna 951/2352 COMBINED_0951
dna 952/2352 COMBINED_0952
dna 953/2352 COMBINED_0953
dna 954/2352 COMBINED_0954
dna 955/2352 COMBINED_0955
dna 956/2352 COMBINED_0956
dna 957/2352 COMBINED_0957
dna 958/2352 COMBINED_0958
dna 959/2352 COMBINED_0959
dna 960/2352 COMBINED_0960
dna 961/2352 COMBINED_0961
dna 962/2352 COMBINED_0962
dna 963/2352 COMBINED_0963
dna 964/2352 COMBINED_0964
dna 965/2352 COMBINED_0965
dna 966/2352 COMBINED_0966
dna 967/2352 COMBINED_0967
dna 968/2352 COMBINED_0968
dna 969/2352 COMBINED_0969
dna 970/2352 COMBINED_0970
dna 971/2352 COMBINED_0971
dna 972/2352 COMBINED_0972
dna 973/2352 COMBINED_0973
dna 974/2352 COMBINED_0974
dna 975/2352 COMBINED_0975
dna 976/2352 COMBINED_0976
dna 977/2352 COMBINED_0977
dna 978/2352 COMBINED_0978
dna 979/2352 COMBINED_0979
dna 980/2352 COMBINED_0980
dna 981/2352 COMBINED_0981
dna 982/2352 COMBINED_0982
dna 983/2352 COMBINED_0983
dna 984/2352 COMBINED_0984
dna 985/2352 COMBINED_0985
dna 986/2352 COMBINED_0986
dna 987/2352 COMBINED_0987
dna 988/2352 COMBINED_0988
dna 989/2352 COMBINED_0989
dna 990/2352 COMBINED_0990
dna 991/2352 COMBINED_0991
dna 992/2352 COMBINED_0992
dna 993/2352 COMBINED_0993
dna 994/2352 COMBINED_0994
dna 995/2352 COMBINED_0995
dna 996/2352 COMBINED_0996
dna 997/2352 COMBINED_0997
dna 998/2352 COMBINED_0998
dna 999/2352 COMBINED_0999
dna 1000/2352 COMBINED_1000
dna 1001/2352 COMBINED_1001
dna 1002/2352 COMBINED_1002
dna 1003/2352 COMBINED_1003
dna 1004/2352 COMBINED_1004
dna 1005/2352 COMBINED_1005
dna 1006/2352 COMBINED_1006
dna 1007/2352 COMBINED_1007
dna 1008/2352 COMBINED_1008
dna 1009/2352 COMBINED_1009
dna 1010/2352 COMBINED_1010
dna 1011/2352 COMBINED_1011
dna 1012/2352 COMBINED_1012
dna 1013/2352 COMBINED_1013
dna 1014/2352 COMBINED_1014
dna 1015/2352 COMBINED_1015
dna 1016/2352 COMBINED_1016
dna 1017/2352 COMBINED_1017
dna 1018/2352 COMBINED_1018
dna 1019/2352 COMBINED_1019
dna 1020/2352 COMBINED_1020
dna 1021/2352 COMBINED_1021
dna 1022/2352 COMBINED_1022
dna 1023/2352 COMBINED_1023
dna 1024/2352 COMBINED_1024
dna 1025/2352 COMBINED_1025
dna 1026/2352 COMBINED_1026
dna 1027/2352 COMBINED_1027
dna 1028/2352 COMBINED_1028
dna 1029/2352 COMBINED_1029
dna 1030/2352 COMBINED_1030
dna 1031/2352 COMBINED_1031
dna 1032/2352 COMBINED_1032
dna 1033/2352 COMBINED_1033
dna 1034/2352 COMBINED_1034
dna 1035/2352 COMBINED_1035
dna 1036/2352 COMBINED_1036
dna 1037/2352 COMBINED_1037
dna 1038/2352 COMBINED_1038
dna 1039/2352 COMBINED_1039
dna 1040/2352 COMBINED_1040
dna 1041/2352 COMBINED_1041
dna 1042/2352 COMBINED_1042
dna 1043/2352 COMBINED_1043
dna 1044/2352 COMBINED_1044
dna 1045/2352 COMBINED_1045
dna 1046/2352 COMBINED_1046
dna 1047/2352 COMBINED_1047
dna 1048/2352 COMBINED_1048
dna 1049/2352 COMBINED_1049
dna 1050/2352 COMBINED_1050
dna 1051/2352 COMBINED_1051
dna 1052/2352 COMBINED_1052
dna 1053/2352 COMBINED_1053
dna 1054/2352 COMBINED_1054
dna 1055/2352 COMBINED_1055
dna 1056/2352 COMBINED_1056
dna 1057/2352 COMBINED_1057
dna 1058/2352 COMBINED_1058
dna 1059/2352 COMBINED_1059
dna 1060/2352 COMBINED_1060
dna 1061/2352 COMBINED_1061
dna 1062/2352 COMBINED_1062
dna 1063/2352 COMBINED_1063
dna 1064/2352 COMBINED_1064
dna 1065/2352 COMBINED_1065
dna 1066/2352 COMBINED_1066
dna 1067/2352 COMBINED_1067
dna 1068/2352 COMBINED_1068
dna 1069/2352 COMBINED_1069
dna 1070/2352 COMBINED_1070
dna 1071/2352 COMBINED_1071
dna 1072/2352 COMBINED_1072
dna 1073/2352 COMBINED_1073
dna 1074/2352 COMBINED_1074
dna 1075/2352 COMBINED_1075
dna 1076/2352 COMBINED_1076
dna 1077/2352 COMBINED_1077
dna 1078/2352 COMBINED_1078
dna 1079/2352 COMBINED_1079
dna 1080/2352 COMBINED_1080
dna 1081/2352 COMBINED_1081
dna 1082/2352 COMBINED_1082
dna 1083/2352 COMBINED_1083
dna 1084/2352 COMBINED_1084
dna 1085/2352 COMBINED_1085
dna 1086/2352 COMBINED_1086
dna 1087/2352 COMBINED_1087
dna 1088/2352 COMBINED_1088
dna 1089/2352 COMBINED_1089
dna 1090/2352 COMBINED_1090
dna 1091/2352 COMBINED_1091
dna 1092/2352 COMBINED_1092
dna 1093/2352 COMBINED_1093
dna 1094/2352 COMBINED_1094
dna 1095/2352 COMBINED_1095
dna 1096/2352 COMBINED_1096
dna 1097/2352 COMBINED_1097
dna 1098/2352 COMBINED_1098
dna 1099/2352 COMBINED_1099
dna 1100/2352 COMBINED_1100
dna 1101/2352 COMBINED_1101
dna 1102/2352 COMBINED_1102
dna 1103/2352 COMBINED_1103
dna 1104/2352 COMBINED_1104
dna 1105/2352 COMBINED_1105
dna 1106/2352 COMBINED_1106
dna 1107/2352 COMBINED_1107
dna 1108/2352 COMBINED_1108
dna 1109/2352 COMBINED_1109
dna 1110/2352 COMBINED_1110
dna 1111/2352 COMBINED_1111
dna 1112/2352 COMBINED_1112
dna 1113/2352 COMBINED_1113
dna 1114/2352 COMBINED_1114
dna 1115/2352 COMBINED_1115
dna 1116/2352 COMBINED_1116
dna 1117/2352 COMBINED_1117
dna 1118/2352 COMBINED_1118
dna 1119/2352 COMBINED_1119
dna 1120/2352 COMBINED_1120
dna 1121/2352 COMBINED_1121
dna 1122/2352 COMBINED_1122
dna 1123/2352 COMBINED_1123
dna 1124/2352 COMBINED_1124
dna 1125/2352 COMBINED_1125
dna 1126/2352 COMBINED_1126
dna 1127/2352 COMBINED_1127
dna 1128/2352 COMBINED_1128
dna 1129/2352 COMBINED_1129
dna 1130/2352 COMBINED_1130
dna 1131/2352 COMBINED_1131
dna 1132/2352 COMBINED_1132
dna 1133/2352 COMBINED_1133
dna 1134/2352 COMBINED_1134
dna 1135/2352 COMBINED_1135
dna 1136/2352 COMBINED_1136
dna 1137/2352 COMBINED_1137
dna 1138/2352 COMBINED_1138
dna 1139/2352 COMBINED_1139
dna 1140/2352 COMBINED_1140
dna 1141/2352 COMBINED_1141
dna 1142/2352 COMBINED_1142
dna 1143/2352 COMBINED_1143
dna 1144/2352 COMBINED_1144
dna 1145/2352 COMBINED_1145
dna 1146/2352 COMBINED_1146
dna 1147/2352 COMBINED_1147
dna 1148/2352 COMBINED_1148
dna 1149/2352 COMBINED_1149
dna 1150/2352 COMBINED_1150
dna 1151/2352 COMBINED_1151
dna 1152/2352 COMBINED_1152
dna 1153/2352 COMBINED_1153
dna 1154/2352 COMBINED_1154
dna 1155/2352 COMBINED_1155
dna 1156/2352 COMBINED_1156
dna 1157/2352 COMBINED_1157
dna 1158/2352 COMBINED_1158
dna 1159/2352 COMBINED_1159
dna 1160/2352 COMBINED_1160
dna 1161/2352 COMBINED_1161
dna 1162/2352 COMBINED_1162
dna 1163/2352 COMBINED_1163
dna 1164/2352 COMBINED_1164
dna 1165/2352 COMBINED_1165
dna 1166/2352 COMBINED_1166
dna 1167/2352 COMBINED_1167
dna 1168/2352 COMBINED_1168
dna 1169/2352 COMBINED_1169
dna 1170/2352 COMBINED_1170
dna 1171/2352 COMBINED_1171
dna 1172/2352 COMBINED_1172
dna 1173/2352 COMBINED_1173
dna 1174/2352 COMBINED_1174
dna 1175/2352 COMBINED_1175
dna 1176/2352 COMBINED_1176
dna 1177/2352 COMBINED_1177
dna 1178/2352 COMBINED_1178
dna 1179/2352 COMBINED_1179
dna 1180/2352 COMBINED_1180
dna 1181/2352 COMBINED_1181
dna 1182/2352 COMBINED_1182
dna 1183/2352 COMBINED_1183
dna 1184/2352 COMBINED_1184
dna 1185/2352 COMBINED_1185
dna 1186/2352 COMBINED_1186
dna 1187/2352 COMBINED_1187
dna 1188/2352 COMBINED_1188
dna 1189/2352 COMBINED_1189
dna 1190/2352 COMBINED_1190
dna 1191/2352 COMBINED_1191
dna 1192/2352 COMBINED_1192
dna 1193/2352 COMBINED_1193
dna 1194/2352 COMBINED_1194
dna 1195/2352 COMBINED_1195
dna 1196/2352 COMBINED_1196
dna 1197/2352 COMBINED_1197
dna 1198/2352 COMBINED_1198
dna 1199/2352 COMBINED_1199
dna 1200/2352 COMBINED_1200
dna 1201/2352 COMBINED_1201
dna 1202/2352 COMBINED_1202
dna 1203/2352 COMBINED_1203
dna 1204/2352 COMBINED_1204
dna 1205/2352 COMBINED_1205
dna 1206/2352 COMBINED_1206
dna 1207/2352 COMBINED_1207
dna 1208/2352 COMBINED_1208
dna 1209/2352 COMBINED_1209
dna 1210/2352 COMBINED_1210
dna 1211/2352 COMBINED_1211
dna 1212/2352 COMBINED_1212
dna 1213/2352 COMBINED_1213
dna 1214/2352 COMBINED_1214
dna 1215/2352 COMBINED_1215
dna 1216/2352 COMBINED_1216
dna 1217/2352 COMBINED_1217
dna 1218/2352 COMBINED_1218
dna 1219/2352 COMBINED_1219
dna 1220/2352 COMBINED_1220
dna 1221/2352 COMBINED_1221
dna 1222/2352 COMBINED_1222
dna 1223/2352 COMBINED_1223
dna 1224/2352 COMBINED_1224
dna 1225/2352 COMBINED_1225
dna 1226/2352 COMBINED_1226
dna 1227/2352 COMBINED_1227
dna 1228/2352 COMBINED_1228
dna 1229/2352 COMBINED_1229
dna 1230/2352 COMBINED_1230
dna 1231/2352 COMBINED_1231
dna 1232/2352 COMBINED_1232
dna 1233/2352 COMBINED_1233
dna 1234/2352 COMBINED_1234
dna 1235/2352 COMBINED_1235
dna 1236/2352 COMBINED_1236
dna 1237/2352 COMBINED_1237
dna 1238/2352 COMBINED_1238
dna 1239/2352 COMBINED_1239
dna 1240/2352 COMBINED_1240
dna 1241/2352 COMBINED_1241
dna 1242/2352 COMBINED_1242
dna 1243/2352 COMBINED_1243
dna 1244/2352 COMBINED_1244
dna 1245/2352 COMBINED_1245
dna 1246/2352 COMBINED_1246
dna 1247/2352 COMBINED_1247
dna 1248/2352 COMBINED_1248
dna 1249/2352 COMBINED_1249
dna 1250/2352 COMBINED_1250
dna 1251/2352 COMBINED_1251
dna 1252/2352 COMBINED_1252
dna 1253/2352 COMBINED_1253
dna 1254/2352 COMBINED_1254
dna 1255/2352 COMBINED_1255
dna 1256/2352 COMBINED_1256
dna 1257/2352 COMBINED_1257
dna 1258/2352 COMBINED_1258
dna 1259/2352 COMBINED_1259
dna 1260/2352 COMBINED_1260
dna 1261/2352 COMBINED_1261
dna 1262/2352 COMBINED_1262
dna 1263/2352 COMBINED_1263
dna 1264/2352 COMBINED_1264
dna 1265/2352 COMBINED_1265
dna 1266/2352 COMBINED_1266
dna 1267/2352 COMBINED_1267
dna 1268/2352 COMBINED_1268
dna 1269/2352 COMBINED_1269
dna 1270/2352 COMBINED_1270
dna 1271/2352 COMBINED_1271
dna 1272/2352 COMBINED_1272
dna 1273/2352 COMBINED_1273
dna 1274/2352 COMBINED_1274
dna 1275/2352 COMBINED_1275
dna 1276/2352 COMBINED_1276
dna 1277/2352 COMBINED_1277
dna 1278/2352 COMBINED_1278
dna 1279/2352 COMBINED_1279
dna 1280/2352 COMBINED_1280
dna 1281/2352 COMBINED_1281
dna 1282/2352 COMBINED_1282
dna 1283/2352 COMBINED_1283
dna 1284/2352 COMBINED_1284
dna 1285/2352 COMBINED_1285
dna 1286/2352 COMBINED_1286
dna 1287/2352 COMBINED_1287
dna 1288/2352 COMBINED_1288
dna 1289/2352 COMBINED_1289
dna 1290/2352 COMBINED_1290
dna 1291/2352 COMBINED_1291
dna 1292/2352 COMBINED_1292
dna 1293/2352 COMBINED_1293
dna 1294/2352 COMBINED_1294
dna 1295/2352 COMBINED_1295
dna 1296/2352 COMBINED_1296
dna 1297/2352 COMBINED_1297
dna 1298/2352 COMBINED_1298
dna 1299/2352 COMBINED_1299
dna 1300/2352 COMBINED_1300
dna 1301/2352 COMBINED_1301
dna 1302/2352 COMBINED_1302
dna 1303/2352 COMBINED_1303
dna 1304/2352 COMBINED_1304
dna 1305/2352 COMBINED_1305
dna 1306/2352 COMBINED_1306
dna 1307/2352 COMBINED_1307
dna 1308/2352 COMBINED_1308
dna 1309/2352 COMBINED_1309
dna 1310/2352 COMBINED_1310
dna 1311/2352 COMBINED_1311
dna 1312/2352 COMBINED_1312
dna 1313/2352 COMBINED_1313
dna 1314/2352 COMBINED_1314
dna 1315/2352 COMBINED_1315
dna 1316/2352 COMBINED_1316
dna 1317/2352 COMBINED_1317
dna 1318/2352 COMBINED_1318
dna 1319/2352 COMBINED_1319
dna 1320/2352 COMBINED_1320
dna 1321/2352 COMBINED_1321
dna 1322/2352 COMBINED_1322
dna 1323/2352 COMBINED_1323
dna 1324/2352 COMBINED_1324
dna 1325/2352 COMBINED_1325
dna 1326/2352 COMBINED_1326
dna 1327/2352 COMBINED_1327
dna 1328/2352 COMBINED_1328
dna 1329/2352 COMBINED_1329
dna 1330/2352 COMBINED_1330
dna 1331/2352 COMBINED_1331
dna 1332/2352 COMBINED_1332
dna 1333/2352 COMBINED_1333
dna 1334/2352 COMBINED_1334
dna 1335/2352 COMBINED_1335
dna 1336/2352 COMBINED_1336
dna 1337/2352 COMBINED_1337
dna 1338/2352 COMBINED_1338
dna 1339/2352 COMBINED_1339
dna 1340/2352 COMBINED_1340
dna 1341/2352 COMBINED_1341
dna 1342/2352 COMBINED_1342
dna 1343/2352 COMBINED_1343
dna 1344/2352 COMBINED_1344
dna 1345/2352 COMBINED_1345
dna 1346/2352 COMBINED_1346
dna 1347/2352 COMBINED_1347
dna 1348/2352 COMBINED_1348
dna 1349/2352 COMBINED_1349
dna 1350/2352 COMBINED_1350
dna 1351/2352 COMBINED_1351
dna 1352/2352 COMBINED_1352
dna 1353/2352 COMBINED_1353
dna 1354/2352 COMBINED_1354
dna 1355/2352 COMBINED_1355
dna 1356/2352 COMBINED_1356
dna 1357/2352 COMBINED_1357
dna 1358/2352 COMBINED_1358
dna 1359/2352 COMBINED_1359
dna 1360/2352 COMBINED_1360
dna 1361/2352 COMBINED_1361
dna 1362/2352 COMBINED_1362
dna 1363/2352 COMBINED_1363
dna 1364/2352 COMBINED_1364
dna 1365/2352 COMBINED_1365
dna 1366/2352 COMBINED_1366
dna 1367/2352 COMBINED_1367
dna 1368/2352 COMBINED_1368
dna 1369/2352 COMBINED_1369
dna 1370/2352 COMBINED_1370
dna 1371/2352 COMBINED_1371
dna 1372/2352 COMBINED_1372
dna 1373/2352 COMBINED_1373
dna 1374/2352 COMBINED_1374
dna 1375/2352 COMBINED_1375
dna 1376/2352 COMBINED_1376
dna 1377/2352 COMBINED_1377
dna 1378/2352 COMBINED_1378
dna 1379/2352 COMBINED_1379
dna 1380/2352 COMBINED_1380
dna 1381/2352 COMBINED_1381
dna 1382/2352 COMBINED_1382
dna 1383/2352 COMBINED_1383
dna 1384/2352 COMBINED_1384
dna 1385/2352 COMBINED_1385
dna 1386/2352 COMBINED_1386
dna 1387/2352 COMBINED_1387
dna 1388/2352 COMBINED_1388
dna 1389/2352 COMBINED_1389
dna 1390/2352 COMBINED_1390
dna 1391/2352 COMBINED_1391
dna 1392/2352 COMBINED_1392
dna 1393/2352 COMBINED_1393
dna 1394/2352 COMBINED_1394
dna 1395/2352 COMBINED_1395
dna 1396/2352 COMBINED_1396
dna 1397/2352 COMBINED_1397
dna 1398/2352 COMBINED_1398
dna 1399/2352 COMBINED_1399
dna 1400/2352 COMBINED_1400
dna 1401/2352 COMBINED_1401
dna 1402/2352 COMBINED_1402
dna 1403/2352 COMBINED_1403
dna 1404/2352 COMBINED_1404
dna 1405/2352 COMBINED_1405
dna 1406/2352 COMBINED_1406
dna 1407/2352 COMBINED_1407
dna 1408/2352 COMBINED_1408
dna 1409/2352 COMBINED_1409
dna 1410/2352 COMBINED_1410
dna 1411/2352 COMBINED_1411
dna 1412/2352 COMBINED_1412
dna 1413/2352 COMBINED_1413
dna 1414/2352 COMBINED_1414
dna 1415/2352 COMBINED_1415
dna 1416/2352 COMBINED_1416
dna 1417/2352 COMBINED_1417
dna 1418/2352 COMBINED_1418
dna 1419/2352 COMBINED_1419
dna 1420/2352 COMBINED_1420
dna 1421/2352 COMBINED_1421
dna 1422/2352 COMBINED_1422
dna 1423/2352 COMBINED_1423
dna 1424/2352 COMBINED_1424
dna 1425/2352 COMBINED_1425
dna 1426/2352 COMBINED_1426
dna 1427/2352 COMBINED_1427
dna 1428/2352 COMBINED_1428
dna 1429/2352 COMBINED_1429
dna 1430/2352 COMBINED_1430
dna 1431/2352 COMBINED_1431
dna 1432/2352 COMBINED_1432
dna 1433/2352 COMBINED_1433
dna 1434/2352 COMBINED_1434
dna 1435/2352 COMBINED_1435
dna 1436/2352 COMBINED_1436
dna 1437/2352 COMBINED_1437
dna 1438/2352 COMBINED_1438
dna 1439/2352 COMBINED_1439
dna 1440/2352 COMBINED_1440
dna 1441/2352 COMBINED_1441
dna 1442/2352 COMBINED_1442
dna 1443/2352 COMBINED_1443
dna 1444/2352 COMBINED_1444
dna 1445/2352 COMBINED_1445
dna 1446/2352 COMBINED_1446
dna 1447/2352 COMBINED_1447
dna 1448/2352 COMBINED_1448
dna 1449/2352 COMBINED_1449
dna 1450/2352 COMBINED_1450
dna 1451/2352 COMBINED_1451
dna 1452/2352 COMBINED_1452
dna 1453/2352 COMBINED_1453
dna 1454/2352 COMBINED_1454
dna 1455/2352 COMBINED_1455
dna 1456/2352 COMBINED_1456
dna 1457/2352 COMBINED_1457
dna 1458/2352 COMBINED_1458
dna 1459/2352 COMBINED_1459
dna 1460/2352 COMBINED_1460
dna 1461/2352 COMBINED_1461
dna 1462/2352 COMBINED_1462
dna 1463/2352 COMBINED_1463
dna 1464/2352 COMBINED_1464
dna 1465/2352 COMBINED_1465
dna 1466/2352 COMBINED_1466
dna 1467/2352 COMBINED_1467
dna 1468/2352 COMBINED_1468
dna 1469/2352 COMBINED_1469
dna 1470/2352 COMBINED_1470
dna 1471/2352 COMBINED_1471
dna 1472/2352 COMBINED_1472
dna 1473/2352 COMBINED_1473
dna 1474/2352 COMBINED_1474
dna 1475/2352 COMBINED_1475
dna 1476/2352 COMBINED_1476
dna 1477/2352 COMBINED_1477
dna 1478/2352 COMBINED_1478
dna 1479/2352 COMBINED_1479
dna 1480/2352 COMBINED_1480
dna 1481/2352 COMBINED_1481
dna 1482/2352 COMBINED_1482
dna 1483/2352 COMBINED_1483
dna 1484/2352 COMBINED_1484
dna 1485/2352 COMBINED_1485
dna 1486/2352 COMBINED_1486
dna 1487/2352 COMBINED_1487
dna 1488/2352 COMBINED_1488
dna 1489/2352 COMBINED_1489
dna 1490/2352 COMBINED_1490
dna 1491/2352 COMBINED_1491
dna 1492/2352 COMBINED_1492
dna 1493/2352 COMBINED_1493
dna 1494/2352 COMBINED_1494
dna 1495/2352 COMBINED_1495
dna 1496/2352 COMBINED_1496
dna 1497/2352 COMBINED_1497
dna 1498/2352 COMBINED_1498
dna 1499/2352 COMBINED_1499
dna 1500/2352 COMBINED_1500
dna 1501/2352 COMBINED_1501
dna 1502/2352 COMBINED_1502
dna 1503/2352 COMBINED_1503
dna 1504/2352 COMBINED_1504
dna 1505/2352 COMBINED_1505
dna 1506/2352 COMBINED_1506
dna 1507/2352 COMBINED_1507
dna 1508/2352 COMBINED_1508
dna 1509/2352 COMBINED_1509
dna 1510/2352 COMBINED_1510
dna 1511/2352 COMBINED_1511
dna 1512/2352 COMBINED_1512
dna 1513/2352 COMBINED_1513
dna 1514/2352 COMBINED_1514
dna 1515/2352 COMBINED_1515
dna 1516/2352 COMBINED_1516
dna 1517/2352 COMBINED_1517
dna 1518/2352 COMBINED_1518
dna 1519/2352 COMBINED_1519
dna 1520/2352 COMBINED_1520
dna 1521/2352 COMBINED_1521
dna 1522/2352 COMBINED_1522
dna 1523/2352 COMBINED_1523
dna 1524/2352 COMBINED_1524
dna 1525/2352 COMBINED_1525
dna 1526/2352 COMBINED_1526
dna 1527/2352 COMBINED_1527
dna 1528/2352 COMBINED_1528
dna 1529/2352 COMBINED_1529
dna 1530/2352 COMBINED_1530
dna 1531/2352 COMBINED_1531
dna 1532/2352 COMBINED_1532
dna 1533/2352 COMBINED_1533
dna 1534/2352 COMBINED_1534
dna 1535/2352 COMBINED_1535
dna 1536/2352 COMBINED_1536
dna 1537/2352 COMBINED_1537
dna 1538/2352 COMBINED_1538
dna 1539/2352 COMBINED_1539
dna 1540/2352 COMBINED_1540
dna 1541/2352 COMBINED_1541
dna 1542/2352 COMBINED_1542
dna 1543/2352 COMBINED_1543
dna 1544/2352 COMBINED_1544
dna 1545/2352 COMBINED_1545
dna 1546/2352 COMBINED_1546
dna 1547/2352 COMBINED_1547
dna 1548/2352 COMBINED_1548
dna 1549/2352 COMBINED_1549
dna 1550/2352 COMBINED_1550
dna 1551/2352 COMBINED_1551
dna 1552/2352 COMBINED_1552
dna 1553/2352 COMBINED_1553
dna 1554/2352 COMBINED_1554
dna 1555/2352 COMBINED_1555
dna 1556/2352 COMBINED_1556
dna 1557/2352 COMBINED_1557
dna 1558/2352 COMBINED_1558
dna 1559/2352 COMBINED_1559
dna 1560/2352 COMBINED_1560
dna 1561/2352 COMBINED_1561
dna 1562/2352 COMBINED_1562
dna 1563/2352 COMBINED_1563
dna 1564/2352 COMBINED_1564
dna 1565/2352 COMBINED_1565
dna 1566/2352 COMBINED_1566
dna 1567/2352 COMBINED_1567
dna 1568/2352 COMBINED_1568
dna 1569/2352 COMBINED_1569
dna 1570/2352 COMBINED_1570
dna 1571/2352 COMBINED_1571
dna 1572/2352 COMBINED_1572
dna 1573/2352 COMBINED_1573
dna 1574/2352 COMBINED_1574
dna 1575/2352 COMBINED_1575
dna 1576/2352 COMBINED_1576
dna 1577/2352 COMBINED_1577
dna 1578/2352 COMBINED_1578
dna 1579/2352 COMBINED_1579
dna 1580/2352 COMBINED_1580
dna 1581/2352 COMBINED_1581
dna 1582/2352 COMBINED_1582
dna 1583/2352 COMBINED_1583
dna 1584/2352 COMBINED_1584
dna 1585/2352 COMBINED_1585
dna 1586/2352 COMBINED_1586
dna 1587/2352 COMBINED_1587
dna 1588/2352 COMBINED_1588
dna 1589/2352 COMBINED_1589
dna 1590/2352 COMBINED_1590
dna 1591/2352 COMBINED_1591
dna 1592/2352 COMBINED_1592
dna 1593/2352 COMBINED_1593
dna 1594/2352 COMBINED_1594
dna 1595/2352 COMBINED_1595
dna 1596/2352 COMBINED_1596
dna 1597/2352 COMBINED_1597
dna 1598/2352 COMBINED_1598
dna 1599/2352 COMBINED_1599
dna 1600/2352 COMBINED_1600
dna 1601/2352 COMBINED_1601
dna 1602/2352 COMBINED_1602
dna 1603/2352 COMBINED_1603
dna 1604/2352 COMBINED_1604
dna 1605/2352 COMBINED_1605
dna 1606/2352 COMBINED_1606
dna 1607/2352 COMBINED_1607
dna 1608/2352 COMBINED_1608
dna 1609/2352 COMBINED_1609
dna 1610/2352 COMBINED_1610
dna 1611/2352 COMBINED_1611
dna 1612/2352 COMBINED_1612
dna 1613/2352 COMBINED_1613
dna 1614/2352 COMBINED_1614
dna 1615/2352 COMBINED_1615
dna 1616/2352 COMBINED_1616
dna 1617/2352 COMBINED_1617
dna 1618/2352 COMBINED_1618
dna 1619/2352 COMBINED_1619
dna 1620/2352 COMBINED_1620
dna 1621/2352 COMBINED_1621
dna 1622/2352 COMBINED_1622
dna 1623/2352 COMBINED_1623
dna 1624/2352 COMBINED_1624
dna 1625/2352 COMBINED_1625
dna 1626/2352 COMBINED_1626
dna 1627/2352 COMBINED_1627
dna 1628/2352 COMBINED_1628
dna 1629/2352 COMBINED_1629
dna 1630/2352 COMBINED_1630
dna 1631/2352 COMBINED_1631
dna 1632/2352 COMBINED_1632
dna 1633/2352 COMBINED_1633
dna 1634/2352 COMBINED_1634
dna 1635/2352 COMBINED_1635
dna 1636/2352 COMBINED_1636
dna 1637/2352 COMBINED_1637
dna 1638/2352 COMBINED_1638
dna 1639/2352 COMBINED_1639
dna 1640/2352 COMBINED_1640
dna 1641/2352 COMBINED_1641
dna 1642/2352 COMBINED_1642
dna 1643/2352 COMBINED_1643
dna 1644/2352 COMBINED_1644
dna 1645/2352 COMBINED_1645
dna 1646/2352 COMBINED_1646
dna 1647/2352 COMBINED_1647
dna 1648/2352 COMBINED_1648
dna 1649/2352 COMBINED_1649
dna 1650/2352 COMBINED_1650
dna 1651/2352 COMBINED_1651
dna 1652/2352 COMBINED_1652
dna 1653/2352 COMBINED_1653
dna 1654/2352 COMBINED_1654
dna 1655/2352 COMBINED_1655
dna 1656/2352 COMBINED_1656
dna 1657/2352 COMBINED_1657
dna 1658/2352 COMBINED_1658
dna 1659/2352 COMBINED_1659
dna 1660/2352 COMBINED_1660
dna 1661/2352 COMBINED_1661
dna 1662/2352 COMBINED_1662
dna 1663/2352 COMBINED_1663
dna 1664/2352 COMBINED_1664
dna 1665/2352 COMBINED_1665
dna 1666/2352 COMBINED_1666
dna 1667/2352 COMBINED_1667
dna 1668/2352 COMBINED_1668
dna 1669/2352 COMBINED_1669
dna 1670/2352 COMBINED_1670
dna 1671/2352 COMBINED_1671
dna 1672/2352 COMBINED_1672
dna 1673/2352 COMBINED_1673
dna 1674/2352 COMBINED_1674
dna 1675/2352 COMBINED_1675
dna 1676/2352 COMBINED_1676
dna 1677/2352 COMBINED_1677
dna 1678/2352 COMBINED_1678
dna 1679/2352 COMBINED_1679
dna 1680/2352 COMBINED_1680
dna 1681/2352 COMBINED_1681
dna 1682/2352 COMBINED_1682
dna 1683/2352 COMBINED_1683
dna 1684/2352 COMBINED_1684
dna 1685/2352 COMBINED_1685
dna 1686/2352 COMBINED_1686
dna 1687/2352 COMBINED_1687
dna 1688/2352 COMBINED_1688
dna 1689/2352 COMBINED_1689
dna 1690/2352 COMBINED_1690
dna 1691/2352 COMBINED_1691
dna 1692/2352 COMBINED_1692
dna 1693/2352 COMBINED_1693
dna 1694/2352 COMBINED_1694
dna 1695/2352 COMBINED_1695
dna 1696/2352 COMBINED_1696
dna 1697/2352 COMBINED_1697
dna 1698/2352 COMBINED_1698
dna 1699/2352 COMBINED_1699
dna 1700/2352 COMBINED_1700
dna 1701/2352 COMBINED_1701
dna 1702/2352 COMBINED_1702
dna 1703/2352 COMBINED_1703
dna 1704/2352 COMBINED_1704
dna 1705/2352 COMBINED_1705
dna 1706/2352 COMBINED_1706
dna 1707/2352 COMBINED_1707
dna 1708/2352 COMBINED_1708
dna 1709/2352 COMBINED_1709
dna 1710/2352 COMBINED_1710
dna 1711/2352 COMBINED_1711
dna 1712/2352 COMBINED_1712
dna 1713/2352 COMBINED_1713
dna 1714/2352 COMBINED_1714
dna 1715/2352 COMBINED_1715
dna 1716/2352 COMBINED_1716
dna 1717/2352 COMBINED_1717
dna 1718/2352 COMBINED_1718
dna 1719/2352 COMBINED_1719
dna 1720/2352 COMBINED_1720
dna 1721/2352 COMBINED_1721
dna 1722/2352 COMBINED_1722
dna 1723/2352 COMBINED_1723
dna 1724/2352 COMBINED_1724
dna 1725/2352 COMBINED_1725
dna 1726/2352 COMBINED_1726
dna 1727/2352 COMBINED_1727
dna 1728/2352 COMBINED_1728
dna 1729/2352 COMBINED_1729
dna 1730/2352 COMBINED_1730
dna 1731/2352 COMBINED_1731
dna 1732/2352 COMBINED_1732
dna 1733/2352 COMBINED_1733
dna 1734/2352 COMBINED_1734
dna 1735/2352 COMBINED_1735
dna 1736/2352 COMBINED_1736
dna 1737/2352 COMBINED_1737
dna 1738/2352 COMBINED_1738
dna 1739/2352 COMBINED_1739
dna 1740/2352 COMBINED_1740
dna 1741/2352 COMBINED_1741
dna 1742/2352 COMBINED_1742
dna 1743/2352 COMBINED_1743
dna 1744/2352 COMBINED_1744
dna 1745/2352 COMBINED_1745
dna 1746/2352 COMBINED_1746
dna 1747/2352 COMBINED_1747
dna 1748/2352 COMBINED_1748
dna 1749/2352 COMBINED_1749
dna 1750/2352 COMBINED_1750
dna 1751/2352 COMBINED_1751
dna 1752/2352 COMBINED_1752
dna 1753/2352 COMBINED_1753
dna 1754/2352 COMBINED_1754
dna 1755/2352 COMBINED_1755
dna 1756/2352 COMBINED_1756
dna 1757/2352 COMBINED_1757
dna 1758/2352 COMBINED_1758
dna 1759/2352 COMBINED_1759
dna 1760/2352 COMBINED_1760
dna 1761/2352 COMBINED_1761
dna 1762/2352 COMBINED_1762
dna 1763/2352 COMBINED_1763
dna 1764/2352 COMBINED_1764
dna 1765/2352 COMBINED_1765
dna 1766/2352 COMBINED_1766
dna 1767/2352 COMBINED_1767
dna 1768/2352 COMBINED_1768
dna 1769/2352 COMBINED_1769
dna 1770/2352 COMBINED_1770
dna 1771/2352 COMBINED_1771
dna 1772/2352 COMBINED_1772
dna 1773/2352 COMBINED_1773
dna 1774/2352 COMBINED_1774
dna 1775/2352 COMBINED_1775
dna 1776/2352 COMBINED_1776
dna 1777/2352 COMBINED_1777
dna 1778/2352 COMBINED_1778
dna 1779/2352 COMBINED_1779
dna 1780/2352 COMBINED_1780
dna 1781/2352 COMBINED_1781
dna 1782/2352 COMBINED_1782
dna 1783/2352 COMBINED_1783
dna 1784/2352 COMBINED_1784
dna 1785/2352 COMBINED_1785
dna 1786/2352 COMBINED_1786
dna 1787/2352 COMBINED_1787
dna 1788/2352 COMBINED_1788
dna 1789/2352 COMBINED_1789
dna 1790/2352 COMBINED_1790
dna 1791/2352 COMBINED_1791
dna 1792/2352 COMBINED_1792
dna 1793/2352 COMBINED_1793
dna 1794/2352 COMBINED_1794
dna 1795/2352 COMBINED_1795
dna 1796/2352 COMBINED_1796
dna 1797/2352 COMBINED_1797
dna 1798/2352 COMBINED_1798
dna 1799/2352 COMBINED_1799
dna 1800/2352 COMBINED_1800
dna 1801/2352 COMBINED_1801
dna 1802/2352 COMBINED_1802
dna 1803/2352 COMBINED_1803
dna 1804/2352 COMBINED_1804
dna 1805/2352 COMBINED_1805
dna 1806/2352 COMBINED_1806
dna 1807/2352 COMBINED_1807
dna 1808/2352 COMBINED_1808
dna 1809/2352 COMBINED_1809
dna 1810/2352 COMBINED_1810
dna 1811/2352 COMBINED_1811
dna 1812/2352 COMBINED_1812
dna 1813/2352 COMBINED_1813
dna 1814/2352 COMBINED_1814
dna 1815/2352 COMBINED_1815
dna 1816/2352 COMBINED_1816
dna 1817/2352 COMBINED_1817
dna 1818/2352 COMBINED_1818
dna 1819/2352 COMBINED_1819
dna 1820/2352 COMBINED_1820
dna 1821/2352 COMBINED_1821
dna 1822/2352 COMBINED_1822
dna 1823/2352 COMBINED_1823
dna 1824/2352 COMBINED_1824
dna 1825/2352 COMBINED_1825
dna 1826/2352 COMBINED_1826
dna 1827/2352 COMBINED_1827
dna 1828/2352 COMBINED_1828
dna 1829/2352 COMBINED_1829
dna 1830/2352 COMBINED_1830
dna 1831/2352 COMBINED_1831
dna 1832/2352 COMBINED_1832
dna 1833/2352 COMBINED_1833
dna 1834/2352 COMBINED_1834
dna 1835/2352 COMBINED_1835
dna 1836/2352 COMBINED_1836
dna 1837/2352 COMBINED_1837
dna 1838/2352 COMBINED_1838
dna 1839/2352 COMBINED_1839
dna 1840/2352 COMBINED_1840
dna 1841/2352 COMBINED_1841
dna 1842/2352 COMBINED_1842
dna 1843/2352 COMBINED_1843
dna 1844/2352 COMBINED_1844
dna 1845/2352 COMBINED_1845
dna 1846/2352 COMBINED_1846
dna 1847/2352 COMBINED_1847
dna 1848/2352 COMBINED_1848
dna 1849/2352 COMBINED_1849
dna 1850/2352 COMBINED_1850
dna 1851/2352 COMBINED_1851
dna 1852/2352 COMBINED_1852
dna 1853/2352 COMBINED_1853
dna 1854/2352 COMBINED_1854
dna 1855/2352 COMBINED_1855
dna 1856/2352 COMBINED_1856
dna 1857/2352 COMBINED_1857
dna 1858/2352 COMBINED_1858
dna 1859/2352 COMBINED_1859
dna 1860/2352 COMBINED_1860
dna 1861/2352 COMBINED_1861
dna 1862/2352 COMBINED_1862
dna 1863/2352 COMBINED_1863
dna 1864/2352 COMBINED_1864
dna 1865/2352 COMBINED_1865
dna 1866/2352 COMBINED_1866
dna 1867/2352 COMBINED_1867
dna 1868/2352 COMBINED_1868
dna 1869/2352 COMBINED_1869
dna 1870/2352 COMBINED_1870
dna 1871/2352 COMBINED_1871
dna 1872/2352 COMBINED_1872
dna 1873/2352 COMBINED_1873
dna 1874/2352 COMBINED_1874
dna 1875/2352 COMBINED_1875
dna 1876/2352 COMBINED_1876
dna 1877/2352 COMBINED_1877
dna 1878/2352 COMBINED_1878
dna 1879/2352 COMBINED_1879
dna 1880/2352 COMBINED_1880
dna 1881/2352 COMBINED_1881
dna 1882/2352 COMBINED_1882
dna 1883/2352 COMBINED_1883
dna 1884/2352 COMBINED_1884
dna 1885/2352 COMBINED_1885
dna 1886/2352 COMBINED_1886
dna 1887/2352 COMBINED_1887
dna 1888/2352 COMBINED_1888
dna 1889/2352 COMBINED_1889
dna 1890/2352 COMBINED_1890
dna 1891/2352 COMBINED_1891
dna 1892/2352 COMBINED_1892
dna 1893/2352 COMBINED_1893
dna 1894/2352 COMBINED_1894
dna 1895/2352 COMBINED_1895
dna 1896/2352 COMBINED_1896
dna 1897/2352 COMBINED_1897
dna 1898/2352 COMBINED_1898
dna 1899/2352 COMBINED_1899
dna 1900/2352 COMBINED_1900
dna 1901/2352 COMBINED_1901
dna 1902/2352 COMBINED_1902
dna 1903/2352 COMBINED_1903
dna 1904/2352 COMBINED_1904
dna 1905/2352 COMBINED_1905
dna 1906/2352 COMBINED_1906
dna 1907/2352 COMBINED_1907
dna 1908/2352 COMBINED_1908
dna 1909/2352 COMBINED_1909
dna 1910/2352 COMBINED_1910
dna 1911/2352 COMBINED_1911
dna 1912/2352 COMBINED_1912
dna 1913/2352 COMBINED_1913
dna 1914/2352 COMBINED_1914
dna 1915/2352 COMBINED_1915
dna 1916/2352 COMBINED_1916
dna 1917/2352 COMBINED_1917
dna 1918/2352 COMBINED_1918
dna 1919/2352 COMBINED_1919
dna 1920/2352 COMBINED_1920
dna 1921/2352 COMBINED_1921
dna 1922/2352 COMBINED_1922
dna 1923/2352 COMBINED_1923
dna 1924/2352 COMBINED_1924
dna 1925/2352 COMBINED_1925
dna 1926/2352 COMBINED_1926
dna 1927/2352 COMBINED_1927
dna 1928/2352 COMBINED_1928
dna 1929/2352 COMBINED_1929
dna 1930/2352 COMBINED_1930
dna 1931/2352 COMBINED_1931
dna 1932/2352 COMBINED_1932
dna 1933/2352 COMBINED_1933
dna 1934/2352 COMBINED_1934
dna 1935/2352 COMBINED_1935
dna 1936/2352 COMBINED_1936
dna 1937/2352 COMBINED_1937
dna 1938/2352 COMBINED_1938
dna 1939/2352 COMBINED_1939
dna 1940/2352 COMBINED_1940
dna 1941/2352 COMBINED_1941
dna 1942/2352 COMBINED_1942
dna 1943/2352 COMBINED_1943
dna 1944/2352 COMBINED_1944
dna 1945/2352 COMBINED_1945
dna 1946/2352 COMBINED_1946
dna 1947/2352 COMBINED_1947
dna 1948/2352 COMBINED_1948
dna 1949/2352 COMBINED_1949
dna 1950/2352 COMBINED_1950
dna 1951/2352 COMBINED_1951
dna 1952/2352 COMBINED_1952
dna 1953/2352 COMBINED_1953
dna 1954/2352 COMBINED_1954
dna 1955/2352 COMBINED_1955
dna 1956/2352 COMBINED_1956
dna 1957/2352 COMBINED_1957
dna 1958/2352 COMBINED_1958
dna 1959/2352 COMBINED_1959
dna 1960/2352 COMBINED_1960
dna 1961/2352 COMBINED_1961
dna 1962/2352 COMBINED_1962
dna 1963/2352 COMBINED_1963
dna 1964/2352 COMBINED_1964
dna 1965/2352 COMBINED_1965
dna 1966/2352 COMBINED_1966
dna 1967/2352 COMBINED_1967
dna 1968/2352 COMBINED_1968
dna 1969/2352 COMBINED_1969
dna 1970/2352 COMBINED_1970
dna 1971/2352 COMBINED_1971
dna 1972/2352 COMBINED_1972
dna 1973/2352 COMBINED_1973
dna 1974/2352 COMBINED_1974
dna 1975/2352 COMBINED_1975
dna 1976/2352 COMBINED_1976
dna 1977/2352 COMBINED_1977
dna 1978/2352 COMBINED_1978
dna 1979/2352 COMBINED_1979
dna 1980/2352 COMBINED_1980
dna 1981/2352 COMBINED_1981
dna 1982/2352 COMBINED_1982
dna 1983/2352 COMBINED_1983
dna 1984/2352 COMBINED_1984
dna 1985/2352 COMBINED_1985
dna 1986/2352 COMBINED_1986
dna 1987/2352 COMBINED_1987
dna 1988/2352 COMBINED_1988
dna 1989/2352 COMBINED_1989
dna 1990/2352 COMBINED_1990
dna 1991/2352 COMBINED_1991
dna 1992/2352 COMBINED_1992
dna 1993/2352 COMBINED_1993
dna 1994/2352 COMBINED_1994
dna 1995/2352 COMBINED_1995
dna 1996/2352 COMBINED_1996
dna 1997/2352 COMBINED_1997
dna 1998/2352 COMBINED_1998
dna 1999/2352 COMBINED_1999
dna 2000/2352 COMBINED_2000
dna 2001/2352 COMBINED_2001
dna 2002/2352 COMBINED_2002
dna 2003/2352 COMBINED_2003
dna 2004/2352 COMBINED_2004
dna 2005/2352 COMBINED_2005
dna 2006/2352 COMBINED_2006
dna 2007/2352 COMBINED_2007
dna 2008/2352 COMBINED_2008
dna 2009/2352 COMBINED_2009
dna 2010/2352 COMBINED_2010
dna 2011/2352 COMBINED_2011
dna 2012/2352 COMBINED_2012
dna 2013/2352 COMBINED_2013
dna 2014/2352 COMBINED_2014
dna 2015/2352 COMBINED_2015
dna 2016/2352 COMBINED_2016
dna 2017/2352 COMBINED_2017
dna 2018/2352 COMBINED_2018
dna 2019/2352 COMBINED_2019
dna 2020/2352 COMBINED_2020
dna 2021/2352 COMBINED_2021
dna 2022/2352 COMBINED_2022
dna 2023/2352 COMBINED_2023
dna 2024/2352 COMBINED_2024
dna 2025/2352 COMBINED_2025
dna 2026/2352 COMBINED_2026
dna 2027/2352 COMBINED_2027
dna 2028/2352 COMBINED_2028
dna 2029/2352 COMBINED_2029
dna 2030/2352 COMBINED_2030
dna 2031/2352 COMBINED_2031
dna 2032/2352 COMBINED_2032
dna 2033/2352 COMBINED_2033
dna 2034/2352 COMBINED_2034
dna 2035/2352 COMBINED_2035
dna 2036/2352 COMBINED_2036
dna 2037/2352 COMBINED_2037
dna 2038/2352 COMBINED_2038
dna 2039/2352 COMBINED_2039
dna 2040/2352 COMBINED_2040
dna 2041/2352 COMBINED_2041
dna 2042/2352 COMBINED_2042
dna 2043/2352 COMBINED_2043
dna 2044/2352 COMBINED_2044
dna 2045/2352 COMBINED_2045
dna 2046/2352 COMBINED_2046
dna 2047/2352 COMBINED_2047
dna 2048/2352 COMBINED_2048
dna 2049/2352 COMBINED_2049
dna 2050/2352 COMBINED_2050
dna 2051/2352 COMBINED_2051
dna 2052/2352 COMBINED_2052
dna 2053/2352 COMBINED_2053
dna 2054/2352 COMBINED_2054
dna 2055/2352 COMBINED_2055
dna 2056/2352 COMBINED_2056
dna 2057/2352 COMBINED_2057
dna 2058/2352 COMBINED_2058
dna 2059/2352 COMBINED_2059
dna 2060/2352 COMBINED_2060
dna 2061/2352 COMBINED_2061
dna 2062/2352 COMBINED_2062
dna 2063/2352 COMBINED_2063
dna 2064/2352 COMBINED_2064
dna 2065/2352 COMBINED_2065
dna 2066/2352 COMBINED_2066
dna 2067/2352 COMBINED_2067
dna 2068/2352 COMBINED_2068
dna 2069/2352 COMBINED_2069
dna 2070/2352 COMBINED_2070
dna 2071/2352 COMBINED_2071
dna 2072/2352 COMBINED_2072
dna 2073/2352 COMBINED_2073
dna 2074/2352 COMBINED_2074
dna 2075/2352 COMBINED_2075
dna 2076/2352 COMBINED_2076
dna 2077/2352 COMBINED_2077
dna 2078/2352 COMBINED_2078
dna 2079/2352 COMBINED_2079
dna 2080/2352 COMBINED_2080
dna 2081/2352 COMBINED_2081
dna 2082/2352 COMBINED_2082
dna 2083/2352 COMBINED_2083
dna 2084/2352 COMBINED_2084
dna 2085/2352 COMBINED_2085
dna 2086/2352 COMBINED_2086
dna 2087/2352 COMBINED_2087
dna 2088/2352 COMBINED_2088
dna 2089/2352 COMBINED_2089
dna 2090/2352 COMBINED_2090
dna 2091/2352 COMBINED_2091
dna 2092/2352 COMBINED_2092
dna 2093/2352 COMBINED_2093
dna 2094/2352 COMBINED_2094
dna 2095/2352 COMBINED_2095
dna 2096/2352 COMBINED_2096
dna 2097/2352 COMBINED_2097
dna 2098/2352 COMBINED_2098
dna 2099/2352 COMBINED_2099
dna 2100/2352 COMBINED_2100
dna 2101/2352 COMBINED_2101
dna 2102/2352 COMBINED_2102
dna 2103/2352 COMBINED_2103
dna 2104/2352 COMBINED_2104
dna 2105/2352 COMBINED_2105
dna 2106/2352 COMBINED_2106
dna 2107/2352 COMBINED_2107
dna 2108/2352 COMBINED_2108
dna 2109/2352 COMBINED_2109
dna 2110/2352 COMBINED_2110
dna 2111/2352 COMBINED_2111
dna 2112/2352 COMBINED_2112
dna 2113/2352 COMBINED_2113
dna 2114/2352 COMBINED_2114
dna 2115/2352 COMBINED_2115
dna 2116/2352 COMBINED_2116
dna 2117/2352 COMBINED_2117
dna 2118/2352 COMBINED_2118
dna 2119/2352 COMBINED_2119
dna 2120/2352 COMBINED_2120
dna 2121/2352 COMBINED_2121
dna 2122/2352 COMBINED_2122
dna 2123/2352 COMBINED_2123
dna 2124/2352 COMBINED_2124
dna 2125/2352 COMBINED_2125
dna 2126/2352 COMBINED_2126
dna 2127/2352 COMBINED_2127
dna 2128/2352 COMBINED_2128
dna 2129/2352 COMBINED_2129
dna 2130/2352 COMBINED_2130
dna 2131/2352 COMBINED_2131
dna 2132/2352 COMBINED_2132
dna 2133/2352 COMBINED_2133
dna 2134/2352 COMBINED_2134
dna 2135/2352 COMBINED_2135
dna 2136/2352 COMBINED_2136
dna 2137/2352 COMBINED_2137
dna 2138/2352 COMBINED_2138
dna 2139/2352 COMBINED_2139
dna 2140/2352 COMBINED_2140
dna 2141/2352 COMBINED_2141
dna 2142/2352 COMBINED_2142
dna 2143/2352 COMBINED_2143
dna 2144/2352 COMBINED_2144
dna 2145/2352 COMBINED_2145
dna 2146/2352 COMBINED_2146
dna 2147/2352 COMBINED_2147
dna 2148/2352 COMBINED_2148
dna 2149/2352 COMBINED_2149
dna 2150/2352 COMBINED_2150
dna 2151/2352 COMBINED_2151
dna 2152/2352 COMBINED_2152
dna 2153/2352 COMBINED_2153
dna 2154/2352 COMBINED_2154
dna 2155/2352 COMBINED_2155
dna 2156/2352 COMBINED_2156
dna 2157/2352 COMBINED_2157
dna 2158/2352 COMBINED_2158
dna 2159/2352 COMBINED_2159
dna 2160/2352 COMBINED_2160
dna 2161/2352 COMBINED_2161
dna 2162/2352 COMBINED_2162
dna 2163/2352 COMBINED_2163
dna 2164/2352 COMBINED_2164
dna 2165/2352 COMBINED_2165
dna 2166/2352 COMBINED_2166
dna 2167/2352 COMBINED_2167
dna 2168/2352 COMBINED_2168
dna 2169/2352 COMBINED_2169
dna 2170/2352 COMBINED_2170
dna 2171/2352 COMBINED_2171
dna 2172/2352 COMBINED_2172
dna 2173/2352 COMBINED_2173
dna 2174/2352 COMBINED_2174
dna 2175/2352 COMBINED_2175
dna 2176/2352 COMBINED_2176
dna 2177/2352 COMBINED_2177
dna 2178/2352 COMBINED_2178
dna 2179/2352 COMBINED_2179
dna 2180/2352 COMBINED_2180
dna 2181/2352 COMBINED_2181
dna 2182/2352 COMBINED_2182
dna 2183/2352 COMBINED_2183
dna 2184/2352 COMBINED_2184
dna 2185/2352 COMBINED_2185
dna 2186/2352 COMBINED_2186
dna 2187/2352 COMBINED_2187
dna 2188/2352 COMBINED_2188
dna 2189/2352 COMBINED_2189
dna 2190/2352 COMBINED_2190
dna 2191/2352 COMBINED_2191
dna 2192/2352 COMBINED_2192
dna 2193/2352 COMBINED_2193
dna 2194/2352 COMBINED_2194
dna 2195/2352 COMBINED_2195
dna 2196/2352 COMBINED_2196
dna 2197/2352 COMBINED_2197
dna 2198/2352 COMBINED_2198
dna 2199/2352 COMBINED_2199
dna 2200/2352 COMBINED_2200
dna 2201/2352 COMBINED_2201
dna 2202/2352 COMBINED_2202
dna 2203/2352 COMBINED_2203
dna 2204/2352 COMBINED_2204
dna 2205/2352 COMBINED_2205
dna 2206/2352 COMBINED_2206
dna 2207/2352 COMBINED_2207
dna 2208/2352 COMBINED_2208
dna 2209/2352 COMBINED_2209
dna 2210/2352 COMBINED_2210
dna 2211/2352 COMBINED_2211
dna 2212/2352 COMBINED_2212
dna 2213/2352 COMBINED_2213
dna 2214/2352 COMBINED_2214
dna 2215/2352 COMBINED_2215
dna 2216/2352 COMBINED_2216
dna 2217/2352 COMBINED_2217
dna 2218/2352 COMBINED_2218
dna 2219/2352 COMBINED_2219
dna 2220/2352 COMBINED_2220
dna 2221/2352 COMBINED_2221
dna 2222/2352 COMBINED_2222
dna 2223/2352 COMBINED_2223
dna 2224/2352 COMBINED_2224
dna 2225/2352 COMBINED_2225
dna 2226/2352 COMBINED_2226
dna 2227/2352 COMBINED_2227
dna 2228/2352 COMBINED_2228
dna 2229/2352 COMBINED_2229
dna 2230/2352 COMBINED_2230
dna 2231/2352 COMBINED_2231
dna 2232/2352 COMBINED_2232
dna 2233/2352 COMBINED_2233
dna 2234/2352 COMBINED_2234
dna 2235/2352 COMBINED_2235
dna 2236/2352 COMBINED_2236
dna 2237/2352 COMBINED_2237
dna 2238/2352 COMBINED_2238
dna 2239/2352 COMBINED_2239
dna 2240/2352 COMBINED_2240
dna 2241/2352 COMBINED_2241
dna 2242/2352 COMBINED_2242
dna 2243/2352 COMBINED_2243
dna 2244/2352 COMBINED_2244
dna 2245/2352 COMBINED_2245
dna 2246/2352 COMBINED_2246
dna 2247/2352 COMBINED_2247
dna 2248/2352 COMBINED_2248
dna 2249/2352 COMBINED_2249
dna 2250/2352 COMBINED_2250
dna 2251/2352 COMBINED_2251
dna 2252/2352 COMBINED_2252
dna 2253/2352 COMBINED_2253
dna 2254/2352 COMBINED_2254
dna 2255/2352 COMBINED_2255
dna 2256/2352 COMBINED_2256
dna 2257/2352 COMBINED_2257
dna 2258/2352 COMBINED_2258
dna 2259/2352 COMBINED_2259
dna 2260/2352 COMBINED_2260
dna 2261/2352 COMBINED_2261
dna 2262/2352 COMBINED_2262
dna 2263/2352 COMBINED_2263
dna 2264/2352 COMBINED_2264
dna 2265/2352 COMBINED_2265
dna 2266/2352 COMBINED_2266
dna 2267/2352 COMBINED_2267
dna 2268/2352 COMBINED_2268
dna 2269/2352 COMBINED_2269
dna 2270/2352 COMBINED_2270
dna 2271/2352 COMBINED_2271
dna 2272/2352 COMBINED_2272
dna 2273/2352 COMBINED_2273
dna 2274/2352 COMBINED_2274
dna 2275/2352 COMBINED_2275
dna 2276/2352 COMBINED_2276
dna 2277/2352 COMBINED_2277
dna 2278/2352 COMBINED_2278
dna 2279/2352 COMBINED_2279
dna 2280/2352 COMBINED_2280
dna 2281/2352 COMBINED_2281
dna 2282/2352 COMBINED_2282
dna 2283/2352 COMBINED_2283
dna 2284/2352 COMBINED_2284
dna 2285/2352 COMBINED_2285
dna 2286/2352 COMBINED_2286
dna 2287/2352 COMBINED_2287
dna 2288/2352 COMBINED_2288
dna 2289/2352 COMBINED_2289
dna 2290/2352 COMBINED_2290
dna 2291/2352 COMBINED_2291
dna 2292/2352 COMBINED_2292
dna 2293/2352 COMBINED_2293
dna 2294/2352 COMBINED_2294
dna 2295/2352 COMBINED_2295
dna 2296/2352 COMBINED_2296
dna 2297/2352 COMBINED_2297
dna 2298/2352 COMBINED_2298
dna 2299/2352 COMBINED_2299
dna 2300/2352 COMBINED_2300
dna 2301/2352 COMBINED_2301
dna 2302/2352 COMBINED_2302
dna 2303/2352 COMBINED_2303
dna 2304/2352 COMBINED_2304
dna 2305/2352 COMBINED_2305
dna 2306/2352 COMBINED_2306
dna 2307/2352 COMBINED_2307
dna 2308/2352 COMBINED_2308
dna 2309/2352 COMBINED_2309
dna 2310/2352 COMBINED_2310
dna 2311/2352 COMBINED_2311
dna 2312/2352 COMBINED_2312
dna 2313/2352 COMBINED_2313
dna 2314/2352 COMBINED_2314
dna 2315/2352 COMBINED_2315
dna 2316/2352 COMBINED_2316
dna 2317/2352 COMBINED_2317
dna 2318/2352 COMBINED_2318
dna 2319/2352 COMBINED_2319
dna 2320/2352 COMBINED_2320
dna 2321/2352 COMBINED_2321
dna 2322/2352 COMBINED_2322
dna 2323/2352 COMBINED_2323
dna 2324/2352 COMBINED_2324
dna 2325/2352 COMBINED_2325
dna 2326/2352 COMBINED_2326
dna 2327/2352 COMBINED_2327
dna 2328/2352 COMBINED_2328
dna 2329/2352 COMBINED_2329
dna 2330/2352 COMBINED_2330
dna 2331/2352 COMBINED_2331
dna 2332/2352 COMBINED_2332
dna 2333/2352 COMBINED_2333
dna 2334/2352 COMBINED_2334
dna 2335/2352 COMBINED_2335
dna 2336/2352 COMBINED_2336
dna 2337/2352 COMBINED_2337
dna 2338/2352 COMBINED_2338
dna 2339/2352 COMBINED_2339
dna 2340/2352 COMBINED_2340
dna 2341/2352 COMBINED_2341
dna 2342/2352 COMBINED_2342
dna 2343/2352 COMBINED_2343
dna 2344/2352 COMBINED_2344
dna 2345/2352 COMBINED_2345
dna 2346/2352 COMBINED_2346
dna 2347/2352 COMBINED_2347
dna 2348/2352 COMBINED_2348
dna 2349/2352 COMBINED_2349
dna 2350/2352 COMBINED_2350
dna 2351/2352 COMBINED_2351
dna 2352/2352 COMBINED_2352
WROTE D:\AI\projects\e-phishGen\calculation\HWT-MGT\results\combined_calculation_metrics.json
WROTE D:\AI\projects\e-phishGen\calculation\HWT-MGT\results\combined_calculation_metrics.md
WROTE D:\AI\projects\e-phishGen\calculation\HWT-MGT\results\combined_calculation_metrics.json
WROTE D:\AI\projects\e-phishGen\calculation\HWT-MGT\results\combined_calculation_metrics.md
