Resuming checkpoint: D:\AI\projects\e-phishGen\calculation\HWT-MGT\results\scaled_stratified_pool_8980_metrics.partial.json
Running 8980 samples on cuda
Stage causal_metrics: 0 samples pending
Stage perplexity: 0 samples pending
Stage uid: 101 samples pending
uid 1/101 HWT_027972
uid 2/101 HWT_059314
uid 3/101 HWT_060085
uid 4/101 HWT_013968
uid 5/101 HWT_015381
uid 6/101 HWT_018322
uid 7/101 HWT_021591
uid 8/101 HWT_022964
uid 9/101 HWT_024138
uid 10/101 HWT_026681
uid 11/101 HWT_027041
uid 12/101 HWT_036714
uid 13/101 HWT_008772
uid 14/101 HWT_023204
uid 15/101 HWT_024733
uid 16/101 HWT_024745
uid 17/101 HWT_026409
uid 18/101 HWT_026809
uid 19/101 HWT_037648
uid 20/101 HWT_040836
uid 21/101 HWT_049307
uid 22/101 HWT_050107
uid 23/101 HWT_010317
uid 24/101 HWT_027688
uid 25/101 HWT_037961
uid 26/101 HWT_042488
uid 27/101 HWT_049062
uid 28/101 HWT_015953
uid 29/101 HWT_009559
uid 30/101 HWT_008109
uid 31/101 HWT_007555
uid 32/101 HWT_009589
uid 33/101 HWT_036856
uid 34/101 HWT_026413
uid 35/101 HWT_003123
uid 36/101 HWT_006322
uid 37/101 HWT_015533
uid 38/101 HWT_015795
uid 39/101 HWT_016587
uid 40/101 HWT_019458
uid 41/101 HWT_019525
uid 42/101 HWT_019863
uid 43/101 HWT_020729
uid 44/101 HWT_020741
uid 45/101 HWT_023630
uid 46/101 HWT_025044
uid 47/101 HWT_026505
uid 48/101 HWT_027062
uid 49/101 HWT_034089
uid 50/101 HWT_034169
uid 51/101 HWT_038253
uid 52/101 HWT_039290
uid 53/101 HWT_043187
uid 54/101 HWT_043743
uid 55/101 HWT_045629
uid 56/101 HWT_058195
uid 57/101 HWT_081060
uid 58/101 HWT_088419
uid 59/101 HWT_001245
uid 60/101 HWT_031603
uid 61/101 HWT_032271
uid 62/101 HWT_048104
uid 63/101 HWT_049879
uid 64/101 HWT_054554
uid 65/101 HWT_058452
uid 66/101 HWT_076983
uid 67/101 HWT_094367
uid 68/101 HWT_040857
uid 69/101 HWT_047216
uid 70/101 HWT_067709
uid 71/101 HWT_068586
uid 72/101 HWT_077233
uid 73/101 HWT_078520
uid 74/101 HWT_087047
uid 75/101 HWT_068722
uid 76/101 HWT_072118
uid 77/101 HWT_082892
uid 78/101 HWT_083768
uid 79/101 HWT_007884
uid 80/101 HWT_066677
uid 81/101 HWT_065548
uid 82/101 HWT_006153
uid 83/101 HWT_035636
uid 84/101 HWT_076777
uid 85/101 HWT_106424
uid 86/101 HWT_002241
uid 87/101 HWT_047479
uid 88/101 HWT_067237
uid 89/101 HWT_000450
uid 90/101 HWT_002868
uid 91/101 HWT_043019
uid 92/101 HWT_049349
uid 93/101 HWT_077234
uid 94/101 HWT_086866
uid 95/101 HWT_093172
uid 96/101 HWT_097841
uid 97/101 HWT_098524
uid 98/101 HWT_100848
uid 99/101 HWT_101035
uid 100/101 HWT_101942
uid 101/101 MGT_014717
Stage embedding: 8920 samples pending
embedding 1/8920 HWT_013596
embedding 2/8920 HWT_013614
embedding 3/8920 HWT_013768
embedding 4/8920 HWT_013788
embedding 5/8920 HWT_013793
embedding 6/8920 HWT_013919
embedding 7/8920 HWT_014169
embedding 8/8920 HWT_014482
embedding 9/8920 HWT_014660
embedding 10/8920 HWT_015089
embedding 11/8920 HWT_015407
embedding 12/8920 HWT_015708
embedding 13/8920 HWT_016184
embedding 14/8920 HWT_016384
embedding 15/8920 HWT_016579
embedding 16/8920 HWT_016766
embedding 17/8920 HWT_016868
embedding 18/8920 HWT_017564
embedding 19/8920 HWT_017891
embedding 20/8920 HWT_018053
embedding 21/8920 HWT_018910
embedding 22/8920 HWT_018914
embedding 23/8920 HWT_019158
embedding 24/8920 HWT_019237
embedding 25/8920 HWT_019943
embedding 26/8920 HWT_020044
embedding 27/8920 HWT_020215
embedding 28/8920 HWT_020218
embedding 29/8920 HWT_020252
embedding 30/8920 HWT_020427
embedding 31/8920 HWT_021110
embedding 32/8920 HWT_021129
embedding 33/8920 HWT_021927
embedding 34/8920 HWT_021997
embedding 35/8920 HWT_022428
embedding 36/8920 HWT_022843
embedding 37/8920 HWT_023284
embedding 38/8920 HWT_024059
embedding 39/8920 HWT_024311
embedding 40/8920 HWT_024332
embedding 41/8920 HWT_024548
embedding 42/8920 HWT_024608
embedding 43/8920 HWT_024650
embedding 44/8920 HWT_024735
embedding 45/8920 HWT_024876
embedding 46/8920 HWT_024930
embedding 47/8920 HWT_025015
embedding 48/8920 HWT_025118
embedding 49/8920 HWT_025159
embedding 50/8920 HWT_025588
embedding 51/8920 HWT_025738
embedding 52/8920 HWT_025819
embedding 53/8920 HWT_026078
embedding 54/8920 HWT_026625
embedding 55/8920 HWT_026636
embedding 56/8920 HWT_026669
embedding 57/8920 HWT_026714
embedding 58/8920 HWT_026741
embedding 59/8920 HWT_026985
embedding 60/8920 HWT_027488
embedding 61/8920 HWT_027546
embedding 62/8920 HWT_027972
embedding 63/8920 HWT_028152
embedding 64/8920 HWT_028368
embedding 65/8920 HWT_028755
embedding 66/8920 HWT_029735
embedding 67/8920 HWT_029923
embedding 68/8920 HWT_030201
embedding 69/8920 HWT_030652
embedding 70/8920 HWT_031044
embedding 71/8920 HWT_031183
embedding 72/8920 HWT_031335
embedding 73/8920 HWT_031877
embedding 74/8920 HWT_031908
embedding 75/8920 HWT_032525
embedding 76/8920 HWT_032533
embedding 77/8920 HWT_032964
embedding 78/8920 HWT_034092
embedding 79/8920 HWT_034422
embedding 80/8920 HWT_034812
embedding 81/8920 HWT_034937
embedding 82/8920 HWT_034955
embedding 83/8920 HWT_035311
embedding 84/8920 HWT_035553
embedding 85/8920 HWT_035707
embedding 86/8920 HWT_036302
embedding 87/8920 HWT_036408
embedding 88/8920 HWT_036438
embedding 89/8920 HWT_036633
embedding 90/8920 HWT_037013
embedding 91/8920 HWT_037248
embedding 92/8920 HWT_037500
embedding 93/8920 HWT_037593
embedding 94/8920 HWT_037906
embedding 95/8920 HWT_038086
embedding 96/8920 HWT_038173
embedding 97/8920 HWT_038243
embedding 98/8920 HWT_038340
embedding 99/8920 HWT_038398
embedding 100/8920 HWT_038453
embedding 101/8920 HWT_038760
embedding 102/8920 HWT_038764
embedding 103/8920 HWT_038960
embedding 104/8920 HWT_038963
embedding 105/8920 HWT_039057
embedding 106/8920 HWT_039206
embedding 107/8920 HWT_039333
embedding 108/8920 HWT_039383
embedding 109/8920 HWT_039417
embedding 110/8920 HWT_039432
embedding 111/8920 HWT_039565
embedding 112/8920 HWT_039674
embedding 113/8920 HWT_040009
embedding 114/8920 HWT_040026
embedding 115/8920 HWT_040167
embedding 116/8920 HWT_041140
embedding 117/8920 HWT_041551
embedding 118/8920 HWT_042064
embedding 119/8920 HWT_042225
embedding 120/8920 HWT_042306
embedding 121/8920 HWT_042839
embedding 122/8920 HWT_043466
embedding 123/8920 HWT_043572
embedding 124/8920 HWT_043769
embedding 125/8920 HWT_044289
embedding 126/8920 HWT_045540
embedding 127/8920 HWT_046061
embedding 128/8920 HWT_046189
embedding 129/8920 HWT_046368
embedding 130/8920 HWT_049940
embedding 131/8920 HWT_049970
embedding 132/8920 HWT_050312
embedding 133/8920 HWT_050440
embedding 134/8920 HWT_050444
embedding 135/8920 HWT_050492
embedding 136/8920 HWT_050813
embedding 137/8920 HWT_050993
embedding 138/8920 HWT_050998
embedding 139/8920 HWT_051467
embedding 140/8920 HWT_051516
embedding 141/8920 HWT_051641
embedding 142/8920 HWT_051849
embedding 143/8920 HWT_052034
embedding 144/8920 HWT_052119
embedding 145/8920 HWT_052630
embedding 146/8920 HWT_053000
embedding 147/8920 HWT_053975
embedding 148/8920 HWT_054823
embedding 149/8920 HWT_054840
embedding 150/8920 HWT_054872
embedding 151/8920 HWT_055057
embedding 152/8920 HWT_055072
embedding 153/8920 HWT_055434
embedding 154/8920 HWT_055708
embedding 155/8920 HWT_055714
embedding 156/8920 HWT_055755
embedding 157/8920 HWT_055828
embedding 158/8920 HWT_056423
embedding 159/8920 HWT_056433
embedding 160/8920 HWT_056704
embedding 161/8920 HWT_057379
embedding 162/8920 HWT_057659
embedding 163/8920 HWT_057752
embedding 164/8920 HWT_058079
embedding 165/8920 HWT_058291
embedding 166/8920 HWT_058601
embedding 167/8920 HWT_058638
embedding 168/8920 HWT_058646
embedding 169/8920 HWT_058649
embedding 170/8920 HWT_058692
embedding 171/8920 HWT_058696
embedding 172/8920 HWT_058829
embedding 173/8920 HWT_059314
embedding 174/8920 HWT_059521
embedding 175/8920 HWT_059587
embedding 176/8920 HWT_059723
embedding 177/8920 HWT_059842
embedding 178/8920 HWT_060085
embedding 179/8920 HWT_060174
embedding 180/8920 HWT_060195
embedding 181/8920 HWT_060250
embedding 182/8920 HWT_060267
embedding 183/8920 HWT_060269
embedding 184/8920 HWT_060410
embedding 185/8920 HWT_060532
embedding 186/8920 HWT_060728
embedding 187/8920 HWT_060987
embedding 188/8920 HWT_061313
embedding 189/8920 HWT_062301
embedding 190/8920 HWT_062554
embedding 191/8920 HWT_062579
embedding 192/8920 HWT_062599
embedding 193/8920 HWT_063102
embedding 194/8920 HWT_063112
embedding 195/8920 HWT_063379
embedding 196/8920 HWT_063689
embedding 197/8920 HWT_063793
embedding 198/8920 HWT_064047
embedding 199/8920 HWT_064188
embedding 200/8920 HWT_064382
embedding 201/8920 HWT_064541
embedding 202/8920 HWT_065270
embedding 203/8920 HWT_065272
embedding 204/8920 HWT_065288
embedding 205/8920 HWT_065969
embedding 206/8920 HWT_066044
embedding 207/8920 HWT_066971
embedding 208/8920 HWT_067331
embedding 209/8920 HWT_067613
embedding 210/8920 HWT_067683
embedding 211/8920 HWT_068417
embedding 212/8920 HWT_068491
embedding 213/8920 HWT_069287
embedding 214/8920 HWT_069365
embedding 215/8920 HWT_070356
embedding 216/8920 HWT_070432
embedding 217/8920 HWT_070707
embedding 218/8920 HWT_070726
embedding 219/8920 HWT_070982
embedding 220/8920 HWT_071306
embedding 221/8920 HWT_071360
embedding 222/8920 HWT_071492
embedding 223/8920 HWT_071530
embedding 224/8920 HWT_072292
embedding 225/8920 HWT_072499
embedding 226/8920 HWT_073101
embedding 227/8920 HWT_073241
embedding 228/8920 HWT_073279
embedding 229/8920 HWT_073307
embedding 230/8920 HWT_073377
embedding 231/8920 HWT_073704
embedding 232/8920 HWT_073717
embedding 233/8920 HWT_073828
embedding 234/8920 HWT_073852
embedding 235/8920 HWT_073987
embedding 236/8920 HWT_075244
embedding 237/8920 HWT_075451
embedding 238/8920 HWT_075599
embedding 239/8920 HWT_075828
embedding 240/8920 HWT_076506
embedding 241/8920 HWT_076938
embedding 242/8920 HWT_077441
embedding 243/8920 HWT_077967
embedding 244/8920 HWT_077971
embedding 245/8920 HWT_078170
embedding 246/8920 HWT_078201
embedding 247/8920 HWT_078237
embedding 248/8920 HWT_078325
embedding 249/8920 HWT_078511
embedding 250/8920 HWT_078537
embedding 251/8920 HWT_078665
embedding 252/8920 HWT_078786
embedding 253/8920 HWT_078932
embedding 254/8920 HWT_079470
embedding 255/8920 HWT_079482
embedding 256/8920 HWT_079707
embedding 257/8920 HWT_079869
embedding 258/8920 HWT_079883
embedding 259/8920 HWT_079979
embedding 260/8920 HWT_080190
embedding 261/8920 HWT_080589
embedding 262/8920 HWT_080951
embedding 263/8920 HWT_081033
embedding 264/8920 HWT_081471
embedding 265/8920 HWT_081574
embedding 266/8920 HWT_081775
embedding 267/8920 HWT_081816
embedding 268/8920 HWT_081905
embedding 269/8920 HWT_082201
embedding 270/8920 HWT_082300
embedding 271/8920 HWT_082682
embedding 272/8920 HWT_082941
embedding 273/8920 HWT_083053
embedding 274/8920 HWT_083326
embedding 275/8920 HWT_083611
embedding 276/8920 HWT_083676
embedding 277/8920 HWT_083731
embedding 278/8920 HWT_084049
embedding 279/8920 HWT_084133
embedding 280/8920 HWT_084194
embedding 281/8920 HWT_084429
embedding 282/8920 HWT_084554
embedding 283/8920 HWT_084929
embedding 284/8920 HWT_085257
embedding 285/8920 HWT_085666
embedding 286/8920 HWT_085743
embedding 287/8920 HWT_085763
embedding 288/8920 HWT_086116
embedding 289/8920 HWT_086133
embedding 290/8920 HWT_086203
embedding 291/8920 HWT_086309
embedding 292/8920 HWT_086395
embedding 293/8920 HWT_086730
embedding 294/8920 HWT_086831
embedding 295/8920 HWT_086855
embedding 296/8920 HWT_086906
embedding 297/8920 HWT_087085
embedding 298/8920 HWT_087159
embedding 299/8920 HWT_087209
embedding 300/8920 HWT_087702
embedding 301/8920 HWT_087780
embedding 302/8920 HWT_088087
embedding 303/8920 HWT_088403
embedding 304/8920 HWT_088986
embedding 305/8920 HWT_089061
embedding 306/8920 HWT_089248
embedding 307/8920 HWT_089502
embedding 308/8920 HWT_090039
embedding 309/8920 HWT_090143
embedding 310/8920 HWT_090469
embedding 311/8920 HWT_090621
embedding 312/8920 HWT_090669
embedding 313/8920 HWT_090911
embedding 314/8920 HWT_091275
embedding 315/8920 HWT_091775
embedding 316/8920 HWT_091850
embedding 317/8920 HWT_092027
embedding 318/8920 HWT_092189
embedding 319/8920 HWT_092290
embedding 320/8920 HWT_092627
embedding 321/8920 HWT_092890
embedding 322/8920 HWT_092961
embedding 323/8920 HWT_093807
embedding 324/8920 HWT_094044
embedding 325/8920 HWT_094391
embedding 326/8920 HWT_095262
embedding 327/8920 HWT_095300
embedding 328/8920 HWT_095666
embedding 329/8920 HWT_095783
embedding 330/8920 HWT_095875
embedding 331/8920 HWT_096076
embedding 332/8920 HWT_096132
embedding 333/8920 HWT_096334
embedding 334/8920 HWT_096651
embedding 335/8920 HWT_096752
embedding 336/8920 HWT_096901
embedding 337/8920 HWT_097143
embedding 338/8920 HWT_097231
embedding 339/8920 HWT_097367
embedding 340/8920 HWT_097580
embedding 341/8920 HWT_097684
embedding 342/8920 HWT_097895
embedding 343/8920 HWT_098233
embedding 344/8920 HWT_098569
embedding 345/8920 HWT_098593
embedding 346/8920 HWT_098761
embedding 347/8920 HWT_099113
embedding 348/8920 HWT_099324
embedding 349/8920 HWT_099345
embedding 350/8920 HWT_099577
embedding 351/8920 HWT_099830
embedding 352/8920 HWT_099894
embedding 353/8920 HWT_099934
embedding 354/8920 HWT_099989
embedding 355/8920 HWT_100000
embedding 356/8920 HWT_100039
embedding 357/8920 HWT_100147
embedding 358/8920 HWT_100743
embedding 359/8920 HWT_100747
embedding 360/8920 HWT_100756
embedding 361/8920 HWT_100799
embedding 362/8920 HWT_100946
embedding 363/8920 HWT_101170
embedding 364/8920 HWT_101287
embedding 365/8920 HWT_101430
embedding 366/8920 HWT_101445
embedding 367/8920 HWT_101462
embedding 368/8920 HWT_101950
embedding 369/8920 HWT_102601
embedding 370/8920 HWT_102660
embedding 371/8920 HWT_103463
embedding 372/8920 HWT_103738
embedding 373/8920 HWT_103812
embedding 374/8920 HWT_103907
embedding 375/8920 HWT_104346
embedding 376/8920 HWT_104495
embedding 377/8920 HWT_104503
embedding 378/8920 HWT_104785
embedding 379/8920 HWT_104887
embedding 380/8920 HWT_104966
embedding 381/8920 HWT_105639
embedding 382/8920 HWT_106078
embedding 383/8920 HWT_106143
embedding 384/8920 HWT_106568
embedding 385/8920 HWT_106583
embedding 386/8920 HWT_106647
embedding 387/8920 HWT_106924
embedding 388/8920 HWT_107033
embedding 389/8920 HWT_107039
embedding 390/8920 HWT_107147
embedding 391/8920 HWT_107175
embedding 392/8920 HWT_107259
embedding 393/8920 HWT_107289
embedding 394/8920 HWT_107394
embedding 395/8920 HWT_107821
embedding 396/8920 HWT_108192
embedding 397/8920 HWT_108279
embedding 398/8920 HWT_108401
embedding 399/8920 HWT_108540
embedding 400/8920 HWT_108597
embedding 401/8920 HWT_003513
embedding 402/8920 HWT_006460
embedding 403/8920 HWT_006462
embedding 404/8920 HWT_006644
embedding 405/8920 HWT_006990
embedding 406/8920 HWT_007423
embedding 407/8920 HWT_010303
embedding 408/8920 HWT_011008
embedding 409/8920 HWT_011631
embedding 410/8920 HWT_013144
embedding 411/8920 HWT_013154
embedding 412/8920 HWT_013468
embedding 413/8920 HWT_013563
embedding 414/8920 HWT_013968
embedding 415/8920 HWT_014368
embedding 416/8920 HWT_014625
embedding 417/8920 HWT_014689
embedding 418/8920 HWT_015333
embedding 419/8920 HWT_015381
embedding 420/8920 HWT_015518
embedding 421/8920 HWT_017340
embedding 422/8920 HWT_017559
embedding 423/8920 HWT_017665
embedding 424/8920 HWT_018224
embedding 425/8920 HWT_018322
embedding 426/8920 HWT_018442
embedding 427/8920 HWT_018898
embedding 428/8920 HWT_018916
embedding 429/8920 HWT_020452
embedding 430/8920 HWT_021591
embedding 431/8920 HWT_021598
embedding 432/8920 HWT_021768
embedding 433/8920 HWT_022964
embedding 434/8920 HWT_024070
embedding 435/8920 HWT_024138
embedding 436/8920 HWT_026681
embedding 437/8920 HWT_027041
embedding 438/8920 HWT_027169
embedding 439/8920 HWT_027343
embedding 440/8920 HWT_028172
embedding 441/8920 HWT_030580
embedding 442/8920 HWT_030950
embedding 443/8920 HWT_031153
embedding 444/8920 HWT_032304
embedding 445/8920 HWT_032586
embedding 446/8920 HWT_032852
embedding 447/8920 HWT_033212
embedding 448/8920 HWT_033845
embedding 449/8920 HWT_035956
embedding 450/8920 HWT_036714
embedding 451/8920 HWT_037335
embedding 452/8920 HWT_037973
embedding 453/8920 HWT_038183
embedding 454/8920 HWT_039968
embedding 455/8920 HWT_041170
embedding 456/8920 HWT_043358
embedding 457/8920 HWT_049808
embedding 458/8920 HWT_054123
embedding 459/8920 HWT_055372
embedding 460/8920 HWT_056509
embedding 461/8920 HWT_061915
embedding 462/8920 HWT_074207
embedding 463/8920 HWT_087504
embedding 464/8920 HWT_094065
embedding 465/8920 HWT_001640
embedding 466/8920 HWT_002601
embedding 467/8920 HWT_003400
embedding 468/8920 HWT_003956
embedding 469/8920 HWT_004421
embedding 470/8920 HWT_005127
embedding 471/8920 HWT_005984
embedding 472/8920 HWT_007507
embedding 473/8920 HWT_008167
embedding 474/8920 HWT_008772
embedding 475/8920 HWT_010634
embedding 476/8920 HWT_011718
embedding 477/8920 HWT_011941
embedding 478/8920 HWT_013441
embedding 479/8920 HWT_013699
embedding 480/8920 HWT_015037
embedding 481/8920 HWT_015205
embedding 482/8920 HWT_015430
embedding 483/8920 HWT_015834
embedding 484/8920 HWT_018047
embedding 485/8920 HWT_018959
embedding 486/8920 HWT_019230
embedding 487/8920 HWT_019932
embedding 488/8920 HWT_020164
embedding 489/8920 HWT_020175
embedding 490/8920 HWT_020829
embedding 491/8920 HWT_021093
embedding 492/8920 HWT_022638
embedding 493/8920 HWT_023204
embedding 494/8920 HWT_023220
embedding 495/8920 HWT_024271
embedding 496/8920 HWT_024733
embedding 497/8920 HWT_024745
embedding 498/8920 HWT_025295
embedding 499/8920 HWT_026409
embedding 500/8920 HWT_026809
embedding 501/8920 HWT_028818
embedding 502/8920 HWT_029693
embedding 503/8920 HWT_029951
embedding 504/8920 HWT_030021
embedding 505/8920 HWT_033312
embedding 506/8920 HWT_033590
embedding 507/8920 HWT_034312
embedding 508/8920 HWT_034915
embedding 509/8920 HWT_035144
embedding 510/8920 HWT_036716
embedding 511/8920 HWT_037362
embedding 512/8920 HWT_037648
embedding 513/8920 HWT_040836
embedding 514/8920 HWT_047872
embedding 515/8920 HWT_049307
embedding 516/8920 HWT_058154
embedding 517/8920 HWT_069578
embedding 518/8920 HWT_070403
embedding 519/8920 HWT_086400
embedding 520/8920 HWT_089387
embedding 521/8920 HWT_104816
embedding 522/8920 HWT_107401
embedding 523/8920 HWT_027325
embedding 524/8920 HWT_001805
embedding 525/8920 HWT_004115
embedding 526/8920 HWT_005778
embedding 527/8920 HWT_006786
embedding 528/8920 HWT_008495
embedding 529/8920 HWT_012450
embedding 530/8920 HWT_015606
embedding 531/8920 HWT_017681
embedding 532/8920 HWT_018048
embedding 533/8920 HWT_018821
embedding 534/8920 HWT_022163
embedding 535/8920 HWT_027402
embedding 536/8920 HWT_028161
embedding 537/8920 HWT_030063
embedding 538/8920 HWT_030613
embedding 539/8920 HWT_031785
embedding 540/8920 HWT_037581
embedding 541/8920 HWT_050076
embedding 542/8920 HWT_052287
embedding 543/8920 HWT_057006
embedding 544/8920 HWT_057930
embedding 545/8920 HWT_058177
embedding 546/8920 HWT_061200
embedding 547/8920 HWT_062474
embedding 548/8920 HWT_072010
embedding 549/8920 HWT_073938
embedding 550/8920 HWT_074103
embedding 551/8920 HWT_074110
embedding 552/8920 HWT_076667
embedding 553/8920 HWT_080544
embedding 554/8920 HWT_081885
embedding 555/8920 HWT_083799
embedding 556/8920 HWT_084000
embedding 557/8920 HWT_084001
embedding 558/8920 HWT_087954
embedding 559/8920 HWT_089681
embedding 560/8920 HWT_091156
embedding 561/8920 HWT_092456
embedding 562/8920 HWT_093404
embedding 563/8920 HWT_094692
embedding 564/8920 HWT_096925
embedding 565/8920 HWT_097176
embedding 566/8920 HWT_097673
embedding 567/8920 HWT_100650
embedding 568/8920 HWT_100676
embedding 569/8920 HWT_104281
embedding 570/8920 HWT_106556
embedding 571/8920 HWT_107663
embedding 572/8920 HWT_004171
embedding 573/8920 HWT_010022
embedding 574/8920 HWT_010706
embedding 575/8920 HWT_010774
embedding 576/8920 HWT_010838
embedding 577/8920 HWT_010852
embedding 578/8920 HWT_012288
embedding 579/8920 HWT_012577
embedding 580/8920 HWT_012894
embedding 581/8920 HWT_014550
embedding 582/8920 HWT_014813
embedding 583/8920 HWT_014829
embedding 584/8920 HWT_015597
embedding 585/8920 HWT_016329
embedding 586/8920 HWT_020906
embedding 587/8920 HWT_020928
embedding 588/8920 HWT_029609
embedding 589/8920 HWT_030296
embedding 590/8920 HWT_030814
embedding 591/8920 HWT_031009
embedding 592/8920 HWT_031533
embedding 593/8920 HWT_032031
embedding 594/8920 HWT_032315
embedding 595/8920 HWT_034054
embedding 596/8920 HWT_034476
embedding 597/8920 HWT_034533
embedding 598/8920 HWT_037998
embedding 599/8920 HWT_038004
embedding 600/8920 HWT_038878
embedding 601/8920 HWT_039352
embedding 602/8920 HWT_039391
embedding 603/8920 HWT_044284
embedding 604/8920 HWT_047325
embedding 605/8920 HWT_048767
embedding 606/8920 HWT_056453
embedding 607/8920 HWT_061374
embedding 608/8920 HWT_065730
embedding 609/8920 HWT_068456
embedding 610/8920 HWT_072311
embedding 611/8920 HWT_079618
embedding 612/8920 HWT_082073
embedding 613/8920 HWT_083261
embedding 614/8920 HWT_087043
embedding 615/8920 HWT_087949
embedding 616/8920 HWT_090514
embedding 617/8920 HWT_090703
embedding 618/8920 HWT_091004
embedding 619/8920 HWT_091800
embedding 620/8920 HWT_098247
embedding 621/8920 HWT_100100
embedding 622/8920 HWT_104107
embedding 623/8920 HWT_050107
embedding 624/8920 HWT_062050
embedding 625/8920 HWT_075386
embedding 626/8920 HWT_024888
embedding 627/8920 HWT_030632
embedding 628/8920 HWT_037655
embedding 629/8920 HWT_036763
embedding 630/8920 HWT_000326
embedding 631/8920 HWT_000403
embedding 632/8920 HWT_000500
embedding 633/8920 HWT_000578
embedding 634/8920 HWT_001381
embedding 635/8920 HWT_001910
embedding 636/8920 HWT_004266
embedding 637/8920 HWT_004742
embedding 638/8920 HWT_005347
embedding 639/8920 HWT_005885
embedding 640/8920 HWT_006551
embedding 641/8920 HWT_007484
embedding 642/8920 HWT_009642
embedding 643/8920 HWT_010317
embedding 644/8920 HWT_010652
embedding 645/8920 HWT_010665
embedding 646/8920 HWT_010698
embedding 647/8920 HWT_010843
embedding 648/8920 HWT_011270
embedding 649/8920 HWT_011306
embedding 650/8920 HWT_011419
embedding 651/8920 HWT_011495
embedding 652/8920 HWT_011797
embedding 653/8920 HWT_012520
embedding 654/8920 HWT_012550
embedding 655/8920 HWT_012615
embedding 656/8920 HWT_012831
embedding 657/8920 HWT_013122
embedding 658/8920 HWT_013132
embedding 659/8920 HWT_014028
embedding 660/8920 HWT_014570
embedding 661/8920 HWT_015200
embedding 662/8920 HWT_015510
embedding 663/8920 HWT_015863
embedding 664/8920 HWT_016410
embedding 665/8920 HWT_016447
embedding 666/8920 HWT_016720
embedding 667/8920 HWT_016957
embedding 668/8920 HWT_017322
embedding 669/8920 HWT_017511
embedding 670/8920 HWT_017815
embedding 671/8920 HWT_017853
embedding 672/8920 HWT_017879
embedding 673/8920 HWT_017883
embedding 674/8920 HWT_017914
embedding 675/8920 HWT_018260
embedding 676/8920 HWT_018290
embedding 677/8920 HWT_018323
embedding 678/8920 HWT_018544
embedding 679/8920 HWT_018783
embedding 680/8920 HWT_018827
embedding 681/8920 HWT_019137
embedding 682/8920 HWT_019196
embedding 683/8920 HWT_019467
embedding 684/8920 HWT_019756
embedding 685/8920 HWT_020856
embedding 686/8920 HWT_020905
embedding 687/8920 HWT_021915
embedding 688/8920 HWT_022161
embedding 689/8920 HWT_022178
embedding 690/8920 HWT_022701
embedding 691/8920 HWT_023056
embedding 692/8920 HWT_023219
embedding 693/8920 HWT_023561
embedding 694/8920 HWT_023745
embedding 695/8920 HWT_024121
embedding 696/8920 HWT_024959
embedding 697/8920 HWT_026530
embedding 698/8920 HWT_026765
embedding 699/8920 HWT_027015
embedding 700/8920 HWT_027290
embedding 701/8920 HWT_027688
embedding 702/8920 HWT_027889
embedding 703/8920 HWT_027943
embedding 704/8920 HWT_028256
embedding 705/8920 HWT_028539
embedding 706/8920 HWT_028908
embedding 707/8920 HWT_029000
embedding 708/8920 HWT_029170
embedding 709/8920 HWT_029719
embedding 710/8920 HWT_029946
embedding 711/8920 HWT_030014
embedding 712/8920 HWT_030712
embedding 713/8920 HWT_030874
embedding 714/8920 HWT_031499
embedding 715/8920 HWT_031856
embedding 716/8920 HWT_032004
embedding 717/8920 HWT_032711
embedding 718/8920 HWT_033436
embedding 719/8920 HWT_033491
embedding 720/8920 HWT_033821
embedding 721/8920 HWT_034317
embedding 722/8920 HWT_036449
embedding 723/8920 HWT_036459
embedding 724/8920 HWT_036594
embedding 725/8920 HWT_036598
embedding 726/8920 HWT_037262
embedding 727/8920 HWT_037543
embedding 728/8920 HWT_037709
embedding 729/8920 HWT_037845
embedding 730/8920 HWT_037961
embedding 731/8920 HWT_039139
embedding 732/8920 HWT_040101
embedding 733/8920 HWT_040301
embedding 734/8920 HWT_040677
embedding 735/8920 HWT_041402
embedding 736/8920 HWT_041427
embedding 737/8920 HWT_041443
embedding 738/8920 HWT_042488
embedding 739/8920 HWT_043200
embedding 740/8920 HWT_049062
embedding 741/8920 HWT_050930
embedding 742/8920 HWT_051718
embedding 743/8920 HWT_051963
embedding 744/8920 HWT_051964
embedding 745/8920 HWT_052060
embedding 746/8920 HWT_052080
embedding 747/8920 HWT_053359
embedding 748/8920 HWT_054503
embedding 749/8920 HWT_055520
embedding 750/8920 HWT_056465
embedding 751/8920 HWT_057867
embedding 752/8920 HWT_058473
embedding 753/8920 HWT_060091
embedding 754/8920 HWT_061362
embedding 755/8920 HWT_070345
embedding 756/8920 HWT_074564
embedding 757/8920 HWT_083737
embedding 758/8920 HWT_087443
embedding 759/8920 HWT_088323
embedding 760/8920 HWT_090319
embedding 761/8920 HWT_091079
embedding 762/8920 HWT_093604
embedding 763/8920 HWT_095122
embedding 764/8920 HWT_095501
embedding 765/8920 HWT_101264
embedding 766/8920 HWT_103525
embedding 767/8920 HWT_107053
embedding 768/8920 HWT_012933
embedding 769/8920 HWT_089817
embedding 770/8920 HWT_011586
embedding 771/8920 HWT_015953
embedding 772/8920 HWT_036215
embedding 773/8920 HWT_053616
embedding 774/8920 HWT_000599
embedding 775/8920 HWT_007399
embedding 776/8920 HWT_009559
embedding 777/8920 HWT_014274
embedding 778/8920 HWT_016576
embedding 779/8920 HWT_018746
embedding 780/8920 HWT_019948
embedding 781/8920 HWT_021069
embedding 782/8920 HWT_038913
embedding 783/8920 HWT_038934
embedding 784/8920 HWT_039303
embedding 785/8920 HWT_002575
embedding 786/8920 HWT_008109
embedding 787/8920 HWT_010734
embedding 788/8920 HWT_010913
embedding 789/8920 HWT_012382
embedding 790/8920 HWT_012440
embedding 791/8920 HWT_018928
embedding 792/8920 HWT_029407
embedding 793/8920 HWT_032229
embedding 794/8920 HWT_038225
embedding 795/8920 HWT_062245
embedding 796/8920 HWT_001463
embedding 797/8920 HWT_001957
embedding 798/8920 HWT_007555
embedding 799/8920 HWT_009589
embedding 800/8920 HWT_002848
embedding 801/8920 HWT_004057
embedding 802/8920 HWT_010462
embedding 803/8920 HWT_010976
embedding 804/8920 HWT_013490
embedding 805/8920 HWT_016315
embedding 806/8920 HWT_017492
embedding 807/8920 HWT_018569
embedding 808/8920 HWT_019141
embedding 809/8920 HWT_020575
embedding 810/8920 HWT_022474
embedding 811/8920 HWT_027224
embedding 812/8920 HWT_027351
embedding 813/8920 HWT_027705
embedding 814/8920 HWT_036856
embedding 815/8920 HWT_038264
embedding 816/8920 HWT_038820
embedding 817/8920 HWT_039651
embedding 818/8920 HWT_041263
embedding 819/8920 HWT_049881
embedding 820/8920 HWT_050912
embedding 821/8920 HWT_051599
embedding 822/8920 HWT_052668
embedding 823/8920 HWT_052681
embedding 824/8920 HWT_054695
embedding 825/8920 HWT_054750
embedding 826/8920 HWT_055756
embedding 827/8920 HWT_056609
embedding 828/8920 HWT_056836
embedding 829/8920 HWT_058980
embedding 830/8920 HWT_059455
embedding 831/8920 HWT_061244
embedding 832/8920 HWT_062001
embedding 833/8920 HWT_062126
embedding 834/8920 HWT_063260
embedding 835/8920 HWT_063297
embedding 836/8920 HWT_065510
embedding 837/8920 HWT_065883
embedding 838/8920 HWT_074004
embedding 839/8920 HWT_075162
embedding 840/8920 HWT_077912
embedding 841/8920 HWT_078794
embedding 842/8920 HWT_083592
embedding 843/8920 HWT_087973
embedding 844/8920 HWT_095884
embedding 845/8920 HWT_098273
embedding 846/8920 HWT_099987
embedding 847/8920 HWT_100947
embedding 848/8920 HWT_102202
embedding 849/8920 HWT_104518
embedding 850/8920 HWT_104812
embedding 851/8920 HWT_105114
embedding 852/8920 HWT_105540
embedding 853/8920 HWT_107115
embedding 854/8920 HWT_002089
embedding 855/8920 HWT_002156
embedding 856/8920 HWT_003079
embedding 857/8920 HWT_004982
embedding 858/8920 HWT_007388
embedding 859/8920 HWT_016539
embedding 860/8920 HWT_016545
embedding 861/8920 HWT_016753
embedding 862/8920 HWT_017898
embedding 863/8920 HWT_018297
embedding 864/8920 HWT_021057
embedding 865/8920 HWT_021104
embedding 866/8920 HWT_021348
embedding 867/8920 HWT_021576
embedding 868/8920 HWT_022129
embedding 869/8920 HWT_023681
embedding 870/8920 HWT_025664
embedding 871/8920 HWT_026413
embedding 872/8920 HWT_028204
embedding 873/8920 HWT_028251
embedding 874/8920 HWT_029182
embedding 875/8920 HWT_031634
embedding 876/8920 HWT_036440
embedding 877/8920 HWT_036496
embedding 878/8920 HWT_038301
embedding 879/8920 HWT_053714
embedding 880/8920 HWT_053882
embedding 881/8920 HWT_053940
embedding 882/8920 HWT_057957
embedding 883/8920 HWT_059466
embedding 884/8920 HWT_062068
embedding 885/8920 HWT_062136
embedding 886/8920 HWT_065699
embedding 887/8920 HWT_079601
embedding 888/8920 HWT_086755
embedding 889/8920 HWT_008785
embedding 890/8920 HWT_009062
embedding 891/8920 HWT_009781
embedding 892/8920 HWT_012240
embedding 893/8920 HWT_012255
embedding 894/8920 HWT_013547
embedding 895/8920 HWT_015150
embedding 896/8920 HWT_016769
embedding 897/8920 HWT_017399
embedding 898/8920 HWT_018865
embedding 899/8920 HWT_021403
embedding 900/8920 HWT_022356
embedding 901/8920 HWT_026366
embedding 902/8920 HWT_026997
embedding 903/8920 HWT_028119
embedding 904/8920 HWT_028448
embedding 905/8920 HWT_029296
embedding 906/8920 HWT_035591
embedding 907/8920 HWT_052367
embedding 908/8920 HWT_056276
embedding 909/8920 HWT_056332
embedding 910/8920 HWT_056954
embedding 911/8920 HWT_059142
embedding 912/8920 HWT_060883
embedding 913/8920 HWT_061042
embedding 914/8920 HWT_061051
embedding 915/8920 HWT_062607
embedding 916/8920 HWT_063026
embedding 917/8920 HWT_063644
embedding 918/8920 HWT_063921
embedding 919/8920 HWT_068308
embedding 920/8920 HWT_071282
embedding 921/8920 HWT_075366
embedding 922/8920 HWT_075630
embedding 923/8920 HWT_077532
embedding 924/8920 HWT_079817
embedding 925/8920 HWT_082346
embedding 926/8920 HWT_083504
embedding 927/8920 HWT_085595
embedding 928/8920 HWT_087637
embedding 929/8920 HWT_087868
embedding 930/8920 HWT_090717
embedding 931/8920 HWT_096249
embedding 932/8920 HWT_098189
embedding 933/8920 HWT_099602
embedding 934/8920 HWT_100486
embedding 935/8920 HWT_100864
embedding 936/8920 HWT_101247
embedding 937/8920 HWT_102728
embedding 938/8920 HWT_102948
embedding 939/8920 HWT_104588
embedding 940/8920 HWT_104886
embedding 941/8920 HWT_106937
embedding 942/8920 HWT_063656
embedding 943/8920 HWT_000030
embedding 944/8920 HWT_000046
embedding 945/8920 HWT_000487
embedding 946/8920 HWT_000595
embedding 947/8920 HWT_000596
embedding 948/8920 HWT_000780
embedding 949/8920 HWT_000809
embedding 950/8920 HWT_000813
embedding 951/8920 HWT_001125
embedding 952/8920 HWT_001263
embedding 953/8920 HWT_001383
embedding 954/8920 HWT_001916
embedding 955/8920 HWT_001946
embedding 956/8920 HWT_002037
embedding 957/8920 HWT_002051
embedding 958/8920 HWT_002393
embedding 959/8920 HWT_002568
embedding 960/8920 HWT_002571
embedding 961/8920 HWT_002705
embedding 962/8920 HWT_003008
embedding 963/8920 HWT_003027
embedding 964/8920 HWT_003086
embedding 965/8920 HWT_003123
embedding 966/8920 HWT_003235
embedding 967/8920 HWT_003240
embedding 968/8920 HWT_003256
embedding 969/8920 HWT_003369
embedding 970/8920 HWT_003401
embedding 971/8920 HWT_003525
embedding 972/8920 HWT_003707
embedding 973/8920 HWT_003919
embedding 974/8920 HWT_004005
embedding 975/8920 HWT_004374
embedding 976/8920 HWT_004633
embedding 977/8920 HWT_004655
embedding 978/8920 HWT_004662
embedding 979/8920 HWT_004690
embedding 980/8920 HWT_004858
embedding 981/8920 HWT_005049
embedding 982/8920 HWT_005332
embedding 983/8920 HWT_005486
embedding 984/8920 HWT_005503
embedding 985/8920 HWT_005588
embedding 986/8920 HWT_005866
embedding 987/8920 HWT_006322
embedding 988/8920 HWT_006365
embedding 989/8920 HWT_006402
embedding 990/8920 HWT_006439
embedding 991/8920 HWT_006946
embedding 992/8920 HWT_006961
embedding 993/8920 HWT_006975
embedding 994/8920 HWT_007012
embedding 995/8920 HWT_007158
embedding 996/8920 HWT_007218
embedding 997/8920 HWT_007232
embedding 998/8920 HWT_007374
embedding 999/8920 HWT_007771
embedding 1000/8920 HWT_007813
embedding 1001/8920 HWT_007965
embedding 1002/8920 HWT_008025
embedding 1003/8920 HWT_008139
embedding 1004/8920 HWT_008173
embedding 1005/8920 HWT_008256
embedding 1006/8920 HWT_008263
embedding 1007/8920 HWT_008473
embedding 1008/8920 HWT_008476
embedding 1009/8920 HWT_008520
embedding 1010/8920 HWT_008524
embedding 1011/8920 HWT_008642
embedding 1012/8920 HWT_008870
embedding 1013/8920 HWT_008917
embedding 1014/8920 HWT_009055
embedding 1015/8920 HWT_009213
embedding 1016/8920 HWT_009233
embedding 1017/8920 HWT_009235
embedding 1018/8920 HWT_009444
embedding 1019/8920 HWT_009475
embedding 1020/8920 HWT_009523
embedding 1021/8920 HWT_009643
embedding 1022/8920 HWT_009720
embedding 1023/8920 HWT_009981
embedding 1024/8920 HWT_010125
embedding 1025/8920 HWT_010235
embedding 1026/8920 HWT_010284
embedding 1027/8920 HWT_010301
embedding 1028/8920 HWT_010544
embedding 1029/8920 HWT_010702
embedding 1030/8920 HWT_010711
embedding 1031/8920 HWT_010978
embedding 1032/8920 HWT_011212
embedding 1033/8920 HWT_011234
embedding 1034/8920 HWT_011309
embedding 1035/8920 HWT_011377
embedding 1036/8920 HWT_011520
embedding 1037/8920 HWT_011566
embedding 1038/8920 HWT_011655
embedding 1039/8920 HWT_011675
embedding 1040/8920 HWT_011731
embedding 1041/8920 HWT_011812
embedding 1042/8920 HWT_012187
embedding 1043/8920 HWT_012228
embedding 1044/8920 HWT_012331
embedding 1045/8920 HWT_012333
embedding 1046/8920 HWT_012391
embedding 1047/8920 HWT_012732
embedding 1048/8920 HWT_012735
embedding 1049/8920 HWT_012804
embedding 1050/8920 HWT_012882
embedding 1051/8920 HWT_012939
embedding 1052/8920 HWT_012986
embedding 1053/8920 HWT_013059
embedding 1054/8920 HWT_013108
embedding 1055/8920 HWT_013233
embedding 1056/8920 HWT_013322
embedding 1057/8920 HWT_013336
embedding 1058/8920 HWT_013365
embedding 1059/8920 HWT_013508
embedding 1060/8920 HWT_013534
embedding 1061/8920 HWT_013576
embedding 1062/8920 HWT_013609
embedding 1063/8920 HWT_013674
embedding 1064/8920 HWT_013682
embedding 1065/8920 HWT_013692
embedding 1066/8920 HWT_013715
embedding 1067/8920 HWT_013997
embedding 1068/8920 HWT_014111
embedding 1069/8920 HWT_014159
embedding 1070/8920 HWT_014176
embedding 1071/8920 HWT_014298
embedding 1072/8920 HWT_014339
embedding 1073/8920 HWT_014397
embedding 1074/8920 HWT_014491
embedding 1075/8920 HWT_014492
embedding 1076/8920 HWT_014582
embedding 1077/8920 HWT_014715
embedding 1078/8920 HWT_014773
embedding 1079/8920 HWT_014789
embedding 1080/8920 HWT_014791
embedding 1081/8920 HWT_014833
embedding 1082/8920 HWT_014835
embedding 1083/8920 HWT_015030
embedding 1084/8920 HWT_015033
embedding 1085/8920 HWT_015036
embedding 1086/8920 HWT_015057
embedding 1087/8920 HWT_015175
embedding 1088/8920 HWT_015176
embedding 1089/8920 HWT_015308
embedding 1090/8920 HWT_015323
embedding 1091/8920 HWT_015391
embedding 1092/8920 HWT_015393
embedding 1093/8920 HWT_015418
embedding 1094/8920 HWT_015442
embedding 1095/8920 HWT_015478
embedding 1096/8920 HWT_015488
embedding 1097/8920 HWT_015533
embedding 1098/8920 HWT_015614
embedding 1099/8920 HWT_015795
embedding 1100/8920 HWT_015801
embedding 1101/8920 HWT_015871
embedding 1102/8920 HWT_016094
embedding 1103/8920 HWT_016111
embedding 1104/8920 HWT_016340
embedding 1105/8920 HWT_016387
embedding 1106/8920 HWT_016435
embedding 1107/8920 HWT_016439
embedding 1108/8920 HWT_016587
embedding 1109/8920 HWT_016688
embedding 1110/8920 HWT_016750
embedding 1111/8920 HWT_016832
embedding 1112/8920 HWT_017042
embedding 1113/8920 HWT_017100
embedding 1114/8920 HWT_017137
embedding 1115/8920 HWT_017337
embedding 1116/8920 HWT_017394
embedding 1117/8920 HWT_017461
embedding 1118/8920 HWT_017572
embedding 1119/8920 HWT_017589
embedding 1120/8920 HWT_017809
embedding 1121/8920 HWT_017880
embedding 1122/8920 HWT_017890
embedding 1123/8920 HWT_017977
embedding 1124/8920 HWT_018002
embedding 1125/8920 HWT_018051
embedding 1126/8920 HWT_018092
embedding 1127/8920 HWT_018512
embedding 1128/8920 HWT_018793
embedding 1129/8920 HWT_018925
embedding 1130/8920 HWT_019100
embedding 1131/8920 HWT_019207
embedding 1132/8920 HWT_019312
embedding 1133/8920 HWT_019380
embedding 1134/8920 HWT_019458
embedding 1135/8920 HWT_019525
embedding 1136/8920 HWT_019567
embedding 1137/8920 HWT_019605
embedding 1138/8920 HWT_019689
embedding 1139/8920 HWT_019742
embedding 1140/8920 HWT_019793
embedding 1141/8920 HWT_019863
embedding 1142/8920 HWT_020157
embedding 1143/8920 HWT_020187
embedding 1144/8920 HWT_020204
embedding 1145/8920 HWT_020209
embedding 1146/8920 HWT_020284
embedding 1147/8920 HWT_020290
embedding 1148/8920 HWT_020534
embedding 1149/8920 HWT_020536
embedding 1150/8920 HWT_020648
embedding 1151/8920 HWT_020729
embedding 1152/8920 HWT_020741
embedding 1153/8920 HWT_020764
embedding 1154/8920 HWT_020847
embedding 1155/8920 HWT_020854
embedding 1156/8920 HWT_020944
embedding 1157/8920 HWT_021059
embedding 1158/8920 HWT_021075
embedding 1159/8920 HWT_021103
embedding 1160/8920 HWT_021109
embedding 1161/8920 HWT_021121
embedding 1162/8920 HWT_021159
embedding 1163/8920 HWT_021172
embedding 1164/8920 HWT_021208
embedding 1165/8920 HWT_021243
embedding 1166/8920 HWT_021318
embedding 1167/8920 HWT_021615
embedding 1168/8920 HWT_021618
embedding 1169/8920 HWT_021801
embedding 1170/8920 HWT_021851
embedding 1171/8920 HWT_021876
embedding 1172/8920 HWT_021897
embedding 1173/8920 HWT_021903
embedding 1174/8920 HWT_022111
embedding 1175/8920 HWT_022156
embedding 1176/8920 HWT_022160
embedding 1177/8920 HWT_022329
embedding 1178/8920 HWT_022349
embedding 1179/8920 HWT_022379
embedding 1180/8920 HWT_022411
embedding 1181/8920 HWT_022436
embedding 1182/8920 HWT_022475
embedding 1183/8920 HWT_022482
embedding 1184/8920 HWT_022503
embedding 1185/8920 HWT_022518
embedding 1186/8920 HWT_022615
embedding 1187/8920 HWT_022667
embedding 1188/8920 HWT_022710
embedding 1189/8920 HWT_022719
embedding 1190/8920 HWT_022746
embedding 1191/8920 HWT_022749
embedding 1192/8920 HWT_022815
embedding 1193/8920 HWT_022857
embedding 1194/8920 HWT_022897
embedding 1195/8920 HWT_022935
embedding 1196/8920 HWT_023106
embedding 1197/8920 HWT_023112
embedding 1198/8920 HWT_023135
embedding 1199/8920 HWT_023145
embedding 1200/8920 HWT_023161
embedding 1201/8920 HWT_023177
embedding 1202/8920 HWT_023283
embedding 1203/8920 HWT_023326
embedding 1204/8920 HWT_023375
embedding 1205/8920 HWT_023565
embedding 1206/8920 HWT_023630
embedding 1207/8920 HWT_023728
embedding 1208/8920 HWT_023785
embedding 1209/8920 HWT_023806
embedding 1210/8920 HWT_023905
embedding 1211/8920 HWT_024146
embedding 1212/8920 HWT_024164
embedding 1213/8920 HWT_024200
embedding 1214/8920 HWT_024521
embedding 1215/8920 HWT_024604
embedding 1216/8920 HWT_024741
embedding 1217/8920 HWT_024770
embedding 1218/8920 HWT_024850
embedding 1219/8920 HWT_024938
embedding 1220/8920 HWT_025044
embedding 1221/8920 HWT_025121
embedding 1222/8920 HWT_025255
embedding 1223/8920 HWT_025346
embedding 1224/8920 HWT_025408
embedding 1225/8920 HWT_025489
embedding 1226/8920 HWT_025535
embedding 1227/8920 HWT_025669
embedding 1228/8920 HWT_025670
embedding 1229/8920 HWT_025914
embedding 1230/8920 HWT_026093
embedding 1231/8920 HWT_026156
embedding 1232/8920 HWT_026177
embedding 1233/8920 HWT_026368
embedding 1234/8920 HWT_026383
embedding 1235/8920 HWT_026425
embedding 1236/8920 HWT_026459
embedding 1237/8920 HWT_026462
embedding 1238/8920 HWT_026505
embedding 1239/8920 HWT_026557
embedding 1240/8920 HWT_026662
embedding 1241/8920 HWT_026877
embedding 1242/8920 HWT_026906
embedding 1243/8920 HWT_026956
embedding 1244/8920 HWT_026970
embedding 1245/8920 HWT_026983
embedding 1246/8920 HWT_026992
embedding 1247/8920 HWT_027062
embedding 1248/8920 HWT_027067
embedding 1249/8920 HWT_027116
embedding 1250/8920 HWT_027240
embedding 1251/8920 HWT_027299
embedding 1252/8920 HWT_027495
embedding 1253/8920 HWT_027730
embedding 1254/8920 HWT_027751
embedding 1255/8920 HWT_027906
embedding 1256/8920 HWT_027969
embedding 1257/8920 HWT_027986
embedding 1258/8920 HWT_027995
embedding 1259/8920 HWT_028183
embedding 1260/8920 HWT_028264
embedding 1261/8920 HWT_028446
embedding 1262/8920 HWT_028620
embedding 1263/8920 HWT_028651
embedding 1264/8920 HWT_028741
embedding 1265/8920 HWT_028966
embedding 1266/8920 HWT_029106
embedding 1267/8920 HWT_029300
embedding 1268/8920 HWT_029606
embedding 1269/8920 HWT_029621
embedding 1270/8920 HWT_029908
embedding 1271/8920 HWT_030426
embedding 1272/8920 HWT_030517
embedding 1273/8920 HWT_030665
embedding 1274/8920 HWT_030842
embedding 1275/8920 HWT_030852
embedding 1276/8920 HWT_030860
embedding 1277/8920 HWT_031301
embedding 1278/8920 HWT_031306
embedding 1279/8920 HWT_031485
embedding 1280/8920 HWT_031534
embedding 1281/8920 HWT_031545
embedding 1282/8920 HWT_031566
embedding 1283/8920 HWT_031669
embedding 1284/8920 HWT_032463
embedding 1285/8920 HWT_032478
embedding 1286/8920 HWT_032539
embedding 1287/8920 HWT_032559
embedding 1288/8920 HWT_032599
embedding 1289/8920 HWT_032611
embedding 1290/8920 HWT_032624
embedding 1291/8920 HWT_032645
embedding 1292/8920 HWT_032728
embedding 1293/8920 HWT_032747
embedding 1294/8920 HWT_032913
embedding 1295/8920 HWT_033215
embedding 1296/8920 HWT_033356
embedding 1297/8920 HWT_033462
embedding 1298/8920 HWT_033799
embedding 1299/8920 HWT_034004
embedding 1300/8920 HWT_034049
embedding 1301/8920 HWT_034089
embedding 1302/8920 HWT_034169
embedding 1303/8920 HWT_034227
embedding 1304/8920 HWT_034273
embedding 1305/8920 HWT_034336
embedding 1306/8920 HWT_034623
embedding 1307/8920 HWT_034847
embedding 1308/8920 HWT_034996
embedding 1309/8920 HWT_035046
embedding 1310/8920 HWT_035072
embedding 1311/8920 HWT_035100
embedding 1312/8920 HWT_035108
embedding 1313/8920 HWT_035243
embedding 1314/8920 HWT_035323
embedding 1315/8920 HWT_035477
embedding 1316/8920 HWT_035523
embedding 1317/8920 HWT_035595
embedding 1318/8920 HWT_035714
embedding 1319/8920 HWT_035785
embedding 1320/8920 HWT_035812
embedding 1321/8920 HWT_035848
embedding 1322/8920 HWT_035873
embedding 1323/8920 HWT_035877
embedding 1324/8920 HWT_035896
embedding 1325/8920 HWT_035917
embedding 1326/8920 HWT_036046
embedding 1327/8920 HWT_036085
embedding 1328/8920 HWT_036243
embedding 1329/8920 HWT_036263
embedding 1330/8920 HWT_036314
embedding 1331/8920 HWT_036322
embedding 1332/8920 HWT_036373
embedding 1333/8920 HWT_036419
embedding 1334/8920 HWT_036431
embedding 1335/8920 HWT_036552
embedding 1336/8920 HWT_036945
embedding 1337/8920 HWT_036966
embedding 1338/8920 HWT_037000
embedding 1339/8920 HWT_037246
embedding 1340/8920 HWT_037371
embedding 1341/8920 HWT_037606
embedding 1342/8920 HWT_037629
embedding 1343/8920 HWT_037645
embedding 1344/8920 HWT_037666
embedding 1345/8920 HWT_037955
embedding 1346/8920 HWT_038063
embedding 1347/8920 HWT_038253
embedding 1348/8920 HWT_038266
embedding 1349/8920 HWT_038282
embedding 1350/8920 HWT_038430
embedding 1351/8920 HWT_038483
embedding 1352/8920 HWT_038494
embedding 1353/8920 HWT_038730
embedding 1354/8920 HWT_038761
embedding 1355/8920 HWT_038793
embedding 1356/8920 HWT_038895
embedding 1357/8920 HWT_039008
embedding 1358/8920 HWT_039094
embedding 1359/8920 HWT_039106
embedding 1360/8920 HWT_039119
embedding 1361/8920 HWT_039176
embedding 1362/8920 HWT_039188
embedding 1363/8920 HWT_039208
embedding 1364/8920 HWT_039290
embedding 1365/8920 HWT_039529
embedding 1366/8920 HWT_039684
embedding 1367/8920 HWT_039699
embedding 1368/8920 HWT_039717
embedding 1369/8920 HWT_039719
embedding 1370/8920 HWT_039757
embedding 1371/8920 HWT_040038
embedding 1372/8920 HWT_040153
embedding 1373/8920 HWT_040154
embedding 1374/8920 HWT_040563
embedding 1375/8920 HWT_040732
embedding 1376/8920 HWT_041351
embedding 1377/8920 HWT_041388
embedding 1378/8920 HWT_041589
embedding 1379/8920 HWT_041591
embedding 1380/8920 HWT_041742
embedding 1381/8920 HWT_041864
embedding 1382/8920 HWT_041868
embedding 1383/8920 HWT_042071
embedding 1384/8920 HWT_042082
embedding 1385/8920 HWT_042117
embedding 1386/8920 HWT_042277
embedding 1387/8920 HWT_042459
embedding 1388/8920 HWT_042731
embedding 1389/8920 HWT_042745
embedding 1390/8920 HWT_042963
embedding 1391/8920 HWT_043187
embedding 1392/8920 HWT_043333
embedding 1393/8920 HWT_043368
embedding 1394/8920 HWT_043743
embedding 1395/8920 HWT_043960
embedding 1396/8920 HWT_044279
embedding 1397/8920 HWT_044281
embedding 1398/8920 HWT_044350
embedding 1399/8920 HWT_044407
embedding 1400/8920 HWT_045057
embedding 1401/8920 HWT_045222
embedding 1402/8920 HWT_045629
embedding 1403/8920 HWT_045904
embedding 1404/8920 HWT_046400
embedding 1405/8920 HWT_046983
embedding 1406/8920 HWT_047430
embedding 1407/8920 HWT_047934
embedding 1408/8920 HWT_047968
embedding 1409/8920 HWT_048245
embedding 1410/8920 HWT_048558
embedding 1411/8920 HWT_048561
embedding 1412/8920 HWT_048625
embedding 1413/8920 HWT_048747
embedding 1414/8920 HWT_049278
embedding 1415/8920 HWT_049521
embedding 1416/8920 HWT_049522
embedding 1417/8920 HWT_049589
embedding 1418/8920 HWT_049629
embedding 1419/8920 HWT_049652
embedding 1420/8920 HWT_049726
embedding 1421/8920 HWT_049730
embedding 1422/8920 HWT_049818
embedding 1423/8920 HWT_049841
embedding 1424/8920 HWT_049894
embedding 1425/8920 HWT_049907
embedding 1426/8920 HWT_049915
embedding 1427/8920 HWT_049976
embedding 1428/8920 HWT_050017
embedding 1429/8920 HWT_050095
embedding 1430/8920 HWT_050121
embedding 1431/8920 HWT_050265
embedding 1432/8920 HWT_050327
embedding 1433/8920 HWT_050415
embedding 1434/8920 HWT_050472
embedding 1435/8920 HWT_050490
embedding 1436/8920 HWT_050551
embedding 1437/8920 HWT_050604
embedding 1438/8920 HWT_050680
embedding 1439/8920 HWT_050683
embedding 1440/8920 HWT_050796
embedding 1441/8920 HWT_050839
embedding 1442/8920 HWT_050845
embedding 1443/8920 HWT_050850
embedding 1444/8920 HWT_050980
embedding 1445/8920 HWT_051003
embedding 1446/8920 HWT_051052
embedding 1447/8920 HWT_051061
embedding 1448/8920 HWT_051159
embedding 1449/8920 HWT_051165
embedding 1450/8920 HWT_051178
embedding 1451/8920 HWT_051198
embedding 1452/8920 HWT_051266
embedding 1453/8920 HWT_051280
embedding 1454/8920 HWT_051287
embedding 1455/8920 HWT_051452
embedding 1456/8920 HWT_051461
embedding 1457/8920 HWT_051469
embedding 1458/8920 HWT_051476
embedding 1459/8920 HWT_051502
embedding 1460/8920 HWT_051600
embedding 1461/8920 HWT_051634
embedding 1462/8920 HWT_051638
embedding 1463/8920 HWT_051647
embedding 1464/8920 HWT_051692
embedding 1465/8920 HWT_051704
embedding 1466/8920 HWT_051725
embedding 1467/8920 HWT_051805
embedding 1468/8920 HWT_051889
embedding 1469/8920 HWT_051894
embedding 1470/8920 HWT_051905
embedding 1471/8920 HWT_051920
embedding 1472/8920 HWT_051939
embedding 1473/8920 HWT_052004
embedding 1474/8920 HWT_052007
embedding 1475/8920 HWT_052012
embedding 1476/8920 HWT_052075
embedding 1477/8920 HWT_052120
embedding 1478/8920 HWT_052149
embedding 1479/8920 HWT_052228
embedding 1480/8920 HWT_052230
embedding 1481/8920 HWT_052255
embedding 1482/8920 HWT_052303
embedding 1483/8920 HWT_052369
embedding 1484/8920 HWT_052429
embedding 1485/8920 HWT_052577
embedding 1486/8920 HWT_052582
embedding 1487/8920 HWT_052601
embedding 1488/8920 HWT_052711
embedding 1489/8920 HWT_052889
embedding 1490/8920 HWT_052906
embedding 1491/8920 HWT_052924
embedding 1492/8920 HWT_052985
embedding 1493/8920 HWT_053002
embedding 1494/8920 HWT_053033
embedding 1495/8920 HWT_053082
embedding 1496/8920 HWT_053179
embedding 1497/8920 HWT_053209
embedding 1498/8920 HWT_053225
embedding 1499/8920 HWT_053349
embedding 1500/8920 HWT_053416
embedding 1501/8920 HWT_053423
embedding 1502/8920 HWT_053469
embedding 1503/8920 HWT_053498
embedding 1504/8920 HWT_053543
embedding 1505/8920 HWT_053643
embedding 1506/8920 HWT_053699
embedding 1507/8920 HWT_053744
embedding 1508/8920 HWT_053755
embedding 1509/8920 HWT_053784
embedding 1510/8920 HWT_053863
embedding 1511/8920 HWT_053909
embedding 1512/8920 HWT_053953
embedding 1513/8920 HWT_053977
embedding 1514/8920 HWT_054081
embedding 1515/8920 HWT_054146
embedding 1516/8920 HWT_054188
embedding 1517/8920 HWT_054298
embedding 1518/8920 HWT_054342
embedding 1519/8920 HWT_054390
embedding 1520/8920 HWT_054433
embedding 1521/8920 HWT_054445
embedding 1522/8920 HWT_054470
embedding 1523/8920 HWT_054474
embedding 1524/8920 HWT_054624
embedding 1525/8920 HWT_054643
embedding 1526/8920 HWT_054797
embedding 1527/8920 HWT_054849
embedding 1528/8920 HWT_054909
embedding 1529/8920 HWT_054923
embedding 1530/8920 HWT_054928
embedding 1531/8920 HWT_055027
embedding 1532/8920 HWT_055039
embedding 1533/8920 HWT_055093
embedding 1534/8920 HWT_055222
embedding 1535/8920 HWT_055232
embedding 1536/8920 HWT_055390
embedding 1537/8920 HWT_055442
embedding 1538/8920 HWT_055546
embedding 1539/8920 HWT_055590
embedding 1540/8920 HWT_055712
embedding 1541/8920 HWT_055742
embedding 1542/8920 HWT_055770
embedding 1543/8920 HWT_055779
embedding 1544/8920 HWT_055783
embedding 1545/8920 HWT_055805
embedding 1546/8920 HWT_055870
embedding 1547/8920 HWT_055885
embedding 1548/8920 HWT_055902
embedding 1549/8920 HWT_055957
embedding 1550/8920 HWT_055958
embedding 1551/8920 HWT_056095
embedding 1552/8920 HWT_056118
embedding 1553/8920 HWT_056124
embedding 1554/8920 HWT_056127
embedding 1555/8920 HWT_056226
embedding 1556/8920 HWT_056229
embedding 1557/8920 HWT_056297
embedding 1558/8920 HWT_056318
embedding 1559/8920 HWT_056338
embedding 1560/8920 HWT_056437
embedding 1561/8920 HWT_056462
embedding 1562/8920 HWT_056535
embedding 1563/8920 HWT_056541
embedding 1564/8920 HWT_056551
embedding 1565/8920 HWT_056584
embedding 1566/8920 HWT_056712
embedding 1567/8920 HWT_056722
embedding 1568/8920 HWT_056724
embedding 1569/8920 HWT_056758
embedding 1570/8920 HWT_056762
embedding 1571/8920 HWT_056793
embedding 1572/8920 HWT_056875
embedding 1573/8920 HWT_056896
embedding 1574/8920 HWT_056917
embedding 1575/8920 HWT_056918
embedding 1576/8920 HWT_056949
embedding 1577/8920 HWT_057036
embedding 1578/8920 HWT_057152
embedding 1579/8920 HWT_057231
embedding 1580/8920 HWT_057233
embedding 1581/8920 HWT_057249
embedding 1582/8920 HWT_057267
embedding 1583/8920 HWT_057282
embedding 1584/8920 HWT_057303
embedding 1585/8920 HWT_057337
embedding 1586/8920 HWT_057366
embedding 1587/8920 HWT_057390
embedding 1588/8920 HWT_057423
embedding 1589/8920 HWT_057515
embedding 1590/8920 HWT_057525
embedding 1591/8920 HWT_057580
embedding 1592/8920 HWT_057615
embedding 1593/8920 HWT_057697
embedding 1594/8920 HWT_057710
embedding 1595/8920 HWT_057734
embedding 1596/8920 HWT_057740
embedding 1597/8920 HWT_057827
embedding 1598/8920 HWT_057875
embedding 1599/8920 HWT_057964
embedding 1600/8920 HWT_058006
embedding 1601/8920 HWT_058024
embedding 1602/8920 HWT_058063
embedding 1603/8920 HWT_058087
embedding 1604/8920 HWT_058195
embedding 1605/8920 HWT_058228
embedding 1606/8920 HWT_058278
embedding 1607/8920 HWT_058289
embedding 1608/8920 HWT_058445
embedding 1609/8920 HWT_058530
embedding 1610/8920 HWT_058552
embedding 1611/8920 HWT_058556
embedding 1612/8920 HWT_058574
embedding 1613/8920 HWT_058577
embedding 1614/8920 HWT_058581
embedding 1615/8920 HWT_058607
embedding 1616/8920 HWT_058675
embedding 1617/8920 HWT_058784
embedding 1618/8920 HWT_058790
embedding 1619/8920 HWT_058796
embedding 1620/8920 HWT_058815
embedding 1621/8920 HWT_058842
embedding 1622/8920 HWT_058881
embedding 1623/8920 HWT_058882
embedding 1624/8920 HWT_058959
embedding 1625/8920 HWT_058996
embedding 1626/8920 HWT_059043
embedding 1627/8920 HWT_059059
embedding 1628/8920 HWT_059133
embedding 1629/8920 HWT_059275
embedding 1630/8920 HWT_059280
embedding 1631/8920 HWT_059331
embedding 1632/8920 HWT_059420
embedding 1633/8920 HWT_059553
embedding 1634/8920 HWT_059574
embedding 1635/8920 HWT_059615
embedding 1636/8920 HWT_059673
embedding 1637/8920 HWT_059735
embedding 1638/8920 HWT_059755
embedding 1639/8920 HWT_059769
embedding 1640/8920 HWT_059773
embedding 1641/8920 HWT_059793
embedding 1642/8920 HWT_059826
embedding 1643/8920 HWT_059838
embedding 1644/8920 HWT_059870
embedding 1645/8920 HWT_059913
embedding 1646/8920 HWT_060035
embedding 1647/8920 HWT_060061
embedding 1648/8920 HWT_060068
embedding 1649/8920 HWT_060129
embedding 1650/8920 HWT_060142
embedding 1651/8920 HWT_060202
embedding 1652/8920 HWT_060227
embedding 1653/8920 HWT_060303
embedding 1654/8920 HWT_060337
embedding 1655/8920 HWT_060342
embedding 1656/8920 HWT_060345
embedding 1657/8920 HWT_060349
embedding 1658/8920 HWT_060350
embedding 1659/8920 HWT_060359
embedding 1660/8920 HWT_060547
embedding 1661/8920 HWT_060553
embedding 1662/8920 HWT_060630
embedding 1663/8920 HWT_060677
embedding 1664/8920 HWT_060714
embedding 1665/8920 HWT_060722
embedding 1666/8920 HWT_060790
embedding 1667/8920 HWT_060888
embedding 1668/8920 HWT_060986
embedding 1669/8920 HWT_061005
embedding 1670/8920 HWT_061020
embedding 1671/8920 HWT_061046
embedding 1672/8920 HWT_061085
embedding 1673/8920 HWT_061095
embedding 1674/8920 HWT_061115
embedding 1675/8920 HWT_061146
embedding 1676/8920 HWT_061385
embedding 1677/8920 HWT_061400
embedding 1678/8920 HWT_061513
embedding 1679/8920 HWT_061705
embedding 1680/8920 HWT_061714
embedding 1681/8920 HWT_061750
embedding 1682/8920 HWT_061755
embedding 1683/8920 HWT_061826
embedding 1684/8920 HWT_061830
embedding 1685/8920 HWT_061831
embedding 1686/8920 HWT_061863
embedding 1687/8920 HWT_061867
embedding 1688/8920 HWT_061876
embedding 1689/8920 HWT_061913
embedding 1690/8920 HWT_061962
embedding 1691/8920 HWT_061969
embedding 1692/8920 HWT_062027
embedding 1693/8920 HWT_062093
embedding 1694/8920 HWT_062215
embedding 1695/8920 HWT_062309
embedding 1696/8920 HWT_062324
embedding 1697/8920 HWT_062354
embedding 1698/8920 HWT_062388
embedding 1699/8920 HWT_062401
embedding 1700/8920 HWT_062410
embedding 1701/8920 HWT_062470
embedding 1702/8920 HWT_062480
embedding 1703/8920 HWT_062481
embedding 1704/8920 HWT_062587
embedding 1705/8920 HWT_062600
embedding 1706/8920 HWT_062602
embedding 1707/8920 HWT_062613
embedding 1708/8920 HWT_062667
embedding 1709/8920 HWT_062683
embedding 1710/8920 HWT_062690
embedding 1711/8920 HWT_062693
embedding 1712/8920 HWT_062787
embedding 1713/8920 HWT_062821
embedding 1714/8920 HWT_062823
embedding 1715/8920 HWT_062850
embedding 1716/8920 HWT_062873
embedding 1717/8920 HWT_062877
embedding 1718/8920 HWT_062890
embedding 1719/8920 HWT_062899
embedding 1720/8920 HWT_062902
embedding 1721/8920 HWT_063190
embedding 1722/8920 HWT_063237
embedding 1723/8920 HWT_063374
embedding 1724/8920 HWT_063434
embedding 1725/8920 HWT_063474
embedding 1726/8920 HWT_063735
embedding 1727/8920 HWT_063815
embedding 1728/8920 HWT_063816
embedding 1729/8920 HWT_063818
embedding 1730/8920 HWT_063823
embedding 1731/8920 HWT_063825
embedding 1732/8920 HWT_063844
embedding 1733/8920 HWT_063873
embedding 1734/8920 HWT_063900
embedding 1735/8920 HWT_063961
embedding 1736/8920 HWT_064068
embedding 1737/8920 HWT_064101
embedding 1738/8920 HWT_064144
embedding 1739/8920 HWT_064153
embedding 1740/8920 HWT_064158
embedding 1741/8920 HWT_064182
embedding 1742/8920 HWT_064212
embedding 1743/8920 HWT_064236
embedding 1744/8920 HWT_064302
embedding 1745/8920 HWT_064339
embedding 1746/8920 HWT_064350
embedding 1747/8920 HWT_064410
embedding 1748/8920 HWT_064490
embedding 1749/8920 HWT_064538
embedding 1750/8920 HWT_065466
embedding 1751/8920 HWT_065608
embedding 1752/8920 HWT_065663
embedding 1753/8920 HWT_065752
embedding 1754/8920 HWT_065922
embedding 1755/8920 HWT_066032
embedding 1756/8920 HWT_066593
embedding 1757/8920 HWT_066619
embedding 1758/8920 HWT_066669
embedding 1759/8920 HWT_066711
embedding 1760/8920 HWT_066730
embedding 1761/8920 HWT_066897
embedding 1762/8920 HWT_066950
embedding 1763/8920 HWT_067023
embedding 1764/8920 HWT_067087
embedding 1765/8920 HWT_067343
embedding 1766/8920 HWT_067350
embedding 1767/8920 HWT_067385
embedding 1768/8920 HWT_067405
embedding 1769/8920 HWT_067635
embedding 1770/8920 HWT_067692
embedding 1771/8920 HWT_067838
embedding 1772/8920 HWT_067940
embedding 1773/8920 HWT_068000
embedding 1774/8920 HWT_068084
embedding 1775/8920 HWT_068115
embedding 1776/8920 HWT_068198
embedding 1777/8920 HWT_068219
embedding 1778/8920 HWT_068306
embedding 1779/8920 HWT_068358
embedding 1780/8920 HWT_068733
embedding 1781/8920 HWT_068824
embedding 1782/8920 HWT_068950
embedding 1783/8920 HWT_069008
embedding 1784/8920 HWT_069145
embedding 1785/8920 HWT_069184
embedding 1786/8920 HWT_069310
embedding 1787/8920 HWT_069414
embedding 1788/8920 HWT_069473
embedding 1789/8920 HWT_069558
embedding 1790/8920 HWT_069559
embedding 1791/8920 HWT_069672
embedding 1792/8920 HWT_069801
embedding 1793/8920 HWT_069809
embedding 1794/8920 HWT_069885
embedding 1795/8920 HWT_069923
embedding 1796/8920 HWT_069934
embedding 1797/8920 HWT_070016
embedding 1798/8920 HWT_070071
embedding 1799/8920 HWT_070162
embedding 1800/8920 HWT_070222
embedding 1801/8920 HWT_070450
embedding 1802/8920 HWT_070503
embedding 1803/8920 HWT_070550
embedding 1804/8920 HWT_070985
embedding 1805/8920 HWT_071236
embedding 1806/8920 HWT_071258
embedding 1807/8920 HWT_071284
embedding 1808/8920 HWT_071392
embedding 1809/8920 HWT_071426
embedding 1810/8920 HWT_071548
embedding 1811/8920 HWT_071557
embedding 1812/8920 HWT_071732
embedding 1813/8920 HWT_071966
embedding 1814/8920 HWT_071980
embedding 1815/8920 HWT_072185
embedding 1816/8920 HWT_072201
embedding 1817/8920 HWT_072332
embedding 1818/8920 HWT_072338
embedding 1819/8920 HWT_072459
embedding 1820/8920 HWT_072494
embedding 1821/8920 HWT_072576
embedding 1822/8920 HWT_072680
embedding 1823/8920 HWT_072743
embedding 1824/8920 HWT_072751
embedding 1825/8920 HWT_072770
embedding 1826/8920 HWT_072866
embedding 1827/8920 HWT_072940
embedding 1828/8920 HWT_074016
embedding 1829/8920 HWT_074251
embedding 1830/8920 HWT_074313
embedding 1831/8920 HWT_074362
embedding 1832/8920 HWT_074627
embedding 1833/8920 HWT_074651
embedding 1834/8920 HWT_074794
embedding 1835/8920 HWT_074858
embedding 1836/8920 HWT_074997
embedding 1837/8920 HWT_075069
embedding 1838/8920 HWT_075149
embedding 1839/8920 HWT_075151
embedding 1840/8920 HWT_075219
embedding 1841/8920 HWT_075224
embedding 1842/8920 HWT_075553
embedding 1843/8920 HWT_075688
embedding 1844/8920 HWT_075711
embedding 1845/8920 HWT_075729
embedding 1846/8920 HWT_075794
embedding 1847/8920 HWT_075980
embedding 1848/8920 HWT_076073
embedding 1849/8920 HWT_076161
embedding 1850/8920 HWT_076217
embedding 1851/8920 HWT_076286
embedding 1852/8920 HWT_076531
embedding 1853/8920 HWT_076744
embedding 1854/8920 HWT_076803
embedding 1855/8920 HWT_076884
embedding 1856/8920 HWT_076885
embedding 1857/8920 HWT_076952
embedding 1858/8920 HWT_076981
embedding 1859/8920 HWT_077060
embedding 1860/8920 HWT_077111
embedding 1861/8920 HWT_077245
embedding 1862/8920 HWT_077340
embedding 1863/8920 HWT_077563
embedding 1864/8920 HWT_077909
embedding 1865/8920 HWT_078251
embedding 1866/8920 HWT_078252
embedding 1867/8920 HWT_078449
embedding 1868/8920 HWT_078548
embedding 1869/8920 HWT_078817
embedding 1870/8920 HWT_078931
embedding 1871/8920 HWT_078999
embedding 1872/8920 HWT_079021
embedding 1873/8920 HWT_079029
embedding 1874/8920 HWT_079042
embedding 1875/8920 HWT_079045
embedding 1876/8920 HWT_079079
embedding 1877/8920 HWT_079216
embedding 1878/8920 HWT_079689
embedding 1879/8920 HWT_079697
embedding 1880/8920 HWT_079735
embedding 1881/8920 HWT_079738
embedding 1882/8920 HWT_079886
embedding 1883/8920 HWT_079998
embedding 1884/8920 HWT_080038
embedding 1885/8920 HWT_080052
embedding 1886/8920 HWT_080322
embedding 1887/8920 HWT_080363
embedding 1888/8920 HWT_080482
embedding 1889/8920 HWT_080496
embedding 1890/8920 HWT_080503
embedding 1891/8920 HWT_080588
embedding 1892/8920 HWT_080659
embedding 1893/8920 HWT_080815
embedding 1894/8920 HWT_080922
embedding 1895/8920 HWT_081052
embedding 1896/8920 HWT_081060
embedding 1897/8920 HWT_081103
embedding 1898/8920 HWT_081122
embedding 1899/8920 HWT_081263
embedding 1900/8920 HWT_081360
embedding 1901/8920 HWT_081384
embedding 1902/8920 HWT_081495
embedding 1903/8920 HWT_081615
embedding 1904/8920 HWT_081794
embedding 1905/8920 HWT_081828
embedding 1906/8920 HWT_081849
embedding 1907/8920 HWT_081910
embedding 1908/8920 HWT_082225
embedding 1909/8920 HWT_082329
embedding 1910/8920 HWT_082398
embedding 1911/8920 HWT_082542
embedding 1912/8920 HWT_082544
embedding 1913/8920 HWT_082576
embedding 1914/8920 HWT_082741
embedding 1915/8920 HWT_082748
embedding 1916/8920 HWT_082754
embedding 1917/8920 HWT_082801
embedding 1918/8920 HWT_082937
embedding 1919/8920 HWT_082986
embedding 1920/8920 HWT_083056
embedding 1921/8920 HWT_083068
embedding 1922/8920 HWT_083110
embedding 1923/8920 HWT_083153
embedding 1924/8920 HWT_083302
embedding 1925/8920 HWT_083312
embedding 1926/8920 HWT_083494
embedding 1927/8920 HWT_083508
embedding 1928/8920 HWT_083589
embedding 1929/8920 HWT_083991
embedding 1930/8920 HWT_084007
embedding 1931/8920 HWT_084147
embedding 1932/8920 HWT_084208
embedding 1933/8920 HWT_084485
embedding 1934/8920 HWT_084542
embedding 1935/8920 HWT_084755
embedding 1936/8920 HWT_084790
embedding 1937/8920 HWT_084796
embedding 1938/8920 HWT_084848
embedding 1939/8920 HWT_084989
embedding 1940/8920 HWT_085069
embedding 1941/8920 HWT_085275
embedding 1942/8920 HWT_085368
embedding 1943/8920 HWT_085439
embedding 1944/8920 HWT_085444
embedding 1945/8920 HWT_085505
embedding 1946/8920 HWT_085517
embedding 1947/8920 HWT_085523
embedding 1948/8920 HWT_085563
embedding 1949/8920 HWT_085654
embedding 1950/8920 HWT_085807
embedding 1951/8920 HWT_085849
embedding 1952/8920 HWT_085941
embedding 1953/8920 HWT_086144
embedding 1954/8920 HWT_086158
embedding 1955/8920 HWT_086186
embedding 1956/8920 HWT_086262
embedding 1957/8920 HWT_086268
embedding 1958/8920 HWT_086302
embedding 1959/8920 HWT_086332
embedding 1960/8920 HWT_086355
embedding 1961/8920 HWT_086585
embedding 1962/8920 HWT_086797
embedding 1963/8920 HWT_086846
embedding 1964/8920 HWT_086861
embedding 1965/8920 HWT_086882
embedding 1966/8920 HWT_086913
embedding 1967/8920 HWT_087056
embedding 1968/8920 HWT_087264
embedding 1969/8920 HWT_087381
embedding 1970/8920 HWT_087616
embedding 1971/8920 HWT_087627
embedding 1972/8920 HWT_087630
embedding 1973/8920 HWT_087799
embedding 1974/8920 HWT_087864
embedding 1975/8920 HWT_088120
embedding 1976/8920 HWT_088171
embedding 1977/8920 HWT_088271
embedding 1978/8920 HWT_088333
embedding 1979/8920 HWT_088400
embedding 1980/8920 HWT_088419
embedding 1981/8920 HWT_088422
embedding 1982/8920 HWT_088462
embedding 1983/8920 HWT_088837
embedding 1984/8920 HWT_088878
embedding 1985/8920 HWT_088957
embedding 1986/8920 HWT_089076
embedding 1987/8920 HWT_089128
embedding 1988/8920 HWT_089164
embedding 1989/8920 HWT_089263
embedding 1990/8920 HWT_089401
embedding 1991/8920 HWT_089547
embedding 1992/8920 HWT_089564
embedding 1993/8920 HWT_089568
embedding 1994/8920 HWT_089638
embedding 1995/8920 HWT_089647
embedding 1996/8920 HWT_089658
embedding 1997/8920 HWT_089753
embedding 1998/8920 HWT_089816
embedding 1999/8920 HWT_089826
embedding 2000/8920 HWT_089850
embedding 2001/8920 HWT_089894
embedding 2002/8920 HWT_089990
embedding 2003/8920 HWT_090004
embedding 2004/8920 HWT_090065
embedding 2005/8920 HWT_090079
embedding 2006/8920 HWT_090124
embedding 2007/8920 HWT_090150
embedding 2008/8920 HWT_090172
embedding 2009/8920 HWT_090260
embedding 2010/8920 HWT_090354
embedding 2011/8920 HWT_090377
embedding 2012/8920 HWT_090587
embedding 2013/8920 HWT_090647
embedding 2014/8920 HWT_090689
embedding 2015/8920 HWT_090905
embedding 2016/8920 HWT_090951
embedding 2017/8920 HWT_090996
embedding 2018/8920 HWT_091007
embedding 2019/8920 HWT_091075
embedding 2020/8920 HWT_091095
embedding 2021/8920 HWT_091235
embedding 2022/8920 HWT_091456
embedding 2023/8920 HWT_091497
embedding 2024/8920 HWT_091685
embedding 2025/8920 HWT_091779
embedding 2026/8920 HWT_091921
embedding 2027/8920 HWT_091998
embedding 2028/8920 HWT_092000
embedding 2029/8920 HWT_092133
embedding 2030/8920 HWT_092176
embedding 2031/8920 HWT_092210
embedding 2032/8920 HWT_092504
embedding 2033/8920 HWT_092523
embedding 2034/8920 HWT_092553
embedding 2035/8920 HWT_092561
embedding 2036/8920 HWT_092608
embedding 2037/8920 HWT_092649
embedding 2038/8920 HWT_092776
embedding 2039/8920 HWT_092850
embedding 2040/8920 HWT_092976
embedding 2041/8920 HWT_093169
embedding 2042/8920 HWT_093244
embedding 2043/8920 HWT_093307
embedding 2044/8920 HWT_093483
embedding 2045/8920 HWT_093530
embedding 2046/8920 HWT_093555
embedding 2047/8920 HWT_093577
embedding 2048/8920 HWT_093601
embedding 2049/8920 HWT_093636
embedding 2050/8920 HWT_093789
embedding 2051/8920 HWT_093889
embedding 2052/8920 HWT_093938
embedding 2053/8920 HWT_094066
embedding 2054/8920 HWT_094085
embedding 2055/8920 HWT_094261
embedding 2056/8920 HWT_094280
embedding 2057/8920 HWT_094390
embedding 2058/8920 HWT_094423
embedding 2059/8920 HWT_094487
embedding 2060/8920 HWT_094532
embedding 2061/8920 HWT_094547
embedding 2062/8920 HWT_094565
embedding 2063/8920 HWT_094665
embedding 2064/8920 HWT_094761
embedding 2065/8920 HWT_094808
embedding 2066/8920 HWT_095085
embedding 2067/8920 HWT_095195
embedding 2068/8920 HWT_095532
embedding 2069/8920 HWT_095534
embedding 2070/8920 HWT_095620
embedding 2071/8920 HWT_095730
embedding 2072/8920 HWT_095980
embedding 2073/8920 HWT_096050
embedding 2074/8920 HWT_096082
embedding 2075/8920 HWT_096272
embedding 2076/8920 HWT_096328
embedding 2077/8920 HWT_096411
embedding 2078/8920 HWT_096502
embedding 2079/8920 HWT_096649
embedding 2080/8920 HWT_096722
embedding 2081/8920 HWT_096887
embedding 2082/8920 HWT_096986
embedding 2083/8920 HWT_097054
embedding 2084/8920 HWT_097092
embedding 2085/8920 HWT_097203
embedding 2086/8920 HWT_097331
embedding 2087/8920 HWT_097332
embedding 2088/8920 HWT_097346
embedding 2089/8920 HWT_097437
embedding 2090/8920 HWT_097479
embedding 2091/8920 HWT_097481
embedding 2092/8920 HWT_097796
embedding 2093/8920 HWT_097859
embedding 2094/8920 HWT_097930
embedding 2095/8920 HWT_097932
embedding 2096/8920 HWT_098392
embedding 2097/8920 HWT_098403
embedding 2098/8920 HWT_098405
embedding 2099/8920 HWT_098447
embedding 2100/8920 HWT_098494
embedding 2101/8920 HWT_098730
embedding 2102/8920 HWT_098731
embedding 2103/8920 HWT_098993
embedding 2104/8920 HWT_099016
embedding 2105/8920 HWT_099040
embedding 2106/8920 HWT_099216
embedding 2107/8920 HWT_099276
embedding 2108/8920 HWT_099353
embedding 2109/8920 HWT_099451
embedding 2110/8920 HWT_099504
embedding 2111/8920 HWT_099505
embedding 2112/8920 HWT_099536
embedding 2113/8920 HWT_099654
embedding 2114/8920 HWT_099665
embedding 2115/8920 HWT_099707
embedding 2116/8920 HWT_099916
embedding 2117/8920 HWT_099917
embedding 2118/8920 HWT_100071
embedding 2119/8920 HWT_100176
embedding 2120/8920 HWT_100227
embedding 2121/8920 HWT_100705
embedding 2122/8920 HWT_100948
embedding 2123/8920 HWT_101200
embedding 2124/8920 HWT_101326
embedding 2125/8920 HWT_101327
embedding 2126/8920 HWT_101335
embedding 2127/8920 HWT_101342
embedding 2128/8920 HWT_102403
embedding 2129/8920 HWT_102458
embedding 2130/8920 HWT_102598
embedding 2131/8920 HWT_102631
embedding 2132/8920 HWT_102735
embedding 2133/8920 HWT_102765
embedding 2134/8920 HWT_102772
embedding 2135/8920 HWT_102788
embedding 2136/8920 HWT_102812
embedding 2137/8920 HWT_102821
embedding 2138/8920 HWT_102919
embedding 2139/8920 HWT_102977
embedding 2140/8920 HWT_103005
embedding 2141/8920 HWT_103094
embedding 2142/8920 HWT_103189
embedding 2143/8920 HWT_103354
embedding 2144/8920 HWT_103399
embedding 2145/8920 HWT_103454
embedding 2146/8920 HWT_103531
embedding 2147/8920 HWT_103598
embedding 2148/8920 HWT_103810
embedding 2149/8920 HWT_103899
embedding 2150/8920 HWT_103971
embedding 2151/8920 HWT_103982
embedding 2152/8920 HWT_104024
embedding 2153/8920 HWT_104108
embedding 2154/8920 HWT_104154
embedding 2155/8920 HWT_104172
embedding 2156/8920 HWT_104736
embedding 2157/8920 HWT_104800
embedding 2158/8920 HWT_105383
embedding 2159/8920 HWT_105391
embedding 2160/8920 HWT_105423
embedding 2161/8920 HWT_105475
embedding 2162/8920 HWT_105509
embedding 2163/8920 HWT_105688
embedding 2164/8920 HWT_105820
embedding 2165/8920 HWT_106439
embedding 2166/8920 HWT_106441
embedding 2167/8920 HWT_106449
embedding 2168/8920 HWT_106505
embedding 2169/8920 HWT_106570
embedding 2170/8920 HWT_106604
embedding 2171/8920 HWT_106909
embedding 2172/8920 HWT_107036
embedding 2173/8920 HWT_107149
embedding 2174/8920 HWT_107155
embedding 2175/8920 HWT_107228
embedding 2176/8920 HWT_107670
embedding 2177/8920 HWT_107798
embedding 2178/8920 HWT_107814
embedding 2179/8920 HWT_107982
embedding 2180/8920 HWT_108004
embedding 2181/8920 HWT_108098
embedding 2182/8920 HWT_108352
embedding 2183/8920 HWT_108462
embedding 2184/8920 HWT_108464
embedding 2185/8920 HWT_108484
embedding 2186/8920 HWT_000101
embedding 2187/8920 HWT_000449
embedding 2188/8920 HWT_000545
embedding 2189/8920 HWT_000725
embedding 2190/8920 HWT_000873
embedding 2191/8920 HWT_000892
embedding 2192/8920 HWT_000957
embedding 2193/8920 HWT_001063
embedding 2194/8920 HWT_001108
embedding 2195/8920 HWT_001183
embedding 2196/8920 HWT_001245
embedding 2197/8920 HWT_001331
embedding 2198/8920 HWT_001727
embedding 2199/8920 HWT_001734
embedding 2200/8920 HWT_001863
embedding 2201/8920 HWT_002116
embedding 2202/8920 HWT_002135
embedding 2203/8920 HWT_002136
embedding 2204/8920 HWT_002203
embedding 2205/8920 HWT_002285
embedding 2206/8920 HWT_002405
embedding 2207/8920 HWT_002745
embedding 2208/8920 HWT_002806
embedding 2209/8920 HWT_002872
embedding 2210/8920 HWT_002909
embedding 2211/8920 HWT_002981
embedding 2212/8920 HWT_003003
embedding 2213/8920 HWT_003154
embedding 2214/8920 HWT_003398
embedding 2215/8920 HWT_003946
embedding 2216/8920 HWT_003997
embedding 2217/8920 HWT_004355
embedding 2218/8920 HWT_004581
embedding 2219/8920 HWT_004797
embedding 2220/8920 HWT_005021
embedding 2221/8920 HWT_005232
embedding 2222/8920 HWT_005367
embedding 2223/8920 HWT_005568
embedding 2224/8920 HWT_005739
embedding 2225/8920 HWT_006135
embedding 2226/8920 HWT_006240
embedding 2227/8920 HWT_006562
embedding 2228/8920 HWT_006578
embedding 2229/8920 HWT_006893
embedding 2230/8920 HWT_007322
embedding 2231/8920 HWT_007452
embedding 2232/8920 HWT_007652
embedding 2233/8920 HWT_007725
embedding 2234/8920 HWT_007908
embedding 2235/8920 HWT_008219
embedding 2236/8920 HWT_008381
embedding 2237/8920 HWT_008660
embedding 2238/8920 HWT_008687
embedding 2239/8920 HWT_008712
embedding 2240/8920 HWT_009382
embedding 2241/8920 HWT_009543
embedding 2242/8920 HWT_009827
embedding 2243/8920 HWT_009889
embedding 2244/8920 HWT_010274
embedding 2245/8920 HWT_010342
embedding 2246/8920 HWT_010394
embedding 2247/8920 HWT_010500
embedding 2248/8920 HWT_011469
embedding 2249/8920 HWT_012256
embedding 2250/8920 HWT_012570
embedding 2251/8920 HWT_012694
embedding 2252/8920 HWT_013111
embedding 2253/8920 HWT_013435
embedding 2254/8920 HWT_014933
embedding 2255/8920 HWT_015343
embedding 2256/8920 HWT_016738
embedding 2257/8920 HWT_016781
embedding 2258/8920 HWT_016985
embedding 2259/8920 HWT_017645
embedding 2260/8920 HWT_018408
embedding 2261/8920 HWT_018671
embedding 2262/8920 HWT_019397
embedding 2263/8920 HWT_019417
embedding 2264/8920 HWT_019600
embedding 2265/8920 HWT_019924
embedding 2266/8920 HWT_020525
embedding 2267/8920 HWT_020667
embedding 2268/8920 HWT_020693
embedding 2269/8920 HWT_020786
embedding 2270/8920 HWT_021230
embedding 2271/8920 HWT_021697
embedding 2272/8920 HWT_022253
embedding 2273/8920 HWT_022664
embedding 2274/8920 HWT_023016
embedding 2275/8920 HWT_023488
embedding 2276/8920 HWT_023567
embedding 2277/8920 HWT_023595
embedding 2278/8920 HWT_023633
embedding 2279/8920 HWT_024356
embedding 2280/8920 HWT_024954
embedding 2281/8920 HWT_025013
embedding 2282/8920 HWT_025755
embedding 2283/8920 HWT_025900
embedding 2284/8920 HWT_025915
embedding 2285/8920 HWT_027771
embedding 2286/8920 HWT_027847
embedding 2287/8920 HWT_027868
embedding 2288/8920 HWT_027878
embedding 2289/8920 HWT_027935
embedding 2290/8920 HWT_028196
embedding 2291/8920 HWT_028436
embedding 2292/8920 HWT_029214
embedding 2293/8920 HWT_029232
embedding 2294/8920 HWT_029483
embedding 2295/8920 HWT_029562
embedding 2296/8920 HWT_029772
embedding 2297/8920 HWT_029831
embedding 2298/8920 HWT_030194
embedding 2299/8920 HWT_030218
embedding 2300/8920 HWT_030293
embedding 2301/8920 HWT_030792
embedding 2302/8920 HWT_030856
embedding 2303/8920 HWT_031185
embedding 2304/8920 HWT_031256
embedding 2305/8920 HWT_031259
embedding 2306/8920 HWT_031464
embedding 2307/8920 HWT_031603
embedding 2308/8920 HWT_031620
embedding 2309/8920 HWT_032041
embedding 2310/8920 HWT_032096
embedding 2311/8920 HWT_032271
embedding 2312/8920 HWT_032587
embedding 2313/8920 HWT_032769
embedding 2314/8920 HWT_032810
embedding 2315/8920 HWT_032824
embedding 2316/8920 HWT_033011
embedding 2317/8920 HWT_033420
embedding 2318/8920 HWT_033426
embedding 2319/8920 HWT_034474
embedding 2320/8920 HWT_034480
embedding 2321/8920 HWT_034577
embedding 2322/8920 HWT_034753
embedding 2323/8920 HWT_034778
embedding 2324/8920 HWT_034788
embedding 2325/8920 HWT_034953
embedding 2326/8920 HWT_035517
embedding 2327/8920 HWT_035543
embedding 2328/8920 HWT_035675
embedding 2329/8920 HWT_035757
embedding 2330/8920 HWT_036266
embedding 2331/8920 HWT_036411
embedding 2332/8920 HWT_036563
embedding 2333/8920 HWT_036760
embedding 2334/8920 HWT_037029
embedding 2335/8920 HWT_037074
embedding 2336/8920 HWT_037244
embedding 2337/8920 HWT_037411
embedding 2338/8920 HWT_037748
embedding 2339/8920 HWT_038684
embedding 2340/8920 HWT_038691
embedding 2341/8920 HWT_039073
embedding 2342/8920 HWT_039121
embedding 2343/8920 HWT_039226
embedding 2344/8920 HWT_039502
embedding 2345/8920 HWT_039735
embedding 2346/8920 HWT_039772
embedding 2347/8920 HWT_040014
embedding 2348/8920 HWT_040065
embedding 2349/8920 HWT_040131
embedding 2350/8920 HWT_040442
embedding 2351/8920 HWT_040770
embedding 2352/8920 HWT_040820
embedding 2353/8920 HWT_040900
embedding 2354/8920 HWT_040933
embedding 2355/8920 HWT_041059
embedding 2356/8920 HWT_041180
embedding 2357/8920 HWT_041264
embedding 2358/8920 HWT_041267
embedding 2359/8920 HWT_041420
embedding 2360/8920 HWT_041421
embedding 2361/8920 HWT_041681
embedding 2362/8920 HWT_041947
embedding 2363/8920 HWT_042130
embedding 2364/8920 HWT_042192
embedding 2365/8920 HWT_042300
embedding 2366/8920 HWT_042412
embedding 2367/8920 HWT_042542
embedding 2368/8920 HWT_042547
embedding 2369/8920 HWT_042605
embedding 2370/8920 HWT_042607
embedding 2371/8920 HWT_042949
embedding 2372/8920 HWT_043288
embedding 2373/8920 HWT_043826
embedding 2374/8920 HWT_043890
embedding 2375/8920 HWT_043892
embedding 2376/8920 HWT_043935
embedding 2377/8920 HWT_044008
embedding 2378/8920 HWT_044095
embedding 2379/8920 HWT_044179
embedding 2380/8920 HWT_044275
embedding 2381/8920 HWT_044310
embedding 2382/8920 HWT_044618
embedding 2383/8920 HWT_044721
embedding 2384/8920 HWT_044910
embedding 2385/8920 HWT_044957
embedding 2386/8920 HWT_044965
embedding 2387/8920 HWT_045118
embedding 2388/8920 HWT_045272
embedding 2389/8920 HWT_045408
embedding 2390/8920 HWT_045436
embedding 2391/8920 HWT_045504
embedding 2392/8920 HWT_045760
embedding 2393/8920 HWT_045918
embedding 2394/8920 HWT_046120
embedding 2395/8920 HWT_046143
embedding 2396/8920 HWT_046557
embedding 2397/8920 HWT_046573
embedding 2398/8920 HWT_046589
embedding 2399/8920 HWT_046632
embedding 2400/8920 HWT_046954
embedding 2401/8920 HWT_047011
embedding 2402/8920 HWT_047047
embedding 2403/8920 HWT_047083
embedding 2404/8920 HWT_047102
embedding 2405/8920 HWT_047133
embedding 2406/8920 HWT_047168
embedding 2407/8920 HWT_047541
embedding 2408/8920 HWT_047595
embedding 2409/8920 HWT_047632
embedding 2410/8920 HWT_047672
embedding 2411/8920 HWT_047693
embedding 2412/8920 HWT_047722
embedding 2413/8920 HWT_047832
embedding 2414/8920 HWT_047887
embedding 2415/8920 HWT_047954
embedding 2416/8920 HWT_047963
embedding 2417/8920 HWT_048026
embedding 2418/8920 HWT_048030
embedding 2419/8920 HWT_048031
embedding 2420/8920 HWT_048104
embedding 2421/8920 HWT_048209
embedding 2422/8920 HWT_048298
embedding 2423/8920 HWT_048490
embedding 2424/8920 HWT_048540
embedding 2425/8920 HWT_048786
embedding 2426/8920 HWT_048989
embedding 2427/8920 HWT_049070
embedding 2428/8920 HWT_049314
embedding 2429/8920 HWT_049323
embedding 2430/8920 HWT_049356
embedding 2431/8920 HWT_049447
embedding 2432/8920 HWT_049574
embedding 2433/8920 HWT_049694
embedding 2434/8920 HWT_049722
embedding 2435/8920 HWT_049879
embedding 2436/8920 HWT_050197
embedding 2437/8920 HWT_051201
embedding 2438/8920 HWT_051273
embedding 2439/8920 HWT_051944
embedding 2440/8920 HWT_052187
embedding 2441/8920 HWT_052397
embedding 2442/8920 HWT_052765
embedding 2443/8920 HWT_053476
embedding 2444/8920 HWT_053549
embedding 2445/8920 HWT_053592
embedding 2446/8920 HWT_053895
embedding 2447/8920 HWT_053915
embedding 2448/8920 HWT_054104
embedding 2449/8920 HWT_054554
embedding 2450/8920 HWT_056245
embedding 2451/8920 HWT_057077
embedding 2452/8920 HWT_058452
embedding 2453/8920 HWT_058978
embedding 2454/8920 HWT_059100
embedding 2455/8920 HWT_059367
embedding 2456/8920 HWT_059650
embedding 2457/8920 HWT_059816
embedding 2458/8920 HWT_060214
embedding 2459/8920 HWT_060220
embedding 2460/8920 HWT_060683
embedding 2461/8920 HWT_060762
embedding 2462/8920 HWT_060796
embedding 2463/8920 HWT_061559
embedding 2464/8920 HWT_061838
embedding 2465/8920 HWT_063218
embedding 2466/8920 HWT_063635
embedding 2467/8920 HWT_063997
embedding 2468/8920 HWT_064095
embedding 2469/8920 HWT_064098
embedding 2470/8920 HWT_064361
embedding 2471/8920 HWT_064621
embedding 2472/8920 HWT_064659
embedding 2473/8920 HWT_064754
embedding 2474/8920 HWT_064967
embedding 2475/8920 HWT_065001
embedding 2476/8920 HWT_065096
embedding 2477/8920 HWT_065118
embedding 2478/8920 HWT_065302
embedding 2479/8920 HWT_065331
embedding 2480/8920 HWT_066420
embedding 2481/8920 HWT_066590
embedding 2482/8920 HWT_067731
embedding 2483/8920 HWT_068882
embedding 2484/8920 HWT_069887
embedding 2485/8920 HWT_070019
embedding 2486/8920 HWT_070038
embedding 2487/8920 HWT_070161
embedding 2488/8920 HWT_070234
embedding 2489/8920 HWT_070348
embedding 2490/8920 HWT_070525
embedding 2491/8920 HWT_070916
embedding 2492/8920 HWT_070925
embedding 2493/8920 HWT_071776
embedding 2494/8920 HWT_071828
embedding 2495/8920 HWT_071863
embedding 2496/8920 HWT_072307
embedding 2497/8920 HWT_072347
embedding 2498/8920 HWT_072912
embedding 2499/8920 HWT_072913
embedding 2500/8920 HWT_073589
embedding 2501/8920 HWT_074375
embedding 2502/8920 HWT_074692
embedding 2503/8920 HWT_075330
embedding 2504/8920 HWT_075881
embedding 2505/8920 HWT_076166
embedding 2506/8920 HWT_076239
embedding 2507/8920 HWT_076917
embedding 2508/8920 HWT_076966
embedding 2509/8920 HWT_076983
embedding 2510/8920 HWT_077691
embedding 2511/8920 HWT_077727
embedding 2512/8920 HWT_078740
embedding 2513/8920 HWT_079038
embedding 2514/8920 HWT_079113
embedding 2515/8920 HWT_079116
embedding 2516/8920 HWT_079252
embedding 2517/8920 HWT_079306
embedding 2518/8920 HWT_079335
embedding 2519/8920 HWT_079442
embedding 2520/8920 HWT_079779
embedding 2521/8920 HWT_079955
embedding 2522/8920 HWT_080368
embedding 2523/8920 HWT_080531
embedding 2524/8920 HWT_081590
embedding 2525/8920 HWT_081811
embedding 2526/8920 HWT_082024
embedding 2527/8920 HWT_082828
embedding 2528/8920 HWT_082988
embedding 2529/8920 HWT_083384
embedding 2530/8920 HWT_083493
embedding 2531/8920 HWT_084315
embedding 2532/8920 HWT_084430
embedding 2533/8920 HWT_084543
embedding 2534/8920 HWT_084578
embedding 2535/8920 HWT_084618
embedding 2536/8920 HWT_085262
embedding 2537/8920 HWT_085966
embedding 2538/8920 HWT_086996
embedding 2539/8920 HWT_087055
embedding 2540/8920 HWT_087068
embedding 2541/8920 HWT_087223
embedding 2542/8920 HWT_087555
embedding 2543/8920 HWT_087607
embedding 2544/8920 HWT_087721
embedding 2545/8920 HWT_087809
embedding 2546/8920 HWT_087992
embedding 2547/8920 HWT_088377
embedding 2548/8920 HWT_088539
embedding 2549/8920 HWT_088572
embedding 2550/8920 HWT_088607
embedding 2551/8920 HWT_088768
embedding 2552/8920 HWT_088825
embedding 2553/8920 HWT_088905
embedding 2554/8920 HWT_089371
embedding 2555/8920 HWT_089479
embedding 2556/8920 HWT_089494
embedding 2557/8920 HWT_089554
embedding 2558/8920 HWT_089634
embedding 2559/8920 HWT_089911
embedding 2560/8920 HWT_090055
embedding 2561/8920 HWT_090224
embedding 2562/8920 HWT_090349
embedding 2563/8920 HWT_090570
embedding 2564/8920 HWT_090735
embedding 2565/8920 HWT_090815
embedding 2566/8920 HWT_090842
embedding 2567/8920 HWT_091332
embedding 2568/8920 HWT_091337
embedding 2569/8920 HWT_091376
embedding 2570/8920 HWT_091399
embedding 2571/8920 HWT_091477
embedding 2572/8920 HWT_091654
embedding 2573/8920 HWT_092228
embedding 2574/8920 HWT_092278
embedding 2575/8920 HWT_092297
embedding 2576/8920 HWT_092377
embedding 2577/8920 HWT_092581
embedding 2578/8920 HWT_093186
embedding 2579/8920 HWT_093509
embedding 2580/8920 HWT_093962
embedding 2581/8920 HWT_094338
embedding 2582/8920 HWT_094340
embedding 2583/8920 HWT_094367
embedding 2584/8920 HWT_094481
embedding 2585/8920 HWT_094584
embedding 2586/8920 HWT_094640
embedding 2587/8920 HWT_094682
embedding 2588/8920 HWT_095011
embedding 2589/8920 HWT_095044
embedding 2590/8920 HWT_095158
embedding 2591/8920 HWT_095178
embedding 2592/8920 HWT_095203
embedding 2593/8920 HWT_095356
embedding 2594/8920 HWT_095868
embedding 2595/8920 HWT_096105
embedding 2596/8920 HWT_096242
embedding 2597/8920 HWT_096262
embedding 2598/8920 HWT_096701
embedding 2599/8920 HWT_097089
embedding 2600/8920 HWT_097730
embedding 2601/8920 HWT_097786
embedding 2602/8920 HWT_097874
embedding 2603/8920 HWT_097966
embedding 2604/8920 HWT_098502
embedding 2605/8920 HWT_098732
embedding 2606/8920 HWT_099246
embedding 2607/8920 HWT_099640
embedding 2608/8920 HWT_099740
embedding 2609/8920 HWT_099937
embedding 2610/8920 HWT_099940
embedding 2611/8920 HWT_100130
embedding 2612/8920 HWT_100161
embedding 2613/8920 HWT_100248
embedding 2614/8920 HWT_100907
embedding 2615/8920 HWT_101500
embedding 2616/8920 HWT_101589
embedding 2617/8920 HWT_101622
embedding 2618/8920 HWT_101628
embedding 2619/8920 HWT_101761
embedding 2620/8920 HWT_102028
embedding 2621/8920 HWT_102453
embedding 2622/8920 HWT_102897
embedding 2623/8920 HWT_103229
embedding 2624/8920 HWT_103869
embedding 2625/8920 HWT_104069
embedding 2626/8920 HWT_104147
embedding 2627/8920 HWT_104403
embedding 2628/8920 HWT_104651
embedding 2629/8920 HWT_104806
embedding 2630/8920 HWT_105112
embedding 2631/8920 HWT_105492
embedding 2632/8920 HWT_105695
embedding 2633/8920 HWT_105717
embedding 2634/8920 HWT_105901
embedding 2635/8920 HWT_105923
embedding 2636/8920 HWT_106956
embedding 2637/8920 HWT_107132
embedding 2638/8920 HWT_107133
embedding 2639/8920 HWT_107281
embedding 2640/8920 HWT_107429
embedding 2641/8920 HWT_107438
embedding 2642/8920 HWT_107523
embedding 2643/8920 HWT_107707
embedding 2644/8920 HWT_108017
embedding 2645/8920 HWT_108423
embedding 2646/8920 HWT_006295
embedding 2647/8920 HWT_006706
embedding 2648/8920 HWT_007713
embedding 2649/8920 HWT_007986
embedding 2650/8920 HWT_020419
embedding 2651/8920 HWT_025548
embedding 2652/8920 HWT_027437
embedding 2653/8920 HWT_035794
embedding 2654/8920 HWT_036740
embedding 2655/8920 HWT_037659
embedding 2656/8920 HWT_040617
embedding 2657/8920 HWT_040857
embedding 2658/8920 HWT_041613
embedding 2659/8920 HWT_041814
embedding 2660/8920 HWT_044469
embedding 2661/8920 HWT_044472
embedding 2662/8920 HWT_045413
embedding 2663/8920 HWT_046642
embedding 2664/8920 HWT_046659
embedding 2665/8920 HWT_046688
embedding 2666/8920 HWT_046714
embedding 2667/8920 HWT_046987
embedding 2668/8920 HWT_047216
embedding 2669/8920 HWT_047511
embedding 2670/8920 HWT_056847
embedding 2671/8920 HWT_059680
embedding 2672/8920 HWT_061759
embedding 2673/8920 HWT_062770
embedding 2674/8920 HWT_064418
embedding 2675/8920 HWT_066762
embedding 2676/8920 HWT_067709
embedding 2677/8920 HWT_068211
embedding 2678/8920 HWT_068586
embedding 2679/8920 HWT_068624
embedding 2680/8920 HWT_068834
embedding 2681/8920 HWT_068930
embedding 2682/8920 HWT_069105
embedding 2683/8920 HWT_069385
embedding 2684/8920 HWT_071412
embedding 2685/8920 HWT_073161
embedding 2686/8920 HWT_074353
embedding 2687/8920 HWT_076280
embedding 2688/8920 HWT_076729
embedding 2689/8920 HWT_077233
embedding 2690/8920 HWT_077370
embedding 2691/8920 HWT_077424
embedding 2692/8920 HWT_078520
embedding 2693/8920 HWT_079717
embedding 2694/8920 HWT_082658
embedding 2695/8920 HWT_083997
embedding 2696/8920 HWT_086741
embedding 2697/8920 HWT_087047
embedding 2698/8920 HWT_091513
embedding 2699/8920 HWT_092334
embedding 2700/8920 HWT_092597
embedding 2701/8920 HWT_098673
embedding 2702/8920 HWT_099123
embedding 2703/8920 HWT_099884
embedding 2704/8920 HWT_103507
embedding 2705/8920 HWT_106048
embedding 2706/8920 HWT_106166
embedding 2707/8920 HWT_106394
embedding 2708/8920 HWT_106465
embedding 2709/8920 HWT_107422
embedding 2710/8920 HWT_000231
embedding 2711/8920 HWT_002214
embedding 2712/8920 HWT_002930
embedding 2713/8920 HWT_006340
embedding 2714/8920 HWT_007492
embedding 2715/8920 HWT_008705
embedding 2716/8920 HWT_012540
embedding 2717/8920 HWT_012541
embedding 2718/8920 HWT_018346
embedding 2719/8920 HWT_023616
embedding 2720/8920 HWT_026899
embedding 2721/8920 HWT_027276
embedding 2722/8920 HWT_029392
embedding 2723/8920 HWT_031122
embedding 2724/8920 HWT_033044
embedding 2725/8920 HWT_033851
embedding 2726/8920 HWT_041227
embedding 2727/8920 HWT_042603
embedding 2728/8920 HWT_044017
embedding 2729/8920 HWT_044172
embedding 2730/8920 HWT_044993
embedding 2731/8920 HWT_045197
embedding 2732/8920 HWT_046296
embedding 2733/8920 HWT_046309
embedding 2734/8920 HWT_046565
embedding 2735/8920 HWT_053984
embedding 2736/8920 HWT_054175
embedding 2737/8920 HWT_059849
embedding 2738/8920 HWT_065355
embedding 2739/8920 HWT_065495
embedding 2740/8920 HWT_068441
embedding 2741/8920 HWT_068509
embedding 2742/8920 HWT_068722
embedding 2743/8920 HWT_071216
embedding 2744/8920 HWT_071552
embedding 2745/8920 HWT_071670
embedding 2746/8920 HWT_071744
embedding 2747/8920 HWT_072118
embedding 2748/8920 HWT_073839
embedding 2749/8920 HWT_073927
embedding 2750/8920 HWT_074072
embedding 2751/8920 HWT_079157
embedding 2752/8920 HWT_080932
embedding 2753/8920 HWT_081252
embedding 2754/8920 HWT_082892
embedding 2755/8920 HWT_083768
embedding 2756/8920 HWT_083925
embedding 2757/8920 HWT_085013
embedding 2758/8920 HWT_085022
embedding 2759/8920 HWT_085969
embedding 2760/8920 HWT_086079
embedding 2761/8920 HWT_087023
embedding 2762/8920 HWT_088302
embedding 2763/8920 HWT_089611
embedding 2764/8920 HWT_091377
embedding 2765/8920 HWT_096521
embedding 2766/8920 HWT_097313
embedding 2767/8920 HWT_101385
embedding 2768/8920 HWT_049392
embedding 2769/8920 HWT_000716
embedding 2770/8920 HWT_000949
embedding 2771/8920 HWT_003800
embedding 2772/8920 HWT_005994
embedding 2773/8920 HWT_006201
embedding 2774/8920 HWT_007327
embedding 2775/8920 HWT_007884
embedding 2776/8920 HWT_015751
embedding 2777/8920 HWT_019331
embedding 2778/8920 HWT_020778
embedding 2779/8920 HWT_025263
embedding 2780/8920 HWT_025433
embedding 2781/8920 HWT_035780
embedding 2782/8920 HWT_044841
embedding 2783/8920 HWT_066548
embedding 2784/8920 HWT_066677
embedding 2785/8920 HWT_066930
embedding 2786/8920 HWT_067185
embedding 2787/8920 HWT_069879
embedding 2788/8920 HWT_070034
embedding 2789/8920 HWT_070338
embedding 2790/8920 HWT_070636
embedding 2791/8920 HWT_071972
embedding 2792/8920 HWT_072004
embedding 2793/8920 HWT_074367
embedding 2794/8920 HWT_075140
embedding 2795/8920 HWT_075396
embedding 2796/8920 HWT_078337
embedding 2797/8920 HWT_078418
embedding 2798/8920 HWT_078829
embedding 2799/8920 HWT_081221
embedding 2800/8920 HWT_081791
embedding 2801/8920 HWT_081851
embedding 2802/8920 HWT_083072
embedding 2803/8920 HWT_086244
embedding 2804/8920 HWT_086617
embedding 2805/8920 HWT_087749
embedding 2806/8920 HWT_088551
embedding 2807/8920 HWT_091446
embedding 2808/8920 HWT_091795
embedding 2809/8920 HWT_096037
embedding 2810/8920 HWT_097340
embedding 2811/8920 HWT_099119
embedding 2812/8920 HWT_103886
embedding 2813/8920 HWT_104013
embedding 2814/8920 HWT_107999
embedding 2815/8920 HWT_108005
embedding 2816/8920 HWT_108431
embedding 2817/8920 HWT_000401
embedding 2818/8920 HWT_001153
embedding 2819/8920 HWT_001173
embedding 2820/8920 HWT_003556
embedding 2821/8920 HWT_006648
embedding 2822/8920 HWT_007606
embedding 2823/8920 HWT_010117
embedding 2824/8920 HWT_012750
embedding 2825/8920 HWT_017935
embedding 2826/8920 HWT_018754
embedding 2827/8920 HWT_029786
embedding 2828/8920 HWT_030373
embedding 2829/8920 HWT_031276
embedding 2830/8920 HWT_032879
embedding 2831/8920 HWT_035739
embedding 2832/8920 HWT_036791
embedding 2833/8920 HWT_038157
embedding 2834/8920 HWT_040182
embedding 2835/8920 HWT_041029
embedding 2836/8920 HWT_041660
embedding 2837/8920 HWT_047030
embedding 2838/8920 HWT_047688
embedding 2839/8920 HWT_048142
embedding 2840/8920 HWT_049054
embedding 2841/8920 HWT_059809
embedding 2842/8920 HWT_059817
embedding 2843/8920 HWT_059836
embedding 2844/8920 HWT_059844
embedding 2845/8920 HWT_059845
embedding 2846/8920 HWT_059980
embedding 2847/8920 HWT_059991
embedding 2848/8920 HWT_059993
embedding 2849/8920 HWT_059994
embedding 2850/8920 HWT_063015
embedding 2851/8920 HWT_063378
embedding 2852/8920 HWT_065548
embedding 2853/8920 HWT_066541
embedding 2854/8920 HWT_068503
embedding 2855/8920 HWT_068615
embedding 2856/8920 HWT_068890
embedding 2857/8920 HWT_070745
embedding 2858/8920 HWT_070809
embedding 2859/8920 HWT_071660
embedding 2860/8920 HWT_074531
embedding 2861/8920 HWT_079225
embedding 2862/8920 HWT_081147
embedding 2863/8920 HWT_086050
embedding 2864/8920 HWT_091924
embedding 2865/8920 HWT_094630
embedding 2866/8920 HWT_095343
embedding 2867/8920 HWT_096749
embedding 2868/8920 HWT_012300
embedding 2869/8920 HWT_076659
embedding 2870/8920 HWT_099702
embedding 2871/8920 HWT_006153
embedding 2872/8920 HWT_035636
embedding 2873/8920 HWT_048913
embedding 2874/8920 HWT_000480
embedding 2875/8920 HWT_000508
embedding 2876/8920 HWT_000606
embedding 2877/8920 HWT_000784
embedding 2878/8920 HWT_003121
embedding 2879/8920 HWT_005044
embedding 2880/8920 HWT_005231
embedding 2881/8920 HWT_005263
embedding 2882/8920 HWT_005410
embedding 2883/8920 HWT_006234
embedding 2884/8920 HWT_006751
embedding 2885/8920 HWT_007294
embedding 2886/8920 HWT_007569
embedding 2887/8920 HWT_008903
embedding 2888/8920 HWT_009440
embedding 2889/8920 HWT_010362
embedding 2890/8920 HWT_010617
embedding 2891/8920 HWT_012711
embedding 2892/8920 HWT_015126
embedding 2893/8920 HWT_015160
embedding 2894/8920 HWT_017490
embedding 2895/8920 HWT_021014
embedding 2896/8920 HWT_022657
embedding 2897/8920 HWT_029784
embedding 2898/8920 HWT_030328
embedding 2899/8920 HWT_031103
embedding 2900/8920 HWT_031169
embedding 2901/8920 HWT_034369
embedding 2902/8920 HWT_035929
embedding 2903/8920 HWT_036052
embedding 2904/8920 HWT_036270
embedding 2905/8920 HWT_037170
embedding 2906/8920 HWT_037208
embedding 2907/8920 HWT_038663
embedding 2908/8920 HWT_038938
embedding 2909/8920 HWT_040537
embedding 2910/8920 HWT_040580
embedding 2911/8920 HWT_040780
embedding 2912/8920 HWT_040788
embedding 2913/8920 HWT_040996
embedding 2914/8920 HWT_041003
embedding 2915/8920 HWT_041211
embedding 2916/8920 HWT_043630
embedding 2917/8920 HWT_043644
embedding 2918/8920 HWT_044561
embedding 2919/8920 HWT_045106
embedding 2920/8920 HWT_045384
embedding 2921/8920 HWT_046161
embedding 2922/8920 HWT_046396
embedding 2923/8920 HWT_047823
embedding 2924/8920 HWT_047828
embedding 2925/8920 HWT_047834
embedding 2926/8920 HWT_047945
embedding 2927/8920 HWT_049604
embedding 2928/8920 HWT_050503
embedding 2929/8920 HWT_052744
embedding 2930/8920 HWT_053145
embedding 2931/8920 HWT_056670
embedding 2932/8920 HWT_058116
embedding 2933/8920 HWT_059476
embedding 2934/8920 HWT_062271
embedding 2935/8920 HWT_063259
embedding 2936/8920 HWT_064129
embedding 2937/8920 HWT_064455
embedding 2938/8920 HWT_064664
embedding 2939/8920 HWT_064826
embedding 2940/8920 HWT_064856
embedding 2941/8920 HWT_064893
embedding 2942/8920 HWT_064904
embedding 2943/8920 HWT_065089
embedding 2944/8920 HWT_066182
embedding 2945/8920 HWT_066995
embedding 2946/8920 HWT_068622
embedding 2947/8920 HWT_068804
embedding 2948/8920 HWT_069018
embedding 2949/8920 HWT_069093
embedding 2950/8920 HWT_069343
embedding 2951/8920 HWT_069378
embedding 2952/8920 HWT_070255
embedding 2953/8920 HWT_071172
embedding 2954/8920 HWT_071554
embedding 2955/8920 HWT_071766
embedding 2956/8920 HWT_073340
embedding 2957/8920 HWT_073343
embedding 2958/8920 HWT_073480
embedding 2959/8920 HWT_073481
embedding 2960/8920 HWT_073827
embedding 2961/8920 HWT_074080
embedding 2962/8920 HWT_074240
embedding 2963/8920 HWT_074750
embedding 2964/8920 HWT_075618
embedding 2965/8920 HWT_075683
embedding 2966/8920 HWT_076328
embedding 2967/8920 HWT_076777
embedding 2968/8920 HWT_077407
embedding 2969/8920 HWT_077408
embedding 2970/8920 HWT_077620
embedding 2971/8920 HWT_077643
embedding 2972/8920 HWT_077777
embedding 2973/8920 HWT_077791
embedding 2974/8920 HWT_078246
embedding 2975/8920 HWT_079360
embedding 2976/8920 HWT_082453
embedding 2977/8920 HWT_083041
embedding 2978/8920 HWT_084524
embedding 2979/8920 HWT_085609
embedding 2980/8920 HWT_085624
embedding 2981/8920 HWT_085723
embedding 2982/8920 HWT_085876
embedding 2983/8920 HWT_086289
embedding 2984/8920 HWT_088173
embedding 2985/8920 HWT_088238
embedding 2986/8920 HWT_090061
embedding 2987/8920 HWT_090144
embedding 2988/8920 HWT_092582
embedding 2989/8920 HWT_092674
embedding 2990/8920 HWT_092869
embedding 2991/8920 HWT_094550
embedding 2992/8920 HWT_094577
embedding 2993/8920 HWT_095000
embedding 2994/8920 HWT_096362
embedding 2995/8920 HWT_097993
embedding 2996/8920 HWT_098662
embedding 2997/8920 HWT_099773
embedding 2998/8920 HWT_100032
embedding 2999/8920 HWT_101778
embedding 3000/8920 HWT_101891
embedding 3001/8920 HWT_102686
embedding 3002/8920 HWT_103627
embedding 3003/8920 HWT_103656
embedding 3004/8920 HWT_105342
embedding 3005/8920 HWT_105907
embedding 3006/8920 HWT_106116
embedding 3007/8920 HWT_106126
embedding 3008/8920 HWT_106351
embedding 3009/8920 HWT_106383
embedding 3010/8920 HWT_106424
embedding 3011/8920 HWT_107784
embedding 3012/8920 HWT_108672
embedding 3013/8920 HWT_020522
embedding 3014/8920 HWT_042405
embedding 3015/8920 HWT_002241
embedding 3016/8920 HWT_044916
embedding 3017/8920 HWT_088899
embedding 3018/8920 HWT_103126
embedding 3019/8920 HWT_066812
embedding 3020/8920 HWT_067798
embedding 3021/8920 HWT_068087
embedding 3022/8920 HWT_068936
embedding 3023/8920 HWT_073351
embedding 3024/8920 HWT_082371
embedding 3025/8920 HWT_087671
embedding 3026/8920 HWT_095080
embedding 3027/8920 HWT_095226
embedding 3028/8920 HWT_096379
embedding 3029/8920 HWT_100148
embedding 3030/8920 HWT_004837
embedding 3031/8920 HWT_012644
embedding 3032/8920 HWT_012650
embedding 3033/8920 HWT_012651
embedding 3034/8920 HWT_012678
embedding 3035/8920 HWT_022983
embedding 3036/8920 HWT_036580
embedding 3037/8920 HWT_039869
embedding 3038/8920 HWT_041946
embedding 3039/8920 HWT_043595
embedding 3040/8920 HWT_088891
embedding 3041/8920 HWT_049328
embedding 3042/8920 HWT_070891
embedding 3043/8920 HWT_089427
embedding 3044/8920 HWT_108397
embedding 3045/8920 HWT_012031
embedding 3046/8920 HWT_027785
embedding 3047/8920 HWT_031260
embedding 3048/8920 HWT_034979
embedding 3049/8920 HWT_036686
embedding 3050/8920 HWT_039563
embedding 3051/8920 HWT_039682
embedding 3052/8920 HWT_040363
embedding 3053/8920 HWT_041748
embedding 3054/8920 HWT_041841
embedding 3055/8920 HWT_042010
embedding 3056/8920 HWT_044788
embedding 3057/8920 HWT_045097
embedding 3058/8920 HWT_045139
embedding 3059/8920 HWT_045168
embedding 3060/8920 HWT_045171
embedding 3061/8920 HWT_045402
embedding 3062/8920 HWT_046656
embedding 3063/8920 HWT_047009
embedding 3064/8920 HWT_048305
embedding 3065/8920 HWT_049371
embedding 3066/8920 HWT_065258
embedding 3067/8920 HWT_066258
embedding 3068/8920 HWT_066394
embedding 3069/8920 HWT_067942
embedding 3070/8920 HWT_068105
embedding 3071/8920 HWT_068884
embedding 3072/8920 HWT_071441
embedding 3073/8920 HWT_072134
embedding 3074/8920 HWT_077689
embedding 3075/8920 HWT_077718
embedding 3076/8920 HWT_080005
embedding 3077/8920 HWT_081955
embedding 3078/8920 HWT_084129
embedding 3079/8920 HWT_089828
embedding 3080/8920 HWT_090441
embedding 3081/8920 HWT_091835
embedding 3082/8920 HWT_093257
embedding 3083/8920 HWT_093480
embedding 3084/8920 HWT_093834
embedding 3085/8920 HWT_093948
embedding 3086/8920 HWT_094820
embedding 3087/8920 HWT_095647
embedding 3088/8920 HWT_098194
embedding 3089/8920 HWT_099249
embedding 3090/8920 HWT_100997
embedding 3091/8920 HWT_103705
embedding 3092/8920 HWT_104206
embedding 3093/8920 HWT_104374
embedding 3094/8920 HWT_105132
embedding 3095/8920 HWT_105604
embedding 3096/8920 HWT_108182
embedding 3097/8920 HWT_108587
embedding 3098/8920 HWT_108666
embedding 3099/8920 HWT_006950
embedding 3100/8920 HWT_009954
embedding 3101/8920 HWT_010412
embedding 3102/8920 HWT_012286
embedding 3103/8920 HWT_026201
embedding 3104/8920 HWT_032316
embedding 3105/8920 HWT_033927
embedding 3106/8920 HWT_036149
embedding 3107/8920 HWT_044883
embedding 3108/8920 HWT_047479
embedding 3109/8920 HWT_047494
embedding 3110/8920 HWT_048034
embedding 3111/8920 HWT_053101
embedding 3112/8920 HWT_061989
embedding 3113/8920 HWT_063467
embedding 3114/8920 HWT_065517
embedding 3115/8920 HWT_068480
embedding 3116/8920 HWT_070414
embedding 3117/8920 HWT_070903
embedding 3118/8920 HWT_071434
embedding 3119/8920 HWT_076150
embedding 3120/8920 HWT_079178
embedding 3121/8920 HWT_081157
embedding 3122/8920 HWT_082049
embedding 3123/8920 HWT_082868
embedding 3124/8920 HWT_083169
embedding 3125/8920 HWT_085136
embedding 3126/8920 HWT_086484
embedding 3127/8920 HWT_086833
embedding 3128/8920 HWT_087067
embedding 3129/8920 HWT_088254
embedding 3130/8920 HWT_091990
embedding 3131/8920 HWT_105052
embedding 3132/8920 HWT_105298
embedding 3133/8920 HWT_107016
embedding 3134/8920 HWT_002177
embedding 3135/8920 HWT_002647
embedding 3136/8920 HWT_004455
embedding 3137/8920 HWT_007242
embedding 3138/8920 HWT_009817
embedding 3139/8920 HWT_011150
embedding 3140/8920 HWT_021711
embedding 3141/8920 HWT_026607
embedding 3142/8920 HWT_028770
embedding 3143/8920 HWT_031163
embedding 3144/8920 HWT_036329
embedding 3145/8920 HWT_036497
embedding 3146/8920 HWT_036745
embedding 3147/8920 HWT_038406
embedding 3148/8920 HWT_041945
embedding 3149/8920 HWT_044590
embedding 3150/8920 HWT_044988
embedding 3151/8920 HWT_045341
embedding 3152/8920 HWT_045481
embedding 3153/8920 HWT_046046
embedding 3154/8920 HWT_047156
embedding 3155/8920 HWT_047433
embedding 3156/8920 HWT_047983
embedding 3157/8920 HWT_048300
embedding 3158/8920 HWT_049266
embedding 3159/8920 HWT_049373
embedding 3160/8920 HWT_049440
embedding 3161/8920 HWT_055834
embedding 3162/8920 HWT_063602
embedding 3163/8920 HWT_066013
embedding 3164/8920 HWT_067237
embedding 3165/8920 HWT_068786
embedding 3166/8920 HWT_073627
embedding 3167/8920 HWT_080235
embedding 3168/8920 HWT_083476
embedding 3169/8920 HWT_086679
embedding 3170/8920 HWT_099401
embedding 3171/8920 HWT_099746
embedding 3172/8920 HWT_100069
embedding 3173/8920 HWT_101715
embedding 3174/8920 HWT_102354
embedding 3175/8920 HWT_102528
embedding 3176/8920 HWT_103749
embedding 3177/8920 HWT_104611
embedding 3178/8920 HWT_105738
embedding 3179/8920 HWT_106977
embedding 3180/8920 HWT_107721
embedding 3181/8920 HWT_107735
embedding 3182/8920 HWT_107743
embedding 3183/8920 HWT_108161
embedding 3184/8920 HWT_108243
embedding 3185/8920 HWT_108568
embedding 3186/8920 HWT_108642
embedding 3187/8920 HWT_021019
embedding 3188/8920 HWT_000188
embedding 3189/8920 HWT_000303
embedding 3190/8920 HWT_000450
embedding 3191/8920 HWT_000539
embedding 3192/8920 HWT_000587
embedding 3193/8920 HWT_000713
embedding 3194/8920 HWT_000763
embedding 3195/8920 HWT_000824
embedding 3196/8920 HWT_000875
embedding 3197/8920 HWT_000910
embedding 3198/8920 HWT_000923
embedding 3199/8920 HWT_000931
embedding 3200/8920 HWT_000947
embedding 3201/8920 HWT_001010
embedding 3202/8920 HWT_001049
embedding 3203/8920 HWT_001062
embedding 3204/8920 HWT_001084
embedding 3205/8920 HWT_001206
embedding 3206/8920 HWT_001216
embedding 3207/8920 HWT_001318
embedding 3208/8920 HWT_001393
embedding 3209/8920 HWT_001396
embedding 3210/8920 HWT_001397
embedding 3211/8920 HWT_001423
embedding 3212/8920 HWT_001631
embedding 3213/8920 HWT_001839
embedding 3214/8920 HWT_001840
embedding 3215/8920 HWT_001849
embedding 3216/8920 HWT_001961
embedding 3217/8920 HWT_001994
embedding 3218/8920 HWT_002110
embedding 3219/8920 HWT_002118
embedding 3220/8920 HWT_002133
embedding 3221/8920 HWT_002208
embedding 3222/8920 HWT_002271
embedding 3223/8920 HWT_002309
embedding 3224/8920 HWT_002322
embedding 3225/8920 HWT_002545
embedding 3226/8920 HWT_002793
embedding 3227/8920 HWT_002798
embedding 3228/8920 HWT_002868
embedding 3229/8920 HWT_002900
embedding 3230/8920 HWT_002945
embedding 3231/8920 HWT_002954
embedding 3232/8920 HWT_002962
embedding 3233/8920 HWT_002974
embedding 3234/8920 HWT_002980
embedding 3235/8920 HWT_003024
embedding 3236/8920 HWT_003163
embedding 3237/8920 HWT_003176
embedding 3238/8920 HWT_003190
embedding 3239/8920 HWT_003200
embedding 3240/8920 HWT_003201
embedding 3241/8920 HWT_003251
embedding 3242/8920 HWT_003378
embedding 3243/8920 HWT_003380
embedding 3244/8920 HWT_003387
embedding 3245/8920 HWT_003427
embedding 3246/8920 HWT_003449
embedding 3247/8920 HWT_003587
embedding 3248/8920 HWT_003717
embedding 3249/8920 HWT_003750
embedding 3250/8920 HWT_003902
embedding 3251/8920 HWT_003936
embedding 3252/8920 HWT_003948
embedding 3253/8920 HWT_003967
embedding 3254/8920 HWT_004110
embedding 3255/8920 HWT_004155
embedding 3256/8920 HWT_004231
embedding 3257/8920 HWT_004233
embedding 3258/8920 HWT_004235
embedding 3259/8920 HWT_004249
embedding 3260/8920 HWT_004438
embedding 3261/8920 HWT_004449
embedding 3262/8920 HWT_004511
embedding 3263/8920 HWT_004595
embedding 3264/8920 HWT_004639
embedding 3265/8920 HWT_004647
embedding 3266/8920 HWT_004663
embedding 3267/8920 HWT_004664
embedding 3268/8920 HWT_004707
embedding 3269/8920 HWT_004737
embedding 3270/8920 HWT_004784
embedding 3271/8920 HWT_004823
embedding 3272/8920 HWT_004906
embedding 3273/8920 HWT_005069
embedding 3274/8920 HWT_005179
embedding 3275/8920 HWT_005181
embedding 3276/8920 HWT_005256
embedding 3277/8920 HWT_005413
embedding 3278/8920 HWT_005554
embedding 3279/8920 HWT_005557
embedding 3280/8920 HWT_005648
embedding 3281/8920 HWT_005704
embedding 3282/8920 HWT_005768
embedding 3283/8920 HWT_005793
embedding 3284/8920 HWT_005825
embedding 3285/8920 HWT_005895
embedding 3286/8920 HWT_006035
embedding 3287/8920 HWT_006084
embedding 3288/8920 HWT_006131
embedding 3289/8920 HWT_006183
embedding 3290/8920 HWT_006405
embedding 3291/8920 HWT_006428
embedding 3292/8920 HWT_006509
embedding 3293/8920 HWT_006582
embedding 3294/8920 HWT_006606
embedding 3295/8920 HWT_006701
embedding 3296/8920 HWT_006778
embedding 3297/8920 HWT_006800
embedding 3298/8920 HWT_006860
embedding 3299/8920 HWT_006861
embedding 3300/8920 HWT_006957
embedding 3301/8920 HWT_007113
embedding 3302/8920 HWT_007139
embedding 3303/8920 HWT_007171
embedding 3304/8920 HWT_007316
embedding 3305/8920 HWT_007373
embedding 3306/8920 HWT_007527
embedding 3307/8920 HWT_007546
embedding 3308/8920 HWT_007581
embedding 3309/8920 HWT_007607
embedding 3310/8920 HWT_007621
embedding 3311/8920 HWT_007684
embedding 3312/8920 HWT_007800
embedding 3313/8920 HWT_008051
embedding 3314/8920 HWT_008231
embedding 3315/8920 HWT_008253
embedding 3316/8920 HWT_008533
embedding 3317/8920 HWT_008622
embedding 3318/8920 HWT_008632
embedding 3319/8920 HWT_008685
embedding 3320/8920 HWT_008762
embedding 3321/8920 HWT_008798
embedding 3322/8920 HWT_008919
embedding 3323/8920 HWT_009163
embedding 3324/8920 HWT_009357
embedding 3325/8920 HWT_009362
embedding 3326/8920 HWT_009374
embedding 3327/8920 HWT_009571
embedding 3328/8920 HWT_009572
embedding 3329/8920 HWT_009582
embedding 3330/8920 HWT_009604
embedding 3331/8920 HWT_009623
embedding 3332/8920 HWT_009773
embedding 3333/8920 HWT_009821
embedding 3334/8920 HWT_009839
embedding 3335/8920 HWT_009860
embedding 3336/8920 HWT_009862
embedding 3337/8920 HWT_009863
embedding 3338/8920 HWT_009880
embedding 3339/8920 HWT_009899
embedding 3340/8920 HWT_009907
embedding 3341/8920 HWT_009911
embedding 3342/8920 HWT_009961
embedding 3343/8920 HWT_009962
embedding 3344/8920 HWT_010033
embedding 3345/8920 HWT_010036
embedding 3346/8920 HWT_010129
embedding 3347/8920 HWT_010131
embedding 3348/8920 HWT_010176
embedding 3349/8920 HWT_010177
embedding 3350/8920 HWT_010357
embedding 3351/8920 HWT_010456
embedding 3352/8920 HWT_010474
embedding 3353/8920 HWT_010559
embedding 3354/8920 HWT_010588
embedding 3355/8920 HWT_010785
embedding 3356/8920 HWT_010819
embedding 3357/8920 HWT_011017
embedding 3358/8920 HWT_011082
embedding 3359/8920 HWT_011095
embedding 3360/8920 HWT_011126
embedding 3361/8920 HWT_011133
embedding 3362/8920 HWT_011164
embedding 3363/8920 HWT_011722
embedding 3364/8920 HWT_011777
embedding 3365/8920 HWT_011778
embedding 3366/8920 HWT_012022
embedding 3367/8920 HWT_012024
embedding 3368/8920 HWT_012047
embedding 3369/8920 HWT_012089
embedding 3370/8920 HWT_012252
embedding 3371/8920 HWT_012502
embedding 3372/8920 HWT_012533
embedding 3373/8920 HWT_012626
embedding 3374/8920 HWT_012749
embedding 3375/8920 HWT_013084
embedding 3376/8920 HWT_013188
embedding 3377/8920 HWT_013359
embedding 3378/8920 HWT_013394
embedding 3379/8920 HWT_013803
embedding 3380/8920 HWT_013935
embedding 3381/8920 HWT_014530
embedding 3382/8920 HWT_014613
embedding 3383/8920 HWT_015750
embedding 3384/8920 HWT_015788
embedding 3385/8920 HWT_015789
embedding 3386/8920 HWT_015794
embedding 3387/8920 HWT_016258
embedding 3388/8920 HWT_016288
embedding 3389/8920 HWT_016369
embedding 3390/8920 HWT_016373
embedding 3391/8920 HWT_016504
embedding 3392/8920 HWT_016597
embedding 3393/8920 HWT_016737
embedding 3394/8920 HWT_016946
embedding 3395/8920 HWT_017259
embedding 3396/8920 HWT_018383
embedding 3397/8920 HWT_018422
embedding 3398/8920 HWT_018483
embedding 3399/8920 HWT_018507
embedding 3400/8920 HWT_018529
embedding 3401/8920 HWT_018672
embedding 3402/8920 HWT_019386
embedding 3403/8920 HWT_019413
embedding 3404/8920 HWT_019444
embedding 3405/8920 HWT_019500
embedding 3406/8920 HWT_019760
embedding 3407/8920 HWT_020031
embedding 3408/8920 HWT_020075
embedding 3409/8920 HWT_020129
embedding 3410/8920 HWT_020270
embedding 3411/8920 HWT_020360
embedding 3412/8920 HWT_020367
embedding 3413/8920 HWT_020401
embedding 3414/8920 HWT_020474
embedding 3415/8920 HWT_020489
embedding 3416/8920 HWT_020508
embedding 3417/8920 HWT_020777
embedding 3418/8920 HWT_020994
embedding 3419/8920 HWT_021324
embedding 3420/8920 HWT_021758
embedding 3421/8920 HWT_022242
embedding 3422/8920 HWT_022868
embedding 3423/8920 HWT_023178
embedding 3424/8920 HWT_023377
embedding 3425/8920 HWT_023405
embedding 3426/8920 HWT_023418
embedding 3427/8920 HWT_024609
embedding 3428/8920 HWT_024975
embedding 3429/8920 HWT_024997
embedding 3430/8920 HWT_025007
embedding 3431/8920 HWT_025306
embedding 3432/8920 HWT_025491
embedding 3433/8920 HWT_025598
embedding 3434/8920 HWT_025608
embedding 3435/8920 HWT_025785
embedding 3436/8920 HWT_025896
embedding 3437/8920 HWT_025918
embedding 3438/8920 HWT_025926
embedding 3439/8920 HWT_026285
embedding 3440/8920 HWT_026526
embedding 3441/8920 HWT_026566
embedding 3442/8920 HWT_026604
embedding 3443/8920 HWT_027121
embedding 3444/8920 HWT_027310
embedding 3445/8920 HWT_027445
embedding 3446/8920 HWT_027595
embedding 3447/8920 HWT_027601
embedding 3448/8920 HWT_027782
embedding 3449/8920 HWT_027811
embedding 3450/8920 HWT_027922
embedding 3451/8920 HWT_028093
embedding 3452/8920 HWT_028220
embedding 3453/8920 HWT_028229
embedding 3454/8920 HWT_028231
embedding 3455/8920 HWT_028466
embedding 3456/8920 HWT_028602
embedding 3457/8920 HWT_028615
embedding 3458/8920 HWT_028646
embedding 3459/8920 HWT_028668
embedding 3460/8920 HWT_028679
embedding 3461/8920 HWT_028852
embedding 3462/8920 HWT_028876
embedding 3463/8920 HWT_028895
embedding 3464/8920 HWT_028937
embedding 3465/8920 HWT_029031
embedding 3466/8920 HWT_029050
embedding 3467/8920 HWT_029259
embedding 3468/8920 HWT_029298
embedding 3469/8920 HWT_029424
embedding 3470/8920 HWT_029492
embedding 3471/8920 HWT_029501
embedding 3472/8920 HWT_029508
embedding 3473/8920 HWT_029515
embedding 3474/8920 HWT_029520
embedding 3475/8920 HWT_029521
embedding 3476/8920 HWT_029522
embedding 3477/8920 HWT_029532
embedding 3478/8920 HWT_029537
embedding 3479/8920 HWT_029539
embedding 3480/8920 HWT_029540
embedding 3481/8920 HWT_029542
embedding 3482/8920 HWT_029545
embedding 3483/8920 HWT_029552
embedding 3484/8920 HWT_029553
embedding 3485/8920 HWT_029555
embedding 3486/8920 HWT_030503
embedding 3487/8920 HWT_030589
embedding 3488/8920 HWT_030629
embedding 3489/8920 HWT_030779
embedding 3490/8920 HWT_031138
embedding 3491/8920 HWT_031145
embedding 3492/8920 HWT_031159
embedding 3493/8920 HWT_031191
embedding 3494/8920 HWT_031288
embedding 3495/8920 HWT_031430
embedding 3496/8920 HWT_031454
embedding 3497/8920 HWT_031560
embedding 3498/8920 HWT_031648
embedding 3499/8920 HWT_031930
embedding 3500/8920 HWT_032092
embedding 3501/8920 HWT_032134
embedding 3502/8920 HWT_032405
embedding 3503/8920 HWT_032519
embedding 3504/8920 HWT_032579
embedding 3505/8920 HWT_032763
embedding 3506/8920 HWT_032773
embedding 3507/8920 HWT_032804
embedding 3508/8920 HWT_032807
embedding 3509/8920 HWT_032839
embedding 3510/8920 HWT_033006
embedding 3511/8920 HWT_033050
embedding 3512/8920 HWT_033053
embedding 3513/8920 HWT_033129
embedding 3514/8920 HWT_033441
embedding 3515/8920 HWT_034751
embedding 3516/8920 HWT_034978
embedding 3517/8920 HWT_035097
embedding 3518/8920 HWT_035154
embedding 3519/8920 HWT_035213
embedding 3520/8920 HWT_035492
embedding 3521/8920 HWT_035648
embedding 3522/8920 HWT_035713
embedding 3523/8920 HWT_035928
embedding 3524/8920 HWT_036051
embedding 3525/8920 HWT_036080
embedding 3526/8920 HWT_036093
embedding 3527/8920 HWT_036296
embedding 3528/8920 HWT_036559
embedding 3529/8920 HWT_036692
embedding 3530/8920 HWT_036804
embedding 3531/8920 HWT_036838
embedding 3532/8920 HWT_036839
embedding 3533/8920 HWT_036840
embedding 3534/8920 HWT_036872
embedding 3535/8920 HWT_036904
embedding 3536/8920 HWT_036905
embedding 3537/8920 HWT_037068
embedding 3538/8920 HWT_037141
embedding 3539/8920 HWT_037186
embedding 3540/8920 HWT_037609
embedding 3541/8920 HWT_037825
embedding 3542/8920 HWT_038005
embedding 3543/8920 HWT_038035
embedding 3544/8920 HWT_038343
embedding 3545/8920 HWT_038626
embedding 3546/8920 HWT_039216
embedding 3547/8920 HWT_039229
embedding 3548/8920 HWT_039249
embedding 3549/8920 HWT_039766
embedding 3550/8920 HWT_039878
embedding 3551/8920 HWT_040073
embedding 3552/8920 HWT_040224
embedding 3553/8920 HWT_040349
embedding 3554/8920 HWT_040361
embedding 3555/8920 HWT_040441
embedding 3556/8920 HWT_040511
embedding 3557/8920 HWT_040687
embedding 3558/8920 HWT_040690
embedding 3559/8920 HWT_040846
embedding 3560/8920 HWT_041070
embedding 3561/8920 HWT_041209
embedding 3562/8920 HWT_041236
embedding 3563/8920 HWT_041288
embedding 3564/8920 HWT_041300
embedding 3565/8920 HWT_041390
embedding 3566/8920 HWT_041416
embedding 3567/8920 HWT_041661
embedding 3568/8920 HWT_041832
embedding 3569/8920 HWT_041925
embedding 3570/8920 HWT_041978
embedding 3571/8920 HWT_042013
embedding 3572/8920 HWT_042039
embedding 3573/8920 HWT_042193
embedding 3574/8920 HWT_042293
embedding 3575/8920 HWT_042310
embedding 3576/8920 HWT_042430
embedding 3577/8920 HWT_042588
embedding 3578/8920 HWT_042627
embedding 3579/8920 HWT_042833
embedding 3580/8920 HWT_042896
embedding 3581/8920 HWT_043019
embedding 3582/8920 HWT_043103
embedding 3583/8920 HWT_043129
embedding 3584/8920 HWT_043156
embedding 3585/8920 HWT_043182
embedding 3586/8920 HWT_043189
embedding 3587/8920 HWT_043213
embedding 3588/8920 HWT_043259
embedding 3589/8920 HWT_043275
embedding 3590/8920 HWT_043330
embedding 3591/8920 HWT_043413
embedding 3592/8920 HWT_043487
embedding 3593/8920 HWT_043490
embedding 3594/8920 HWT_043568
embedding 3595/8920 HWT_043596
embedding 3596/8920 HWT_043629
embedding 3597/8920 HWT_043633
embedding 3598/8920 HWT_043634
embedding 3599/8920 HWT_043642
embedding 3600/8920 HWT_043773
embedding 3601/8920 HWT_043780
embedding 3602/8920 HWT_043815
embedding 3603/8920 HWT_043859
embedding 3604/8920 HWT_043909
embedding 3605/8920 HWT_043916
embedding 3606/8920 HWT_043961
embedding 3607/8920 HWT_043967
embedding 3608/8920 HWT_043983
embedding 3609/8920 HWT_044015
embedding 3610/8920 HWT_044039
embedding 3611/8920 HWT_044040
embedding 3612/8920 HWT_044041
embedding 3613/8920 HWT_044073
embedding 3614/8920 HWT_044158
embedding 3615/8920 HWT_044202
embedding 3616/8920 HWT_044204
embedding 3617/8920 HWT_044208
embedding 3618/8920 HWT_044283
embedding 3619/8920 HWT_044316
embedding 3620/8920 HWT_044397
embedding 3621/8920 HWT_044503
embedding 3622/8920 HWT_044507
embedding 3623/8920 HWT_044524
embedding 3624/8920 HWT_044529
embedding 3625/8920 HWT_044536
embedding 3626/8920 HWT_044555
embedding 3627/8920 HWT_044587
embedding 3628/8920 HWT_044631
embedding 3629/8920 HWT_044656
embedding 3630/8920 HWT_044760
embedding 3631/8920 HWT_044781
embedding 3632/8920 HWT_044845
embedding 3633/8920 HWT_044869
embedding 3634/8920 HWT_044879
embedding 3635/8920 HWT_044886
embedding 3636/8920 HWT_044890
embedding 3637/8920 HWT_044999
embedding 3638/8920 HWT_045087
embedding 3639/8920 HWT_045104
embedding 3640/8920 HWT_045110
embedding 3641/8920 HWT_045195
embedding 3642/8920 HWT_045199
embedding 3643/8920 HWT_045358
embedding 3644/8920 HWT_045438
embedding 3645/8920 HWT_045479
embedding 3646/8920 HWT_045520
embedding 3647/8920 HWT_045525
embedding 3648/8920 HWT_045716
embedding 3649/8920 HWT_045771
embedding 3650/8920 HWT_045772
embedding 3651/8920 HWT_045778
embedding 3652/8920 HWT_045905
embedding 3653/8920 HWT_045934
embedding 3654/8920 HWT_045951
embedding 3655/8920 HWT_046015
embedding 3656/8920 HWT_046016
embedding 3657/8920 HWT_046098
embedding 3658/8920 HWT_046185
embedding 3659/8920 HWT_046321
embedding 3660/8920 HWT_046322
embedding 3661/8920 HWT_046340
embedding 3662/8920 HWT_046356
embedding 3663/8920 HWT_046359
embedding 3664/8920 HWT_046372
embedding 3665/8920 HWT_046423
embedding 3666/8920 HWT_046430
embedding 3667/8920 HWT_046432
embedding 3668/8920 HWT_046453
embedding 3669/8920 HWT_046473
embedding 3670/8920 HWT_046598
embedding 3671/8920 HWT_046623
embedding 3672/8920 HWT_046647
embedding 3673/8920 HWT_046675
embedding 3674/8920 HWT_046677
embedding 3675/8920 HWT_046707
embedding 3676/8920 HWT_046717
embedding 3677/8920 HWT_046731
embedding 3678/8920 HWT_046737
embedding 3679/8920 HWT_046743
embedding 3680/8920 HWT_046762
embedding 3681/8920 HWT_046768
embedding 3682/8920 HWT_046841
embedding 3683/8920 HWT_046857
embedding 3684/8920 HWT_046990
embedding 3685/8920 HWT_046991
embedding 3686/8920 HWT_047065
embedding 3687/8920 HWT_047119
embedding 3688/8920 HWT_047130
embedding 3689/8920 HWT_047144
embedding 3690/8920 HWT_047167
embedding 3691/8920 HWT_047238
embedding 3692/8920 HWT_047268
embedding 3693/8920 HWT_047347
embedding 3694/8920 HWT_047350
embedding 3695/8920 HWT_047418
embedding 3696/8920 HWT_047454
embedding 3697/8920 HWT_047539
embedding 3698/8920 HWT_047540
embedding 3699/8920 HWT_047543
embedding 3700/8920 HWT_047547
embedding 3701/8920 HWT_047569
embedding 3702/8920 HWT_047587
embedding 3703/8920 HWT_047603
embedding 3704/8920 HWT_047618
embedding 3705/8920 HWT_047619
embedding 3706/8920 HWT_047670
embedding 3707/8920 HWT_047695
embedding 3708/8920 HWT_047715
embedding 3709/8920 HWT_047738
embedding 3710/8920 HWT_047767
embedding 3711/8920 HWT_047811
embedding 3712/8920 HWT_047910
embedding 3713/8920 HWT_047948
embedding 3714/8920 HWT_047978
embedding 3715/8920 HWT_048014
embedding 3716/8920 HWT_048042
embedding 3717/8920 HWT_048048
embedding 3718/8920 HWT_048056
embedding 3719/8920 HWT_048077
embedding 3720/8920 HWT_048084
embedding 3721/8920 HWT_048103
embedding 3722/8920 HWT_048188
embedding 3723/8920 HWT_048299
embedding 3724/8920 HWT_048301
embedding 3725/8920 HWT_048302
embedding 3726/8920 HWT_048362
embedding 3727/8920 HWT_048394
embedding 3728/8920 HWT_048418
embedding 3729/8920 HWT_048434
embedding 3730/8920 HWT_048442
embedding 3731/8920 HWT_048491
embedding 3732/8920 HWT_048492
embedding 3733/8920 HWT_048534
embedding 3734/8920 HWT_048545
embedding 3735/8920 HWT_048552
embedding 3736/8920 HWT_048568
embedding 3737/8920 HWT_048583
embedding 3738/8920 HWT_048638
embedding 3739/8920 HWT_048666
embedding 3740/8920 HWT_048676
embedding 3741/8920 HWT_048689
embedding 3742/8920 HWT_048718
embedding 3743/8920 HWT_048872
embedding 3744/8920 HWT_048877
embedding 3745/8920 HWT_048919
embedding 3746/8920 HWT_048925
embedding 3747/8920 HWT_048941
embedding 3748/8920 HWT_048965
embedding 3749/8920 HWT_048998
embedding 3750/8920 HWT_049002
embedding 3751/8920 HWT_049048
embedding 3752/8920 HWT_049056
embedding 3753/8920 HWT_049094
embedding 3754/8920 HWT_049157
embedding 3755/8920 HWT_049170
embedding 3756/8920 HWT_049171
embedding 3757/8920 HWT_049177
embedding 3758/8920 HWT_049188
embedding 3759/8920 HWT_049199
embedding 3760/8920 HWT_049262
embedding 3761/8920 HWT_049326
embedding 3762/8920 HWT_049349
embedding 3763/8920 HWT_049350
embedding 3764/8920 HWT_049355
embedding 3765/8920 HWT_049372
embedding 3766/8920 HWT_049441
embedding 3767/8920 HWT_049514
embedding 3768/8920 HWT_049523
embedding 3769/8920 HWT_049728
embedding 3770/8920 HWT_049838
embedding 3771/8920 HWT_049913
embedding 3772/8920 HWT_050139
embedding 3773/8920 HWT_050943
embedding 3774/8920 HWT_050949
embedding 3775/8920 HWT_051092
embedding 3776/8920 HWT_051484
embedding 3777/8920 HWT_052142
embedding 3778/8920 HWT_052145
embedding 3779/8920 HWT_052546
embedding 3780/8920 HWT_052553
embedding 3781/8920 HWT_052651
embedding 3782/8920 HWT_052831
embedding 3783/8920 HWT_052892
embedding 3784/8920 HWT_053011
embedding 3785/8920 HWT_053159
embedding 3786/8920 HWT_053555
embedding 3787/8920 HWT_053566
embedding 3788/8920 HWT_053774
embedding 3789/8920 HWT_053814
embedding 3790/8920 HWT_053989
embedding 3791/8920 HWT_054116
embedding 3792/8920 HWT_054645
embedding 3793/8920 HWT_054818
embedding 3794/8920 HWT_055058
embedding 3795/8920 HWT_055303
embedding 3796/8920 HWT_055654
embedding 3797/8920 HWT_055692
embedding 3798/8920 HWT_055732
embedding 3799/8920 HWT_055888
embedding 3800/8920 HWT_056038
embedding 3801/8920 HWT_056369
embedding 3802/8920 HWT_056372
embedding 3803/8920 HWT_056427
embedding 3804/8920 HWT_056583
embedding 3805/8920 HWT_057041
embedding 3806/8920 HWT_057234
embedding 3807/8920 HWT_057241
embedding 3808/8920 HWT_057317
embedding 3809/8920 HWT_057655
embedding 3810/8920 HWT_057926
embedding 3811/8920 HWT_058345
embedding 3812/8920 HWT_058380
embedding 3813/8920 HWT_058524
embedding 3814/8920 HWT_058678
embedding 3815/8920 HWT_058711
embedding 3816/8920 HWT_058724
embedding 3817/8920 HWT_058865
embedding 3818/8920 HWT_059374
embedding 3819/8920 HWT_059475
embedding 3820/8920 HWT_059827
embedding 3821/8920 HWT_059835
embedding 3822/8920 HWT_059982
embedding 3823/8920 HWT_060019
embedding 3824/8920 HWT_060173
embedding 3825/8920 HWT_060259
embedding 3826/8920 HWT_060529
embedding 3827/8920 HWT_060605
embedding 3828/8920 HWT_060863
embedding 3829/8920 HWT_060951
embedding 3830/8920 HWT_060985
embedding 3831/8920 HWT_061060
embedding 3832/8920 HWT_061079
embedding 3833/8920 HWT_061083
embedding 3834/8920 HWT_061102
embedding 3835/8920 HWT_061104
embedding 3836/8920 HWT_061275
embedding 3837/8920 HWT_061428
embedding 3838/8920 HWT_061647
embedding 3839/8920 HWT_061778
embedding 3840/8920 HWT_061886
embedding 3841/8920 HWT_062169
embedding 3842/8920 HWT_062695
embedding 3843/8920 HWT_062711
embedding 3844/8920 HWT_062749
embedding 3845/8920 HWT_062765
embedding 3846/8920 HWT_062799
embedding 3847/8920 HWT_062858
embedding 3848/8920 HWT_063695
embedding 3849/8920 HWT_063728
embedding 3850/8920 HWT_063866
embedding 3851/8920 HWT_063868
embedding 3852/8920 HWT_064015
embedding 3853/8920 HWT_064024
embedding 3854/8920 HWT_064288
embedding 3855/8920 HWT_064297
embedding 3856/8920 HWT_064347
embedding 3857/8920 HWT_064393
embedding 3858/8920 HWT_064417
embedding 3859/8920 HWT_064647
embedding 3860/8920 HWT_064648
embedding 3861/8920 HWT_064663
embedding 3862/8920 HWT_064761
embedding 3863/8920 HWT_064811
embedding 3864/8920 HWT_064816
embedding 3865/8920 HWT_064823
embedding 3866/8920 HWT_064827
embedding 3867/8920 HWT_064862
embedding 3868/8920 HWT_064930
embedding 3869/8920 HWT_065340
embedding 3870/8920 HWT_065392
embedding 3871/8920 HWT_065549
embedding 3872/8920 HWT_065703
embedding 3873/8920 HWT_065751
embedding 3874/8920 HWT_065908
embedding 3875/8920 HWT_066348
embedding 3876/8920 HWT_066372
embedding 3877/8920 HWT_066481
embedding 3878/8920 HWT_066580
embedding 3879/8920 HWT_066617
embedding 3880/8920 HWT_066688
embedding 3881/8920 HWT_066700
embedding 3882/8920 HWT_066869
embedding 3883/8920 HWT_066907
embedding 3884/8920 HWT_066914
embedding 3885/8920 HWT_066979
embedding 3886/8920 HWT_067139
embedding 3887/8920 HWT_067268
embedding 3888/8920 HWT_067279
embedding 3889/8920 HWT_067360
embedding 3890/8920 HWT_067371
embedding 3891/8920 HWT_067444
embedding 3892/8920 HWT_067550
embedding 3893/8920 HWT_067592
embedding 3894/8920 HWT_067599
embedding 3895/8920 HWT_067668
embedding 3896/8920 HWT_067693
embedding 3897/8920 HWT_067717
embedding 3898/8920 HWT_067723
embedding 3899/8920 HWT_067730
embedding 3900/8920 HWT_067744
embedding 3901/8920 HWT_067757
embedding 3902/8920 HWT_067772
embedding 3903/8920 HWT_067799
embedding 3904/8920 HWT_067807
embedding 3905/8920 HWT_067818
embedding 3906/8920 HWT_067936
embedding 3907/8920 HWT_068011
embedding 3908/8920 HWT_068012
embedding 3909/8920 HWT_068046
embedding 3910/8920 HWT_068130
embedding 3911/8920 HWT_068233
embedding 3912/8920 HWT_068281
embedding 3913/8920 HWT_068303
embedding 3914/8920 HWT_068366
embedding 3915/8920 HWT_068566
embedding 3916/8920 HWT_068654
embedding 3917/8920 HWT_068668
embedding 3918/8920 HWT_068709
embedding 3919/8920 HWT_068731
embedding 3920/8920 HWT_068851
embedding 3921/8920 HWT_068914
embedding 3922/8920 HWT_068958
embedding 3923/8920 HWT_068961
embedding 3924/8920 HWT_068973
embedding 3925/8920 HWT_069072
embedding 3926/8920 HWT_069100
embedding 3927/8920 HWT_069162
embedding 3928/8920 HWT_069181
embedding 3929/8920 HWT_069198
embedding 3930/8920 HWT_069233
embedding 3931/8920 HWT_069266
embedding 3932/8920 HWT_069329
embedding 3933/8920 HWT_069363
embedding 3934/8920 HWT_069431
embedding 3935/8920 HWT_069442
embedding 3936/8920 HWT_069452
embedding 3937/8920 HWT_069460
embedding 3938/8920 HWT_069530
embedding 3939/8920 HWT_069547
embedding 3940/8920 HWT_069569
embedding 3941/8920 HWT_069574
