
=== CONSOLIDATED DNA ERROR REPAIR ===
started_utc=2026-08-13T01:18:16.024860+00:00
target_count=8722 limit=none
repair_scope=dna only; all other completed metrics preserved
DNA_REPAIR 1/8722 HWT_064188
DNA_REPAIR 2/8722 HWT_064382
DNA_REPAIR 3/8722 HWT_064541
DNA_REPAIR 4/8722 HWT_065270
DNA_REPAIR 5/8722 HWT_065272
DNA_REPAIR 6/8722 HWT_065288
DNA_REPAIR 7/8722 HWT_065969
DNA_REPAIR 8/8722 HWT_066044
DNA_REPAIR 9/8722 HWT_066971
DNA_REPAIR 10/8722 HWT_067331
DNA_REPAIR 11/8722 HWT_067613
DNA_REPAIR 12/8722 HWT_067683
DNA_REPAIR 13/8722 HWT_068417
DNA_REPAIR 14/8722 HWT_068491
DNA_REPAIR 15/8722 HWT_069287
DNA_REPAIR 16/8722 HWT_069365
DNA_REPAIR 17/8722 HWT_070356
DNA_REPAIR 18/8722 HWT_070432
DNA_REPAIR 19/8722 HWT_070707
DNA_REPAIR 20/8722 HWT_070726
DNA_REPAIR 21/8722 HWT_070982
DNA_REPAIR 22/8722 HWT_071306
DNA_REPAIR 23/8722 HWT_071360
DNA_REPAIR 24/8722 HWT_071492
DNA_REPAIR 25/8722 HWT_071530
DNA_REPAIR 26/8722 HWT_072292
DNA_REPAIR 27/8722 HWT_072499
DNA_REPAIR 28/8722 HWT_073101
DNA_REPAIR 29/8722 HWT_073241
DNA_REPAIR 30/8722 HWT_073279
DNA_REPAIR 31/8722 HWT_073307
DNA_REPAIR 32/8722 HWT_073377
DNA_REPAIR 33/8722 HWT_073704
DNA_REPAIR 34/8722 HWT_073717
DNA_REPAIR 35/8722 HWT_073828
DNA_REPAIR 36/8722 HWT_073852
DNA_REPAIR 37/8722 HWT_073987
DNA_REPAIR 38/8722 HWT_075244
DNA_REPAIR 39/8722 HWT_075451
DNA_REPAIR 40/8722 HWT_075599
DNA_REPAIR 41/8722 HWT_075828
DNA_REPAIR 42/8722 HWT_076506
DNA_REPAIR 43/8722 HWT_076938
DNA_REPAIR 44/8722 HWT_077441
DNA_REPAIR 45/8722 HWT_077967
DNA_REPAIR 46/8722 HWT_077971
DNA_REPAIR 47/8722 HWT_078170
DNA_REPAIR 48/8722 HWT_078201
DNA_REPAIR 49/8722 HWT_078237
DNA_REPAIR 50/8722 HWT_078325
DNA_REPAIR 51/8722 HWT_078511
DNA_REPAIR 52/8722 HWT_078537
DNA_REPAIR 53/8722 HWT_078665
DNA_REPAIR 54/8722 HWT_078786
DNA_REPAIR 55/8722 HWT_078932
DNA_REPAIR 56/8722 HWT_079470
DNA_REPAIR 57/8722 HWT_079482
DNA_REPAIR 58/8722 HWT_079707
DNA_REPAIR 59/8722 HWT_079869
DNA_REPAIR 60/8722 HWT_079883
DNA_REPAIR 61/8722 HWT_079979
DNA_REPAIR 62/8722 HWT_080190
DNA_REPAIR 63/8722 HWT_080589
DNA_REPAIR 64/8722 HWT_080951
DNA_REPAIR 65/8722 HWT_081033
DNA_REPAIR 66/8722 HWT_081471
DNA_REPAIR 67/8722 HWT_081574
DNA_REPAIR 68/8722 HWT_081775
DNA_REPAIR 69/8722 HWT_081816
DNA_REPAIR 70/8722 HWT_081905
DNA_REPAIR 71/8722 HWT_082201
DNA_REPAIR 72/8722 HWT_082300
DNA_REPAIR 73/8722 HWT_082682
DNA_REPAIR 74/8722 HWT_082941
DNA_REPAIR 75/8722 HWT_083053
DNA_REPAIR 76/8722 HWT_083326
DNA_REPAIR 77/8722 HWT_083611
DNA_REPAIR 78/8722 HWT_083676
DNA_REPAIR 79/8722 HWT_083731
DNA_REPAIR 80/8722 HWT_084049
DNA_REPAIR 81/8722 HWT_084133
DNA_REPAIR 82/8722 HWT_084194
DNA_REPAIR 83/8722 HWT_084429
DNA_REPAIR 84/8722 HWT_084554
DNA_REPAIR 85/8722 HWT_084929
DNA_REPAIR 86/8722 HWT_085257
DNA_REPAIR 87/8722 HWT_085666
DNA_REPAIR 88/8722 HWT_085743
DNA_REPAIR 89/8722 HWT_085763
DNA_REPAIR 90/8722 HWT_086116
DNA_REPAIR 91/8722 HWT_086133
DNA_REPAIR 92/8722 HWT_086203
DNA_REPAIR 93/8722 HWT_086309
DNA_REPAIR 94/8722 HWT_086395
DNA_REPAIR 95/8722 HWT_086730
DNA_REPAIR 96/8722 HWT_086831
DNA_REPAIR 97/8722 HWT_086855
DNA_REPAIR 98/8722 HWT_086906
DNA_REPAIR 99/8722 HWT_087085
DNA_REPAIR 100/8722 HWT_087159
DNA_REPAIR 101/8722 HWT_087209
DNA_REPAIR 102/8722 HWT_087702
DNA_REPAIR 103/8722 HWT_087780
DNA_REPAIR 104/8722 HWT_088087
DNA_REPAIR 105/8722 HWT_088403
DNA_REPAIR 106/8722 HWT_088986
DNA_REPAIR 107/8722 HWT_089061
DNA_REPAIR 108/8722 HWT_089248
DNA_REPAIR 109/8722 HWT_089502
DNA_REPAIR 110/8722 HWT_090039
DNA_REPAIR 111/8722 HWT_090143
DNA_REPAIR 112/8722 HWT_090469
DNA_REPAIR 113/8722 HWT_090621
DNA_REPAIR 114/8722 HWT_090669
DNA_REPAIR 115/8722 HWT_090911
DNA_REPAIR 116/8722 HWT_091275
DNA_REPAIR 117/8722 HWT_091775
DNA_REPAIR 118/8722 HWT_091850
DNA_REPAIR 119/8722 HWT_092027
DNA_REPAIR 120/8722 HWT_092189
DNA_REPAIR 121/8722 HWT_092290
DNA_REPAIR 122/8722 HWT_092627
DNA_REPAIR 123/8722 HWT_092890
DNA_REPAIR 124/8722 HWT_092961
DNA_REPAIR 125/8722 HWT_093807
DNA_REPAIR 126/8722 HWT_094044
DNA_REPAIR 127/8722 HWT_094391
DNA_REPAIR 128/8722 HWT_095262
DNA_REPAIR 129/8722 HWT_095300
DNA_REPAIR 130/8722 HWT_095666
DNA_REPAIR 131/8722 HWT_095783
DNA_REPAIR 132/8722 HWT_095875
DNA_REPAIR 133/8722 HWT_096076
DNA_REPAIR 134/8722 HWT_096132
DNA_REPAIR 135/8722 HWT_096334
DNA_REPAIR 136/8722 HWT_096651
DNA_REPAIR 137/8722 HWT_096752
DNA_REPAIR 138/8722 HWT_096901
DNA_REPAIR 139/8722 HWT_097143
DNA_REPAIR 140/8722 HWT_097231
DNA_REPAIR 141/8722 HWT_097367
DNA_REPAIR 142/8722 HWT_097580
DNA_REPAIR 143/8722 HWT_097684
DNA_REPAIR 144/8722 HWT_097895
DNA_REPAIR 145/8722 HWT_098233
DNA_REPAIR 146/8722 HWT_098569
DNA_REPAIR 147/8722 HWT_098593
DNA_REPAIR 148/8722 HWT_098761
DNA_REPAIR 149/8722 HWT_099113
DNA_REPAIR 150/8722 HWT_099324
DNA_REPAIR 151/8722 HWT_099345
DNA_REPAIR 152/8722 HWT_099577
DNA_REPAIR 153/8722 HWT_099830
DNA_REPAIR 154/8722 HWT_099894
DNA_REPAIR 155/8722 HWT_099934
DNA_REPAIR 156/8722 HWT_099989
DNA_REPAIR 157/8722 HWT_100000
DNA_REPAIR 158/8722 HWT_100039
DNA_REPAIR 159/8722 HWT_100147
DNA_REPAIR 160/8722 HWT_100743
DNA_REPAIR 161/8722 HWT_100747
DNA_REPAIR 162/8722 HWT_100756
DNA_REPAIR 163/8722 HWT_100799
DNA_REPAIR 164/8722 HWT_100946
DNA_REPAIR 165/8722 HWT_101170
DNA_REPAIR 166/8722 HWT_101287
DNA_REPAIR 167/8722 HWT_101430
DNA_REPAIR 168/8722 HWT_101445
DNA_REPAIR 169/8722 HWT_101462
DNA_REPAIR 170/8722 HWT_101950
DNA_REPAIR 171/8722 HWT_102601
DNA_REPAIR 172/8722 HWT_102660
DNA_REPAIR 173/8722 HWT_103463
DNA_REPAIR 174/8722 HWT_103738
DNA_REPAIR 175/8722 HWT_103812
DNA_REPAIR 176/8722 HWT_103907
DNA_REPAIR 177/8722 HWT_104346
DNA_REPAIR 178/8722 HWT_104495
DNA_REPAIR 179/8722 HWT_104503
DNA_REPAIR 180/8722 HWT_104785
DNA_REPAIR 181/8722 HWT_104887
DNA_REPAIR 182/8722 HWT_104966
DNA_REPAIR 183/8722 HWT_105639
DNA_REPAIR 184/8722 HWT_106078
DNA_REPAIR 185/8722 HWT_106143
DNA_REPAIR 186/8722 HWT_106568
DNA_REPAIR 187/8722 HWT_106583
DNA_REPAIR 188/8722 HWT_106647
DNA_REPAIR 189/8722 HWT_106924
DNA_REPAIR 190/8722 HWT_107033
DNA_REPAIR 191/8722 HWT_107039
DNA_REPAIR 192/8722 HWT_107147
DNA_REPAIR 193/8722 HWT_107175
DNA_REPAIR 194/8722 HWT_107259
DNA_REPAIR 195/8722 HWT_107289
DNA_REPAIR 196/8722 HWT_107394
DNA_REPAIR 197/8722 HWT_107821
DNA_REPAIR 198/8722 HWT_108192
DNA_REPAIR 199/8722 HWT_108279
DNA_REPAIR 200/8722 HWT_108401
DNA_REPAIR 201/8722 HWT_108540
DNA_REPAIR 202/8722 HWT_108597
DNA_REPAIR 203/8722 HWT_003513
DNA_REPAIR 204/8722 HWT_006460
DNA_REPAIR 205/8722 HWT_006462
DNA_REPAIR 206/8722 HWT_006644
DNA_REPAIR 207/8722 HWT_006990
DNA_REPAIR 208/8722 HWT_007423
DNA_REPAIR 209/8722 HWT_010303
DNA_REPAIR 210/8722 HWT_011008
DNA_REPAIR 211/8722 HWT_011631
DNA_REPAIR 212/8722 HWT_013144
DNA_REPAIR 213/8722 HWT_013154
DNA_REPAIR 214/8722 HWT_013468
DNA_REPAIR 215/8722 HWT_013563
DNA_REPAIR 216/8722 HWT_013968
DNA_REPAIR 217/8722 HWT_014368
DNA_REPAIR 218/8722 HWT_014625
DNA_REPAIR 219/8722 HWT_014689
DNA_REPAIR 220/8722 HWT_015333
DNA_REPAIR 221/8722 HWT_015381
DNA_REPAIR 222/8722 HWT_015518
DNA_REPAIR 223/8722 HWT_017340
DNA_REPAIR 224/8722 HWT_017559
DNA_REPAIR 225/8722 HWT_017665
DNA_REPAIR 226/8722 HWT_018224
DNA_REPAIR 227/8722 HWT_018322
DNA_REPAIR 228/8722 HWT_018442
DNA_REPAIR 229/8722 HWT_018898
DNA_REPAIR 230/8722 HWT_018916
DNA_REPAIR 231/8722 HWT_020452
DNA_REPAIR 232/8722 HWT_021591
DNA_REPAIR 233/8722 HWT_021598
DNA_REPAIR 234/8722 HWT_021768
DNA_REPAIR 235/8722 HWT_022964
DNA_REPAIR 236/8722 HWT_024070
DNA_REPAIR 237/8722 HWT_024138
DNA_REPAIR 238/8722 HWT_026681
DNA_REPAIR 239/8722 HWT_027041
DNA_REPAIR 240/8722 HWT_027169
DNA_REPAIR 241/8722 HWT_027343
DNA_REPAIR 242/8722 HWT_028172
DNA_REPAIR 243/8722 HWT_030580
DNA_REPAIR 244/8722 HWT_030950
DNA_REPAIR 245/8722 HWT_031153
DNA_REPAIR 246/8722 HWT_032304
DNA_REPAIR 247/8722 HWT_032586
DNA_REPAIR 248/8722 HWT_032852
DNA_REPAIR 249/8722 HWT_033212
DNA_REPAIR 250/8722 HWT_033845
DNA_REPAIR 251/8722 HWT_035956
DNA_REPAIR 252/8722 HWT_036714
DNA_REPAIR 253/8722 HWT_037335
DNA_REPAIR 254/8722 HWT_037973
DNA_REPAIR 255/8722 HWT_038183
DNA_REPAIR 256/8722 HWT_039968
DNA_REPAIR 257/8722 HWT_041170
DNA_REPAIR 258/8722 HWT_043358
DNA_REPAIR 259/8722 HWT_049808
DNA_REPAIR 260/8722 HWT_054123
DNA_REPAIR 261/8722 HWT_055372
DNA_REPAIR 262/8722 HWT_056509
DNA_REPAIR 263/8722 HWT_061915
DNA_REPAIR 264/8722 HWT_074207
DNA_REPAIR 265/8722 HWT_087504
DNA_REPAIR 266/8722 HWT_094065
DNA_REPAIR 267/8722 HWT_001640
DNA_REPAIR 268/8722 HWT_002601
DNA_REPAIR 269/8722 HWT_003400
DNA_REPAIR 270/8722 HWT_003956
DNA_REPAIR 271/8722 HWT_004421
DNA_REPAIR 272/8722 HWT_005127
DNA_REPAIR 273/8722 HWT_005984
DNA_REPAIR 274/8722 HWT_007507
DNA_REPAIR 275/8722 HWT_008167
DNA_REPAIR 276/8722 HWT_008772
DNA_REPAIR 277/8722 HWT_010634
DNA_REPAIR 278/8722 HWT_011718
DNA_REPAIR 279/8722 HWT_011941
DNA_REPAIR 280/8722 HWT_013441
DNA_REPAIR 281/8722 HWT_013699
DNA_REPAIR 282/8722 HWT_015037
DNA_REPAIR 283/8722 HWT_015205
DNA_REPAIR 284/8722 HWT_015430
DNA_REPAIR 285/8722 HWT_015834
DNA_REPAIR 286/8722 HWT_018047
DNA_REPAIR 287/8722 HWT_018959
DNA_REPAIR 288/8722 HWT_019230
DNA_REPAIR 289/8722 HWT_019932
DNA_REPAIR 290/8722 HWT_020164
DNA_REPAIR 291/8722 HWT_020175
DNA_REPAIR 292/8722 HWT_020829
DNA_REPAIR 293/8722 HWT_021093
DNA_REPAIR 294/8722 HWT_022638
DNA_REPAIR 295/8722 HWT_023204
DNA_REPAIR 296/8722 HWT_023220
DNA_REPAIR 297/8722 HWT_024271
DNA_REPAIR 298/8722 HWT_024733
DNA_REPAIR 299/8722 HWT_024745
DNA_REPAIR 300/8722 HWT_025295
DNA_REPAIR 301/8722 HWT_026409
DNA_REPAIR 302/8722 HWT_026809
DNA_REPAIR 303/8722 HWT_028818
DNA_REPAIR 304/8722 HWT_029693
DNA_REPAIR 305/8722 HWT_029951
DNA_REPAIR 306/8722 HWT_030021
DNA_REPAIR 307/8722 HWT_033312
DNA_REPAIR 308/8722 HWT_033590
DNA_REPAIR 309/8722 HWT_034312
DNA_REPAIR 310/8722 HWT_034915
DNA_REPAIR 311/8722 HWT_035144
DNA_REPAIR 312/8722 HWT_036716
DNA_REPAIR 313/8722 HWT_037362
DNA_REPAIR 314/8722 HWT_037648
DNA_REPAIR 315/8722 HWT_040836
DNA_REPAIR 316/8722 HWT_047872
DNA_REPAIR 317/8722 HWT_049307
DNA_REPAIR 318/8722 HWT_058154
DNA_REPAIR 319/8722 HWT_069578
DNA_REPAIR 320/8722 HWT_070403
DNA_REPAIR 321/8722 HWT_086400
DNA_REPAIR 322/8722 HWT_089387
DNA_REPAIR 323/8722 HWT_104816
DNA_REPAIR 324/8722 HWT_107401
DNA_REPAIR 325/8722 HWT_027325
DNA_REPAIR 326/8722 HWT_001805
DNA_REPAIR 327/8722 HWT_004115
DNA_REPAIR 328/8722 HWT_005778
DNA_REPAIR 329/8722 HWT_006786
DNA_REPAIR 330/8722 HWT_008495
DNA_REPAIR 331/8722 HWT_012450
DNA_REPAIR 332/8722 HWT_015606
DNA_REPAIR 333/8722 HWT_017681
DNA_REPAIR 334/8722 HWT_018048
DNA_REPAIR 335/8722 HWT_018821
DNA_REPAIR 336/8722 HWT_022163
DNA_REPAIR 337/8722 HWT_027402
DNA_REPAIR 338/8722 HWT_028161
DNA_REPAIR 339/8722 HWT_030063
DNA_REPAIR 340/8722 HWT_030613
DNA_REPAIR 341/8722 HWT_031785
DNA_REPAIR 342/8722 HWT_037581
DNA_REPAIR 343/8722 HWT_050076
DNA_REPAIR 344/8722 HWT_052287
DNA_REPAIR 345/8722 HWT_057006
DNA_REPAIR 346/8722 HWT_057930
DNA_REPAIR 347/8722 HWT_058177
DNA_REPAIR 348/8722 HWT_061200
DNA_REPAIR 349/8722 HWT_062474
DNA_REPAIR 350/8722 HWT_072010
DNA_REPAIR 351/8722 HWT_073938
DNA_REPAIR 352/8722 HWT_074103
DNA_REPAIR 353/8722 HWT_074110
DNA_REPAIR 354/8722 HWT_076667
DNA_REPAIR 355/8722 HWT_080544
DNA_REPAIR 356/8722 HWT_081885
DNA_REPAIR 357/8722 HWT_083799
DNA_REPAIR 358/8722 HWT_084000
DNA_REPAIR 359/8722 HWT_084001
DNA_REPAIR 360/8722 HWT_087954
DNA_REPAIR 361/8722 HWT_089681
DNA_REPAIR 362/8722 HWT_091156
DNA_REPAIR 363/8722 HWT_092456
DNA_REPAIR 364/8722 HWT_093404
DNA_REPAIR 365/8722 HWT_094692
DNA_REPAIR 366/8722 HWT_096925
DNA_REPAIR 367/8722 HWT_097176
DNA_REPAIR 368/8722 HWT_097673
DNA_REPAIR 369/8722 HWT_100650
DNA_REPAIR 370/8722 HWT_100676
DNA_REPAIR 371/8722 HWT_104281
DNA_REPAIR 372/8722 HWT_106556
DNA_REPAIR 373/8722 HWT_107663
DNA_REPAIR 374/8722 HWT_004171
DNA_REPAIR 375/8722 HWT_010022
DNA_REPAIR 376/8722 HWT_010706
DNA_REPAIR 377/8722 HWT_010774
DNA_REPAIR 378/8722 HWT_010838
DNA_REPAIR 379/8722 HWT_010852
DNA_REPAIR 380/8722 HWT_012288
DNA_REPAIR 381/8722 HWT_012577
DNA_REPAIR 382/8722 HWT_012894
DNA_REPAIR 383/8722 HWT_014550
DNA_REPAIR 384/8722 HWT_014813
DNA_REPAIR 385/8722 HWT_014829
DNA_REPAIR 386/8722 HWT_015597
DNA_REPAIR 387/8722 HWT_016329
DNA_REPAIR 388/8722 HWT_020906
DNA_REPAIR 389/8722 HWT_020928
DNA_REPAIR 390/8722 HWT_029609
DNA_REPAIR 391/8722 HWT_030296
DNA_REPAIR 392/8722 HWT_030814
DNA_REPAIR 393/8722 HWT_031009
DNA_REPAIR 394/8722 HWT_031533
DNA_REPAIR 395/8722 HWT_032031
DNA_REPAIR 396/8722 HWT_032315
DNA_REPAIR 397/8722 HWT_034054
DNA_REPAIR 398/8722 HWT_034476
DNA_REPAIR 399/8722 HWT_034533
DNA_REPAIR 400/8722 HWT_037998
DNA_REPAIR 401/8722 HWT_038004
DNA_REPAIR 402/8722 HWT_038878
DNA_REPAIR 403/8722 HWT_039352
DNA_REPAIR 404/8722 HWT_039391
DNA_REPAIR 405/8722 HWT_044284
DNA_REPAIR 406/8722 HWT_047325
DNA_REPAIR 407/8722 HWT_048767
DNA_REPAIR 408/8722 HWT_056453
DNA_REPAIR 409/8722 HWT_061374
DNA_REPAIR 410/8722 HWT_065730
DNA_REPAIR 411/8722 HWT_068456
DNA_REPAIR 412/8722 HWT_072311
DNA_REPAIR 413/8722 HWT_079618
DNA_REPAIR 414/8722 HWT_082073
DNA_REPAIR 415/8722 HWT_083261
DNA_REPAIR 416/8722 HWT_087043
DNA_REPAIR 417/8722 HWT_087949
DNA_REPAIR 418/8722 HWT_090514
DNA_REPAIR 419/8722 HWT_090703
DNA_REPAIR 420/8722 HWT_091004
DNA_REPAIR 421/8722 HWT_091800
DNA_REPAIR 422/8722 HWT_098247
DNA_REPAIR 423/8722 HWT_100100
DNA_REPAIR 424/8722 HWT_104107
DNA_REPAIR 425/8722 HWT_050107
DNA_REPAIR 426/8722 HWT_062050
DNA_REPAIR 427/8722 HWT_075386
DNA_REPAIR 428/8722 HWT_024888
DNA_REPAIR 429/8722 HWT_030632
DNA_REPAIR 430/8722 HWT_037655
DNA_REPAIR 431/8722 HWT_036763
DNA_REPAIR 432/8722 HWT_000326
DNA_REPAIR 433/8722 HWT_000403
DNA_REPAIR 434/8722 HWT_000500
DNA_REPAIR 435/8722 HWT_000578
DNA_REPAIR 436/8722 HWT_001381
DNA_REPAIR 437/8722 HWT_001910
DNA_REPAIR 438/8722 HWT_004266
DNA_REPAIR 439/8722 HWT_004742
DNA_REPAIR 440/8722 HWT_005347
DNA_REPAIR 441/8722 HWT_005885
DNA_REPAIR 442/8722 HWT_006551
DNA_REPAIR 443/8722 HWT_007484
DNA_REPAIR 444/8722 HWT_009642
DNA_REPAIR 445/8722 HWT_010317
DNA_REPAIR 446/8722 HWT_010652
DNA_REPAIR 447/8722 HWT_010665
DNA_REPAIR 448/8722 HWT_010698
DNA_REPAIR 449/8722 HWT_010843
DNA_REPAIR 450/8722 HWT_011270
DNA_REPAIR 451/8722 HWT_011306
DNA_REPAIR 452/8722 HWT_011419
DNA_REPAIR 453/8722 HWT_011495
DNA_REPAIR 454/8722 HWT_011797
DNA_REPAIR 455/8722 HWT_012520
DNA_REPAIR 456/8722 HWT_012550
DNA_REPAIR 457/8722 HWT_012615
DNA_REPAIR 458/8722 HWT_012831
DNA_REPAIR 459/8722 HWT_013122
DNA_REPAIR 460/8722 HWT_013132
DNA_REPAIR 461/8722 HWT_014028
DNA_REPAIR 462/8722 HWT_014570
DNA_REPAIR 463/8722 HWT_015200
DNA_REPAIR 464/8722 HWT_015510
DNA_REPAIR 465/8722 HWT_015863
DNA_REPAIR 466/8722 HWT_016410
DNA_REPAIR 467/8722 HWT_016447
DNA_REPAIR 468/8722 HWT_016720
DNA_REPAIR 469/8722 HWT_016957
DNA_REPAIR 470/8722 HWT_017322
DNA_REPAIR 471/8722 HWT_017511
DNA_REPAIR 472/8722 HWT_017815
DNA_REPAIR 473/8722 HWT_017853
DNA_REPAIR 474/8722 HWT_017879
DNA_REPAIR 475/8722 HWT_017883
DNA_REPAIR 476/8722 HWT_017914
DNA_REPAIR 477/8722 HWT_018260
DNA_REPAIR 478/8722 HWT_018290
DNA_REPAIR 479/8722 HWT_018323
DNA_REPAIR 480/8722 HWT_018544
DNA_REPAIR 481/8722 HWT_018783
DNA_REPAIR 482/8722 HWT_018827
DNA_REPAIR 483/8722 HWT_019137
DNA_REPAIR 484/8722 HWT_019196
DNA_REPAIR 485/8722 HWT_019467
DNA_REPAIR 486/8722 HWT_019756
DNA_REPAIR 487/8722 HWT_020856
DNA_REPAIR 488/8722 HWT_020905
DNA_REPAIR 489/8722 HWT_021915
DNA_REPAIR 490/8722 HWT_022161
DNA_REPAIR 491/8722 HWT_022178
DNA_REPAIR 492/8722 HWT_022701
DNA_REPAIR 493/8722 HWT_023056
DNA_REPAIR 494/8722 HWT_023219
DNA_REPAIR 495/8722 HWT_023561
DNA_REPAIR 496/8722 HWT_023745
DNA_REPAIR 497/8722 HWT_024121
DNA_REPAIR 498/8722 HWT_024959
DNA_REPAIR 499/8722 HWT_026530
DNA_REPAIR 500/8722 HWT_026765
DNA_REPAIR 501/8722 HWT_027015
DNA_REPAIR 502/8722 HWT_027290
DNA_REPAIR 503/8722 HWT_027688
DNA_REPAIR 504/8722 HWT_027889
DNA_REPAIR 505/8722 HWT_027943
DNA_REPAIR 506/8722 HWT_028256
DNA_REPAIR 507/8722 HWT_028539
DNA_REPAIR 508/8722 HWT_028908
DNA_REPAIR 509/8722 HWT_029000
DNA_REPAIR 510/8722 HWT_029170
DNA_REPAIR 511/8722 HWT_029719
DNA_REPAIR 512/8722 HWT_029946
DNA_REPAIR 513/8722 HWT_030014
DNA_REPAIR 514/8722 HWT_030712
DNA_REPAIR 515/8722 HWT_030874
DNA_REPAIR 516/8722 HWT_031499
DNA_REPAIR 517/8722 HWT_031856
DNA_REPAIR 518/8722 HWT_032004
DNA_REPAIR 519/8722 HWT_032711
DNA_REPAIR 520/8722 HWT_033436
DNA_REPAIR 521/8722 HWT_033491
DNA_REPAIR 522/8722 HWT_033821
DNA_REPAIR 523/8722 HWT_034317
DNA_REPAIR 524/8722 HWT_036449
DNA_REPAIR 525/8722 HWT_036459
DNA_REPAIR 526/8722 HWT_036594
DNA_REPAIR 527/8722 HWT_036598
DNA_REPAIR 528/8722 HWT_037262
DNA_REPAIR 529/8722 HWT_037543
DNA_REPAIR 530/8722 HWT_037709
DNA_REPAIR 531/8722 HWT_037845
DNA_REPAIR 532/8722 HWT_037961
DNA_REPAIR 533/8722 HWT_039139
DNA_REPAIR 534/8722 HWT_040101
DNA_REPAIR 535/8722 HWT_040301
DNA_REPAIR 536/8722 HWT_040677
DNA_REPAIR 537/8722 HWT_041402
DNA_REPAIR 538/8722 HWT_041427
DNA_REPAIR 539/8722 HWT_041443
DNA_REPAIR 540/8722 HWT_042488
DNA_REPAIR 541/8722 HWT_043200
DNA_REPAIR 542/8722 HWT_049062
DNA_REPAIR 543/8722 HWT_050930
DNA_REPAIR 544/8722 HWT_051718
DNA_REPAIR 545/8722 HWT_051963
DNA_REPAIR 546/8722 HWT_051964
DNA_REPAIR 547/8722 HWT_052060
DNA_REPAIR 548/8722 HWT_052080
DNA_REPAIR 549/8722 HWT_053359
DNA_REPAIR 550/8722 HWT_054503
DNA_REPAIR 551/8722 HWT_055520
DNA_REPAIR 552/8722 HWT_056465
DNA_REPAIR 553/8722 HWT_057867
DNA_REPAIR 554/8722 HWT_058473
DNA_REPAIR 555/8722 HWT_060091
DNA_REPAIR 556/8722 HWT_061362
DNA_REPAIR 557/8722 HWT_070345
DNA_REPAIR 558/8722 HWT_074564
DNA_REPAIR 559/8722 HWT_083737
DNA_REPAIR 560/8722 HWT_087443
DNA_REPAIR 561/8722 HWT_088323
DNA_REPAIR 562/8722 HWT_090319
DNA_REPAIR 563/8722 HWT_091079
DNA_REPAIR 564/8722 HWT_093604
DNA_REPAIR 565/8722 HWT_095122
DNA_REPAIR 566/8722 HWT_095501
DNA_REPAIR 567/8722 HWT_101264
DNA_REPAIR 568/8722 HWT_103525
DNA_REPAIR 569/8722 HWT_107053
DNA_REPAIR 570/8722 HWT_012933
DNA_REPAIR 571/8722 HWT_089817
DNA_REPAIR 572/8722 HWT_011586
DNA_REPAIR 573/8722 HWT_015953
DNA_REPAIR 574/8722 HWT_036215
DNA_REPAIR 575/8722 HWT_053616
DNA_REPAIR 576/8722 HWT_000599
DNA_REPAIR 577/8722 HWT_007399
DNA_REPAIR 578/8722 HWT_009559
DNA_REPAIR 579/8722 HWT_014274
DNA_REPAIR 580/8722 HWT_016576
DNA_REPAIR 581/8722 HWT_018746
DNA_REPAIR 582/8722 HWT_019948
DNA_REPAIR 583/8722 HWT_021069
DNA_REPAIR 584/8722 HWT_038913
DNA_REPAIR 585/8722 HWT_038934
DNA_REPAIR 586/8722 HWT_039303
DNA_REPAIR 587/8722 HWT_002575
DNA_REPAIR 588/8722 HWT_008109
DNA_REPAIR 589/8722 HWT_010734
DNA_REPAIR 590/8722 HWT_010913
DNA_REPAIR 591/8722 HWT_012382
DNA_REPAIR 592/8722 HWT_012440
DNA_REPAIR 593/8722 HWT_018928
DNA_REPAIR 594/8722 HWT_029407
DNA_REPAIR 595/8722 HWT_032229
DNA_REPAIR 596/8722 HWT_038225
DNA_REPAIR 597/8722 HWT_062245
DNA_REPAIR 598/8722 HWT_001463
DNA_REPAIR 599/8722 HWT_001957
DNA_REPAIR 600/8722 HWT_007555
DNA_REPAIR 601/8722 HWT_009589
DNA_REPAIR 602/8722 HWT_002848
DNA_REPAIR 603/8722 HWT_004057
DNA_REPAIR 604/8722 HWT_010462
DNA_REPAIR 605/8722 HWT_010976
DNA_REPAIR 606/8722 HWT_013490
DNA_REPAIR 607/8722 HWT_016315
DNA_REPAIR 608/8722 HWT_017492
DNA_REPAIR 609/8722 HWT_018569
DNA_REPAIR 610/8722 HWT_019141
DNA_REPAIR 611/8722 HWT_020575
DNA_REPAIR 612/8722 HWT_022474
DNA_REPAIR 613/8722 HWT_027224
DNA_REPAIR 614/8722 HWT_027351
DNA_REPAIR 615/8722 HWT_027705
DNA_REPAIR 616/8722 HWT_036856
DNA_REPAIR 617/8722 HWT_038264
DNA_REPAIR 618/8722 HWT_038820
DNA_REPAIR 619/8722 HWT_039651
DNA_REPAIR 620/8722 HWT_041263
DNA_REPAIR 621/8722 HWT_049881
DNA_REPAIR 622/8722 HWT_050912
DNA_REPAIR 623/8722 HWT_051599
DNA_REPAIR 624/8722 HWT_052668
DNA_REPAIR 625/8722 HWT_052681
DNA_REPAIR 626/8722 HWT_054695
DNA_REPAIR 627/8722 HWT_054750
DNA_REPAIR 628/8722 HWT_055756
DNA_REPAIR 629/8722 HWT_056609
DNA_REPAIR 630/8722 HWT_056836
DNA_REPAIR 631/8722 HWT_058980
DNA_REPAIR 632/8722 HWT_059455
DNA_REPAIR 633/8722 HWT_061244
DNA_REPAIR 634/8722 HWT_062001
DNA_REPAIR 635/8722 HWT_062126
DNA_REPAIR 636/8722 HWT_063260
DNA_REPAIR 637/8722 HWT_063297
DNA_REPAIR 638/8722 HWT_065510
DNA_REPAIR 639/8722 HWT_065883
DNA_REPAIR 640/8722 HWT_074004
DNA_REPAIR 641/8722 HWT_075162
DNA_REPAIR 642/8722 HWT_077912
DNA_REPAIR 643/8722 HWT_078794
DNA_REPAIR 644/8722 HWT_083592
DNA_REPAIR 645/8722 HWT_087973
DNA_REPAIR 646/8722 HWT_095884
DNA_REPAIR 647/8722 HWT_098273
DNA_REPAIR 648/8722 HWT_099987
DNA_REPAIR 649/8722 HWT_100947
DNA_REPAIR 650/8722 HWT_102202
DNA_REPAIR 651/8722 HWT_104518
DNA_REPAIR 652/8722 HWT_104812
DNA_REPAIR 653/8722 HWT_105114
DNA_REPAIR 654/8722 HWT_105540
DNA_REPAIR 655/8722 HWT_107115
DNA_REPAIR 656/8722 HWT_002089
DNA_REPAIR 657/8722 HWT_002156
DNA_REPAIR 658/8722 HWT_003079
DNA_REPAIR 659/8722 HWT_004982
DNA_REPAIR 660/8722 HWT_007388
DNA_REPAIR 661/8722 HWT_016539
DNA_REPAIR 662/8722 HWT_016545
DNA_REPAIR 663/8722 HWT_016753
DNA_REPAIR 664/8722 HWT_017898
DNA_REPAIR 665/8722 HWT_018297
DNA_REPAIR 666/8722 HWT_021057
DNA_REPAIR 667/8722 HWT_021104
DNA_REPAIR 668/8722 HWT_021348
DNA_REPAIR 669/8722 HWT_021576
DNA_REPAIR 670/8722 HWT_022129
DNA_REPAIR 671/8722 HWT_023681
DNA_REPAIR 672/8722 HWT_025664
DNA_REPAIR 673/8722 HWT_026413
DNA_REPAIR 674/8722 HWT_028204
DNA_REPAIR 675/8722 HWT_028251
DNA_REPAIR 676/8722 HWT_029182
DNA_REPAIR 677/8722 HWT_031634
DNA_REPAIR 678/8722 HWT_036440
DNA_REPAIR 679/8722 HWT_036496
DNA_REPAIR 680/8722 HWT_038301
DNA_REPAIR 681/8722 HWT_053714
DNA_REPAIR 682/8722 HWT_053882
DNA_REPAIR 683/8722 HWT_053940
DNA_REPAIR 684/8722 HWT_057957
DNA_REPAIR 685/8722 HWT_059466
DNA_REPAIR 686/8722 HWT_062068
DNA_REPAIR 687/8722 HWT_062136
DNA_REPAIR 688/8722 HWT_065699
DNA_REPAIR 689/8722 HWT_079601
DNA_REPAIR 690/8722 HWT_086755
DNA_REPAIR 691/8722 HWT_008785
DNA_REPAIR 692/8722 HWT_009062
DNA_REPAIR 693/8722 HWT_009781
DNA_REPAIR 694/8722 HWT_012240
DNA_REPAIR 695/8722 HWT_012255
DNA_REPAIR 696/8722 HWT_013547
DNA_REPAIR 697/8722 HWT_015150
DNA_REPAIR 698/8722 HWT_016769
DNA_REPAIR 699/8722 HWT_017399
DNA_REPAIR 700/8722 HWT_018865
DNA_REPAIR 701/8722 HWT_021403
DNA_REPAIR 702/8722 HWT_022356
DNA_REPAIR 703/8722 HWT_026366
DNA_REPAIR 704/8722 HWT_026997
DNA_REPAIR 705/8722 HWT_028119
DNA_REPAIR 706/8722 HWT_028448
DNA_REPAIR 707/8722 HWT_029296
DNA_REPAIR 708/8722 HWT_035591
DNA_REPAIR 709/8722 HWT_052367
DNA_REPAIR 710/8722 HWT_056276
DNA_REPAIR 711/8722 HWT_056332
DNA_REPAIR 712/8722 HWT_056954
DNA_REPAIR 713/8722 HWT_059142
DNA_REPAIR 714/8722 HWT_060883
DNA_REPAIR 715/8722 HWT_061042
DNA_REPAIR 716/8722 HWT_061051
DNA_REPAIR 717/8722 HWT_062607
DNA_REPAIR 718/8722 HWT_063026
DNA_REPAIR 719/8722 HWT_063644
DNA_REPAIR 720/8722 HWT_063921
DNA_REPAIR 721/8722 HWT_068308
DNA_REPAIR 722/8722 HWT_071282
DNA_REPAIR 723/8722 HWT_075366
DNA_REPAIR 724/8722 HWT_075630
DNA_REPAIR 725/8722 HWT_077532
DNA_REPAIR 726/8722 HWT_079817
DNA_REPAIR 727/8722 HWT_082346
DNA_REPAIR 728/8722 HWT_083504
DNA_REPAIR 729/8722 HWT_085595
DNA_REPAIR 730/8722 HWT_087637
DNA_REPAIR 731/8722 HWT_087868
DNA_REPAIR 732/8722 HWT_090717
DNA_REPAIR 733/8722 HWT_096249
DNA_REPAIR 734/8722 HWT_098189
DNA_REPAIR 735/8722 HWT_099602
DNA_REPAIR 736/8722 HWT_100486
DNA_REPAIR 737/8722 HWT_100864
DNA_REPAIR 738/8722 HWT_101247
DNA_REPAIR 739/8722 HWT_102728
DNA_REPAIR 740/8722 HWT_102948
DNA_REPAIR 741/8722 HWT_104588
DNA_REPAIR 742/8722 HWT_104886
DNA_REPAIR 743/8722 HWT_106937
DNA_REPAIR 744/8722 HWT_063656
DNA_REPAIR 745/8722 HWT_000030
DNA_REPAIR 746/8722 HWT_000046
DNA_REPAIR 747/8722 HWT_000487
DNA_REPAIR 748/8722 HWT_000595
DNA_REPAIR 749/8722 HWT_000596
DNA_REPAIR 750/8722 HWT_000780
DNA_REPAIR 751/8722 HWT_000809
DNA_REPAIR 752/8722 HWT_000813
DNA_REPAIR 753/8722 HWT_001125
DNA_REPAIR 754/8722 HWT_001263
DNA_REPAIR 755/8722 HWT_001383
DNA_REPAIR 756/8722 HWT_001916
DNA_REPAIR 757/8722 HWT_001946
DNA_REPAIR 758/8722 HWT_002037
DNA_REPAIR 759/8722 HWT_002051
DNA_REPAIR 760/8722 HWT_002393
DNA_REPAIR 761/8722 HWT_002568
DNA_REPAIR 762/8722 HWT_002571
DNA_REPAIR 763/8722 HWT_002705
DNA_REPAIR 764/8722 HWT_003008
DNA_REPAIR 765/8722 HWT_003027
DNA_REPAIR 766/8722 HWT_003086
DNA_REPAIR 767/8722 HWT_003123
DNA_REPAIR 768/8722 HWT_003235
DNA_REPAIR 769/8722 HWT_003240
DNA_REPAIR 770/8722 HWT_003256
DNA_REPAIR 771/8722 HWT_003369
DNA_REPAIR 772/8722 HWT_003401
DNA_REPAIR 773/8722 HWT_003525
DNA_REPAIR 774/8722 HWT_003707
DNA_REPAIR 775/8722 HWT_003919
DNA_REPAIR 776/8722 HWT_004005
DNA_REPAIR 777/8722 HWT_004374
DNA_REPAIR 778/8722 HWT_004633
DNA_REPAIR 779/8722 HWT_004655
DNA_REPAIR 780/8722 HWT_004662
DNA_REPAIR 781/8722 HWT_004690
DNA_REPAIR 782/8722 HWT_004858
DNA_REPAIR 783/8722 HWT_005049
DNA_REPAIR 784/8722 HWT_005332
DNA_REPAIR 785/8722 HWT_005486
DNA_REPAIR 786/8722 HWT_005503
DNA_REPAIR 787/8722 HWT_005588
DNA_REPAIR 788/8722 HWT_005866
DNA_REPAIR 789/8722 HWT_006322
DNA_REPAIR 790/8722 HWT_006365
DNA_REPAIR 791/8722 HWT_006402
DNA_REPAIR 792/8722 HWT_006439
DNA_REPAIR 793/8722 HWT_006946
DNA_REPAIR 794/8722 HWT_006961
DNA_REPAIR 795/8722 HWT_006975
DNA_REPAIR 796/8722 HWT_007012
DNA_REPAIR 797/8722 HWT_007158
DNA_REPAIR 798/8722 HWT_007218
DNA_REPAIR 799/8722 HWT_007232
DNA_REPAIR 800/8722 HWT_007374
DNA_REPAIR 801/8722 HWT_007771
DNA_REPAIR 802/8722 HWT_007813
DNA_REPAIR 803/8722 HWT_007965
DNA_REPAIR 804/8722 HWT_008025
DNA_REPAIR 805/8722 HWT_008139
DNA_REPAIR 806/8722 HWT_008173
DNA_REPAIR 807/8722 HWT_008256
DNA_REPAIR 808/8722 HWT_008263
DNA_REPAIR 809/8722 HWT_008473
DNA_REPAIR 810/8722 HWT_008476
DNA_REPAIR 811/8722 HWT_008520
DNA_REPAIR 812/8722 HWT_008524
DNA_REPAIR 813/8722 HWT_008642
DNA_REPAIR 814/8722 HWT_008870
DNA_REPAIR 815/8722 HWT_008917
DNA_REPAIR 816/8722 HWT_009055
DNA_REPAIR 817/8722 HWT_009213
DNA_REPAIR 818/8722 HWT_009233
DNA_REPAIR 819/8722 HWT_009235
DNA_REPAIR 820/8722 HWT_009444
DNA_REPAIR 821/8722 HWT_009475
DNA_REPAIR 822/8722 HWT_009523
DNA_REPAIR 823/8722 HWT_009643
DNA_REPAIR 824/8722 HWT_009720
DNA_REPAIR 825/8722 HWT_009981
DNA_REPAIR 826/8722 HWT_010125
DNA_REPAIR 827/8722 HWT_010235
DNA_REPAIR 828/8722 HWT_010284
DNA_REPAIR 829/8722 HWT_010301
DNA_REPAIR 830/8722 HWT_010544
DNA_REPAIR 831/8722 HWT_010702
DNA_REPAIR 832/8722 HWT_010711
DNA_REPAIR 833/8722 HWT_010978
DNA_REPAIR 834/8722 HWT_011212
DNA_REPAIR 835/8722 HWT_011234
DNA_REPAIR 836/8722 HWT_011309
DNA_REPAIR 837/8722 HWT_011377
DNA_REPAIR 838/8722 HWT_011520
DNA_REPAIR 839/8722 HWT_011566
DNA_REPAIR 840/8722 HWT_011655
DNA_REPAIR 841/8722 HWT_011675
DNA_REPAIR 842/8722 HWT_011731
DNA_REPAIR 843/8722 HWT_011812
DNA_REPAIR 844/8722 HWT_012187
DNA_REPAIR 845/8722 HWT_012228
DNA_REPAIR 846/8722 HWT_012331
DNA_REPAIR 847/8722 HWT_012333
DNA_REPAIR 848/8722 HWT_012391
DNA_REPAIR 849/8722 HWT_012732
DNA_REPAIR 850/8722 HWT_012735
DNA_REPAIR 851/8722 HWT_012804
DNA_REPAIR 852/8722 HWT_012882
DNA_REPAIR 853/8722 HWT_012939
DNA_REPAIR 854/8722 HWT_012986
DNA_REPAIR 855/8722 HWT_013059
DNA_REPAIR 856/8722 HWT_013108
DNA_REPAIR 857/8722 HWT_013233
DNA_REPAIR 858/8722 HWT_013322
DNA_REPAIR 859/8722 HWT_013336
DNA_REPAIR 860/8722 HWT_013365
DNA_REPAIR 861/8722 HWT_013508
DNA_REPAIR 862/8722 HWT_013534
DNA_REPAIR 863/8722 HWT_013576
DNA_REPAIR 864/8722 HWT_013609
DNA_REPAIR 865/8722 HWT_013674
DNA_REPAIR 866/8722 HWT_013682
DNA_REPAIR 867/8722 HWT_013692
DNA_REPAIR 868/8722 HWT_013715
DNA_REPAIR 869/8722 HWT_013997
DNA_REPAIR 870/8722 HWT_014111
DNA_REPAIR 871/8722 HWT_014159
DNA_REPAIR 872/8722 HWT_014176
DNA_REPAIR 873/8722 HWT_014298
DNA_REPAIR 874/8722 HWT_014339
DNA_REPAIR 875/8722 HWT_014397
DNA_REPAIR 876/8722 HWT_014491
DNA_REPAIR 877/8722 HWT_014492
DNA_REPAIR 878/8722 HWT_014582
DNA_REPAIR 879/8722 HWT_014715
DNA_REPAIR 880/8722 HWT_014773
DNA_REPAIR 881/8722 HWT_014789
DNA_REPAIR 882/8722 HWT_014791
DNA_REPAIR 883/8722 HWT_014833
DNA_REPAIR 884/8722 HWT_014835
DNA_REPAIR 885/8722 HWT_015030
DNA_REPAIR 886/8722 HWT_015033
DNA_REPAIR 887/8722 HWT_015036
DNA_REPAIR 888/8722 HWT_015057
DNA_REPAIR 889/8722 HWT_015175
DNA_REPAIR 890/8722 HWT_015176
DNA_REPAIR 891/8722 HWT_015308
DNA_REPAIR 892/8722 HWT_015323
DNA_REPAIR 893/8722 HWT_015391
DNA_REPAIR 894/8722 HWT_015393
DNA_REPAIR 895/8722 HWT_015418
DNA_REPAIR 896/8722 HWT_015442
DNA_REPAIR 897/8722 HWT_015478
DNA_REPAIR 898/8722 HWT_015488
DNA_REPAIR 899/8722 HWT_015533
DNA_REPAIR 900/8722 HWT_015614
DNA_REPAIR 901/8722 HWT_015795
DNA_REPAIR 902/8722 HWT_015801
DNA_REPAIR 903/8722 HWT_015871
DNA_REPAIR 904/8722 HWT_016094
DNA_REPAIR 905/8722 HWT_016111
DNA_REPAIR 906/8722 HWT_016340
DNA_REPAIR 907/8722 HWT_016387
DNA_REPAIR 908/8722 HWT_016435
DNA_REPAIR 909/8722 HWT_016439
DNA_REPAIR 910/8722 HWT_016587
DNA_REPAIR 911/8722 HWT_016688
DNA_REPAIR 912/8722 HWT_016750
DNA_REPAIR 913/8722 HWT_016832
DNA_REPAIR 914/8722 HWT_017042
DNA_REPAIR 915/8722 HWT_017100
DNA_REPAIR 916/8722 HWT_017137
DNA_REPAIR 917/8722 HWT_017337
DNA_REPAIR 918/8722 HWT_017394
DNA_REPAIR 919/8722 HWT_017461
DNA_REPAIR 920/8722 HWT_017572
DNA_REPAIR 921/8722 HWT_017589
DNA_REPAIR 922/8722 HWT_017809
DNA_REPAIR 923/8722 HWT_017880
DNA_REPAIR 924/8722 HWT_017890
DNA_REPAIR 925/8722 HWT_017977
DNA_REPAIR 926/8722 HWT_018002
DNA_REPAIR 927/8722 HWT_018051
DNA_REPAIR 928/8722 HWT_018092
DNA_REPAIR 929/8722 HWT_018512
DNA_REPAIR 930/8722 HWT_018793
DNA_REPAIR 931/8722 HWT_018925
DNA_REPAIR 932/8722 HWT_019100
DNA_REPAIR 933/8722 HWT_019207
DNA_REPAIR 934/8722 HWT_019312
DNA_REPAIR 935/8722 HWT_019380
DNA_REPAIR 936/8722 HWT_019458
DNA_REPAIR 937/8722 HWT_019525
DNA_REPAIR 938/8722 HWT_019567
DNA_REPAIR 939/8722 HWT_019605
DNA_REPAIR 940/8722 HWT_019689
DNA_REPAIR 941/8722 HWT_019742
DNA_REPAIR 942/8722 HWT_019793
DNA_REPAIR 943/8722 HWT_019863
DNA_REPAIR 944/8722 HWT_020157
DNA_REPAIR 945/8722 HWT_020187
DNA_REPAIR 946/8722 HWT_020204
DNA_REPAIR 947/8722 HWT_020209
DNA_REPAIR 948/8722 HWT_020284
DNA_REPAIR 949/8722 HWT_020290
DNA_REPAIR 950/8722 HWT_020534
DNA_REPAIR 951/8722 HWT_020536
DNA_REPAIR 952/8722 HWT_020648
DNA_REPAIR 953/8722 HWT_020729
DNA_REPAIR 954/8722 HWT_020741
DNA_REPAIR 955/8722 HWT_020764
DNA_REPAIR 956/8722 HWT_020847
DNA_REPAIR 957/8722 HWT_020854
DNA_REPAIR 958/8722 HWT_020944
DNA_REPAIR 959/8722 HWT_021059
DNA_REPAIR 960/8722 HWT_021075
DNA_REPAIR 961/8722 HWT_021103
DNA_REPAIR 962/8722 HWT_021109
DNA_REPAIR 963/8722 HWT_021121
DNA_REPAIR 964/8722 HWT_021159
DNA_REPAIR 965/8722 HWT_021172
DNA_REPAIR 966/8722 HWT_021208
DNA_REPAIR 967/8722 HWT_021243
DNA_REPAIR 968/8722 HWT_021318
DNA_REPAIR 969/8722 HWT_021615
DNA_REPAIR 970/8722 HWT_021618
DNA_REPAIR 971/8722 HWT_021801
DNA_REPAIR 972/8722 HWT_021851
DNA_REPAIR 973/8722 HWT_021876
DNA_REPAIR 974/8722 HWT_021897
DNA_REPAIR 975/8722 HWT_021903
DNA_REPAIR 976/8722 HWT_022111
DNA_REPAIR 977/8722 HWT_022156
DNA_REPAIR 978/8722 HWT_022160
DNA_REPAIR 979/8722 HWT_022329
DNA_REPAIR 980/8722 HWT_022349
DNA_REPAIR 981/8722 HWT_022379
DNA_REPAIR 982/8722 HWT_022411
DNA_REPAIR 983/8722 HWT_022436
DNA_REPAIR 984/8722 HWT_022475
DNA_REPAIR 985/8722 HWT_022482
DNA_REPAIR 986/8722 HWT_022503
DNA_REPAIR 987/8722 HWT_022518
DNA_REPAIR 988/8722 HWT_022615
DNA_REPAIR 989/8722 HWT_022667
DNA_REPAIR 990/8722 HWT_022710
DNA_REPAIR 991/8722 HWT_022719
DNA_REPAIR 992/8722 HWT_022746
DNA_REPAIR 993/8722 HWT_022749
DNA_REPAIR 994/8722 HWT_022815
DNA_REPAIR 995/8722 HWT_022857
DNA_REPAIR 996/8722 HWT_022897
DNA_REPAIR 997/8722 HWT_022935
DNA_REPAIR 998/8722 HWT_023106
DNA_REPAIR 999/8722 HWT_023112
DNA_REPAIR 1000/8722 HWT_023135
DNA_REPAIR 1001/8722 HWT_023145
DNA_REPAIR 1002/8722 HWT_023161
DNA_REPAIR 1003/8722 HWT_023177
DNA_REPAIR 1004/8722 HWT_023283
DNA_REPAIR 1005/8722 HWT_023326
DNA_REPAIR 1006/8722 HWT_023375
DNA_REPAIR 1007/8722 HWT_023565
DNA_REPAIR 1008/8722 HWT_023630
DNA_REPAIR 1009/8722 HWT_023728
DNA_REPAIR 1010/8722 HWT_023785
DNA_REPAIR 1011/8722 HWT_023806
DNA_REPAIR 1012/8722 HWT_023905
DNA_REPAIR 1013/8722 HWT_024146
DNA_REPAIR 1014/8722 HWT_024164
DNA_REPAIR 1015/8722 HWT_024200
DNA_REPAIR 1016/8722 HWT_024521
DNA_REPAIR 1017/8722 HWT_024604
DNA_REPAIR 1018/8722 HWT_024741
DNA_REPAIR 1019/8722 HWT_024770
DNA_REPAIR 1020/8722 HWT_024850
DNA_REPAIR 1021/8722 HWT_024938
DNA_REPAIR 1022/8722 HWT_025044
DNA_REPAIR 1023/8722 HWT_025121
DNA_REPAIR 1024/8722 HWT_025255
DNA_REPAIR 1025/8722 HWT_025346
DNA_REPAIR 1026/8722 HWT_025408
DNA_REPAIR 1027/8722 HWT_025489
DNA_REPAIR 1028/8722 HWT_025535
DNA_REPAIR 1029/8722 HWT_025669
DNA_REPAIR 1030/8722 HWT_025670
DNA_REPAIR 1031/8722 HWT_025914
DNA_REPAIR 1032/8722 HWT_026093
DNA_REPAIR 1033/8722 HWT_026156
DNA_REPAIR 1034/8722 HWT_026177
DNA_REPAIR 1035/8722 HWT_026368
DNA_REPAIR 1036/8722 HWT_026383
DNA_REPAIR 1037/8722 HWT_026425
DNA_REPAIR 1038/8722 HWT_026459
DNA_REPAIR 1039/8722 HWT_026462
DNA_REPAIR 1040/8722 HWT_026505
DNA_REPAIR 1041/8722 HWT_026557
DNA_REPAIR 1042/8722 HWT_026662
DNA_REPAIR 1043/8722 HWT_026877
DNA_REPAIR 1044/8722 HWT_026906
DNA_REPAIR 1045/8722 HWT_026956
DNA_REPAIR 1046/8722 HWT_026970
DNA_REPAIR 1047/8722 HWT_026983
DNA_REPAIR 1048/8722 HWT_026992
DNA_REPAIR 1049/8722 HWT_027062
DNA_REPAIR 1050/8722 HWT_027067
DNA_REPAIR 1051/8722 HWT_027116
DNA_REPAIR 1052/8722 HWT_027240
DNA_REPAIR 1053/8722 HWT_027299
DNA_REPAIR 1054/8722 HWT_027495
DNA_REPAIR 1055/8722 HWT_027730
DNA_REPAIR 1056/8722 HWT_027751
DNA_REPAIR 1057/8722 HWT_027906
DNA_REPAIR 1058/8722 HWT_027969
DNA_REPAIR 1059/8722 HWT_027986
DNA_REPAIR 1060/8722 HWT_027995
DNA_REPAIR 1061/8722 HWT_028183
DNA_REPAIR 1062/8722 HWT_028264
DNA_REPAIR 1063/8722 HWT_028446
DNA_REPAIR 1064/8722 HWT_028620
DNA_REPAIR 1065/8722 HWT_028651
DNA_REPAIR 1066/8722 HWT_028741
DNA_REPAIR 1067/8722 HWT_028966
DNA_REPAIR 1068/8722 HWT_029106
DNA_REPAIR 1069/8722 HWT_029300
DNA_REPAIR 1070/8722 HWT_029606
DNA_REPAIR 1071/8722 HWT_029621
DNA_REPAIR 1072/8722 HWT_029908
DNA_REPAIR 1073/8722 HWT_030426
DNA_REPAIR 1074/8722 HWT_030517
DNA_REPAIR 1075/8722 HWT_030665
DNA_REPAIR 1076/8722 HWT_030842
DNA_REPAIR 1077/8722 HWT_030852
DNA_REPAIR 1078/8722 HWT_030860
DNA_REPAIR 1079/8722 HWT_031301
DNA_REPAIR 1080/8722 HWT_031306
DNA_REPAIR 1081/8722 HWT_031485
DNA_REPAIR 1082/8722 HWT_031534
DNA_REPAIR 1083/8722 HWT_031545
DNA_REPAIR 1084/8722 HWT_031566
DNA_REPAIR 1085/8722 HWT_031669
DNA_REPAIR 1086/8722 HWT_032463
DNA_REPAIR 1087/8722 HWT_032478
DNA_REPAIR 1088/8722 HWT_032539
DNA_REPAIR 1089/8722 HWT_032559
DNA_REPAIR 1090/8722 HWT_032599
DNA_REPAIR 1091/8722 HWT_032611
DNA_REPAIR 1092/8722 HWT_032624
DNA_REPAIR 1093/8722 HWT_032645
DNA_REPAIR 1094/8722 HWT_032728
DNA_REPAIR 1095/8722 HWT_032747
DNA_REPAIR 1096/8722 HWT_032913
DNA_REPAIR 1097/8722 HWT_033215
DNA_REPAIR 1098/8722 HWT_033356
DNA_REPAIR 1099/8722 HWT_033462
DNA_REPAIR 1100/8722 HWT_033799
DNA_REPAIR 1101/8722 HWT_034004
DNA_REPAIR 1102/8722 HWT_034049
DNA_REPAIR 1103/8722 HWT_034089
DNA_REPAIR 1104/8722 HWT_034169
DNA_REPAIR 1105/8722 HWT_034227
DNA_REPAIR 1106/8722 HWT_034273
DNA_REPAIR 1107/8722 HWT_034336
DNA_REPAIR 1108/8722 HWT_034623
DNA_REPAIR 1109/8722 HWT_034847
DNA_REPAIR 1110/8722 HWT_034996
DNA_REPAIR 1111/8722 HWT_035046
DNA_REPAIR 1112/8722 HWT_035072
DNA_REPAIR 1113/8722 HWT_035100
DNA_REPAIR 1114/8722 HWT_035108
DNA_REPAIR 1115/8722 HWT_035243
DNA_REPAIR 1116/8722 HWT_035323
DNA_REPAIR 1117/8722 HWT_035477
DNA_REPAIR 1118/8722 HWT_035523
DNA_REPAIR 1119/8722 HWT_035595
DNA_REPAIR 1120/8722 HWT_035714
DNA_REPAIR 1121/8722 HWT_035785
DNA_REPAIR 1122/8722 HWT_035812
DNA_REPAIR 1123/8722 HWT_035848
DNA_REPAIR 1124/8722 HWT_035873
DNA_REPAIR 1125/8722 HWT_035877
DNA_REPAIR 1126/8722 HWT_035896
DNA_REPAIR 1127/8722 HWT_035917
DNA_REPAIR 1128/8722 HWT_036046
DNA_REPAIR 1129/8722 HWT_036085
DNA_REPAIR 1130/8722 HWT_036243
DNA_REPAIR 1131/8722 HWT_036263
DNA_REPAIR 1132/8722 HWT_036314
DNA_REPAIR 1133/8722 HWT_036322
DNA_REPAIR 1134/8722 HWT_036373
DNA_REPAIR 1135/8722 HWT_036419
DNA_REPAIR 1136/8722 HWT_036431
DNA_REPAIR 1137/8722 HWT_036552
DNA_REPAIR 1138/8722 HWT_036945
DNA_REPAIR 1139/8722 HWT_036966
DNA_REPAIR 1140/8722 HWT_037000
DNA_REPAIR 1141/8722 HWT_037246
DNA_REPAIR 1142/8722 HWT_037371
DNA_REPAIR 1143/8722 HWT_037606
DNA_REPAIR 1144/8722 HWT_037629
DNA_REPAIR 1145/8722 HWT_037645
DNA_REPAIR 1146/8722 HWT_037666
DNA_REPAIR 1147/8722 HWT_037955
DNA_REPAIR 1148/8722 HWT_038063
DNA_REPAIR 1149/8722 HWT_038253
DNA_REPAIR 1150/8722 HWT_038266
DNA_REPAIR 1151/8722 HWT_038282
DNA_REPAIR 1152/8722 HWT_038430
DNA_REPAIR 1153/8722 HWT_038483
DNA_REPAIR 1154/8722 HWT_038494
DNA_REPAIR 1155/8722 HWT_038730
DNA_REPAIR 1156/8722 HWT_038761
DNA_REPAIR 1157/8722 HWT_038793
DNA_REPAIR 1158/8722 HWT_038895
DNA_REPAIR 1159/8722 HWT_039008
DNA_REPAIR 1160/8722 HWT_039094
DNA_REPAIR 1161/8722 HWT_039106
DNA_REPAIR 1162/8722 HWT_039119
DNA_REPAIR 1163/8722 HWT_039176
DNA_REPAIR 1164/8722 HWT_039188
DNA_REPAIR 1165/8722 HWT_039208
DNA_REPAIR 1166/8722 HWT_039290
DNA_REPAIR 1167/8722 HWT_039529
DNA_REPAIR 1168/8722 HWT_039684
DNA_REPAIR 1169/8722 HWT_039699
DNA_REPAIR 1170/8722 HWT_039717
DNA_REPAIR 1171/8722 HWT_039719
DNA_REPAIR 1172/8722 HWT_039757
DNA_REPAIR 1173/8722 HWT_040038
DNA_REPAIR 1174/8722 HWT_040153
DNA_REPAIR 1175/8722 HWT_040154
DNA_REPAIR 1176/8722 HWT_040563
DNA_REPAIR 1177/8722 HWT_040732
DNA_REPAIR 1178/8722 HWT_041351
DNA_REPAIR 1179/8722 HWT_041388
DNA_REPAIR 1180/8722 HWT_041589
DNA_REPAIR 1181/8722 HWT_041591
DNA_REPAIR 1182/8722 HWT_041742
DNA_REPAIR 1183/8722 HWT_041864
DNA_REPAIR 1184/8722 HWT_041868
DNA_REPAIR 1185/8722 HWT_042071
DNA_REPAIR 1186/8722 HWT_042082
DNA_REPAIR 1187/8722 HWT_042117
DNA_REPAIR 1188/8722 HWT_042277
DNA_REPAIR 1189/8722 HWT_042459
DNA_REPAIR 1190/8722 HWT_042731
DNA_REPAIR 1191/8722 HWT_042745
DNA_REPAIR 1192/8722 HWT_042963
DNA_REPAIR 1193/8722 HWT_043187
DNA_REPAIR 1194/8722 HWT_043333
DNA_REPAIR 1195/8722 HWT_043368
DNA_REPAIR 1196/8722 HWT_043743
DNA_REPAIR 1197/8722 HWT_043960
DNA_REPAIR 1198/8722 HWT_044279
DNA_REPAIR 1199/8722 HWT_044281
DNA_REPAIR 1200/8722 HWT_044350
DNA_REPAIR 1201/8722 HWT_044407
DNA_REPAIR 1202/8722 HWT_045057
DNA_REPAIR 1203/8722 HWT_045222
DNA_REPAIR 1204/8722 HWT_045629
DNA_REPAIR 1205/8722 HWT_045904
DNA_REPAIR 1206/8722 HWT_046400
DNA_REPAIR 1207/8722 HWT_046983
DNA_REPAIR 1208/8722 HWT_047430
DNA_REPAIR 1209/8722 HWT_047934
DNA_REPAIR 1210/8722 HWT_047968
DNA_REPAIR 1211/8722 HWT_048245
DNA_REPAIR 1212/8722 HWT_048558
DNA_REPAIR 1213/8722 HWT_048561
DNA_REPAIR 1214/8722 HWT_048625
DNA_REPAIR 1215/8722 HWT_048747
DNA_REPAIR 1216/8722 HWT_049278
DNA_REPAIR 1217/8722 HWT_049521
DNA_REPAIR 1218/8722 HWT_049522
DNA_REPAIR 1219/8722 HWT_049589
DNA_REPAIR 1220/8722 HWT_049629
DNA_REPAIR 1221/8722 HWT_049652
DNA_REPAIR 1222/8722 HWT_049726
DNA_REPAIR 1223/8722 HWT_049730
DNA_REPAIR 1224/8722 HWT_049818
DNA_REPAIR 1225/8722 HWT_049841
DNA_REPAIR 1226/8722 HWT_049894
DNA_REPAIR 1227/8722 HWT_049907
DNA_REPAIR 1228/8722 HWT_049915
DNA_REPAIR 1229/8722 HWT_049976
DNA_REPAIR 1230/8722 HWT_050017
DNA_REPAIR 1231/8722 HWT_050095
DNA_REPAIR 1232/8722 HWT_050121
DNA_REPAIR 1233/8722 HWT_050265
DNA_REPAIR 1234/8722 HWT_050327
DNA_REPAIR 1235/8722 HWT_050415
DNA_REPAIR 1236/8722 HWT_050472
DNA_REPAIR 1237/8722 HWT_050490
DNA_REPAIR 1238/8722 HWT_050551
DNA_REPAIR 1239/8722 HWT_050604
DNA_REPAIR 1240/8722 HWT_050680
DNA_REPAIR 1241/8722 HWT_050683
DNA_REPAIR 1242/8722 HWT_050796
DNA_REPAIR 1243/8722 HWT_050839
DNA_REPAIR 1244/8722 HWT_050845
DNA_REPAIR 1245/8722 HWT_050850
DNA_REPAIR 1246/8722 HWT_050980
DNA_REPAIR 1247/8722 HWT_051003
DNA_REPAIR 1248/8722 HWT_051052
DNA_REPAIR 1249/8722 HWT_051061
DNA_REPAIR 1250/8722 HWT_051159
DNA_REPAIR 1251/8722 HWT_051165
DNA_REPAIR 1252/8722 HWT_051178
DNA_REPAIR 1253/8722 HWT_051198
DNA_REPAIR 1254/8722 HWT_051266
DNA_REPAIR 1255/8722 HWT_051280
DNA_REPAIR 1256/8722 HWT_051287
DNA_REPAIR 1257/8722 HWT_051452
DNA_REPAIR 1258/8722 HWT_051461
DNA_REPAIR 1259/8722 HWT_051469
DNA_REPAIR 1260/8722 HWT_051476
DNA_REPAIR 1261/8722 HWT_051502
DNA_REPAIR 1262/8722 HWT_051600
DNA_REPAIR 1263/8722 HWT_051634
DNA_REPAIR 1264/8722 HWT_051638
DNA_REPAIR 1265/8722 HWT_051647
DNA_REPAIR 1266/8722 HWT_051692
DNA_REPAIR 1267/8722 HWT_051704
DNA_REPAIR 1268/8722 HWT_051725
DNA_REPAIR 1269/8722 HWT_051805
DNA_REPAIR 1270/8722 HWT_051889
DNA_REPAIR 1271/8722 HWT_051894
DNA_REPAIR 1272/8722 HWT_051905
DNA_REPAIR 1273/8722 HWT_051920
DNA_REPAIR 1274/8722 HWT_051939
DNA_REPAIR 1275/8722 HWT_052004
DNA_REPAIR 1276/8722 HWT_052007
DNA_REPAIR 1277/8722 HWT_052012
DNA_REPAIR 1278/8722 HWT_052075
DNA_REPAIR 1279/8722 HWT_052120
DNA_REPAIR 1280/8722 HWT_052149
DNA_REPAIR 1281/8722 HWT_052228
DNA_REPAIR 1282/8722 HWT_052230
DNA_REPAIR 1283/8722 HWT_052255
DNA_REPAIR 1284/8722 HWT_052303
DNA_REPAIR 1285/8722 HWT_052369
DNA_REPAIR 1286/8722 HWT_052429
DNA_REPAIR 1287/8722 HWT_052577
DNA_REPAIR 1288/8722 HWT_052582
DNA_REPAIR 1289/8722 HWT_052601
DNA_REPAIR 1290/8722 HWT_052711
DNA_REPAIR 1291/8722 HWT_052889
DNA_REPAIR 1292/8722 HWT_052906
DNA_REPAIR 1293/8722 HWT_052924
DNA_REPAIR 1294/8722 HWT_052985
DNA_REPAIR 1295/8722 HWT_053002
DNA_REPAIR 1296/8722 HWT_053033
DNA_REPAIR 1297/8722 HWT_053082
DNA_REPAIR 1298/8722 HWT_053179
DNA_REPAIR 1299/8722 HWT_053209
DNA_REPAIR 1300/8722 HWT_053225
DNA_REPAIR 1301/8722 HWT_053349
DNA_REPAIR 1302/8722 HWT_053416
DNA_REPAIR 1303/8722 HWT_053423
DNA_REPAIR 1304/8722 HWT_053469
DNA_REPAIR 1305/8722 HWT_053498
DNA_REPAIR 1306/8722 HWT_053543
DNA_REPAIR 1307/8722 HWT_053643
DNA_REPAIR 1308/8722 HWT_053699
DNA_REPAIR 1309/8722 HWT_053744
DNA_REPAIR 1310/8722 HWT_053755
DNA_REPAIR 1311/8722 HWT_053784
DNA_REPAIR 1312/8722 HWT_053863
DNA_REPAIR 1313/8722 HWT_053909
DNA_REPAIR 1314/8722 HWT_053953
DNA_REPAIR 1315/8722 HWT_053977
DNA_REPAIR 1316/8722 HWT_054081
DNA_REPAIR 1317/8722 HWT_054146
DNA_REPAIR 1318/8722 HWT_054188
DNA_REPAIR 1319/8722 HWT_054298
DNA_REPAIR 1320/8722 HWT_054342
DNA_REPAIR 1321/8722 HWT_054390
DNA_REPAIR 1322/8722 HWT_054433
DNA_REPAIR 1323/8722 HWT_054445
DNA_REPAIR 1324/8722 HWT_054470
DNA_REPAIR 1325/8722 HWT_054474
DNA_REPAIR 1326/8722 HWT_054624
DNA_REPAIR 1327/8722 HWT_054643
DNA_REPAIR 1328/8722 HWT_054797
DNA_REPAIR 1329/8722 HWT_054849
DNA_REPAIR 1330/8722 HWT_054909
DNA_REPAIR 1331/8722 HWT_054923
DNA_REPAIR 1332/8722 HWT_054928
DNA_REPAIR 1333/8722 HWT_055027
DNA_REPAIR 1334/8722 HWT_055039
DNA_REPAIR 1335/8722 HWT_055093
DNA_REPAIR 1336/8722 HWT_055222
DNA_REPAIR 1337/8722 HWT_055232
DNA_REPAIR 1338/8722 HWT_055390
DNA_REPAIR 1339/8722 HWT_055442
DNA_REPAIR 1340/8722 HWT_055546
DNA_REPAIR 1341/8722 HWT_055590
DNA_REPAIR 1342/8722 HWT_055712
DNA_REPAIR 1343/8722 HWT_055742
DNA_REPAIR 1344/8722 HWT_055770
DNA_REPAIR 1345/8722 HWT_055779
DNA_REPAIR 1346/8722 HWT_055783
DNA_REPAIR 1347/8722 HWT_055805
DNA_REPAIR 1348/8722 HWT_055870
DNA_REPAIR 1349/8722 HWT_055885
DNA_REPAIR 1350/8722 HWT_055902
DNA_REPAIR 1351/8722 HWT_055957
DNA_REPAIR 1352/8722 HWT_055958
DNA_REPAIR 1353/8722 HWT_056095
DNA_REPAIR 1354/8722 HWT_056118
DNA_REPAIR 1355/8722 HWT_056124
DNA_REPAIR 1356/8722 HWT_056127
DNA_REPAIR 1357/8722 HWT_056226
DNA_REPAIR 1358/8722 HWT_056229
DNA_REPAIR 1359/8722 HWT_056297
DNA_REPAIR 1360/8722 HWT_056318
DNA_REPAIR 1361/8722 HWT_056338
DNA_REPAIR 1362/8722 HWT_056437
DNA_REPAIR 1363/8722 HWT_056462
DNA_REPAIR 1364/8722 HWT_056535
DNA_REPAIR 1365/8722 HWT_056541
DNA_REPAIR 1366/8722 HWT_056551
DNA_REPAIR 1367/8722 HWT_056584
DNA_REPAIR 1368/8722 HWT_056712
DNA_REPAIR 1369/8722 HWT_056722
DNA_REPAIR 1370/8722 HWT_056724
DNA_REPAIR 1371/8722 HWT_056758
DNA_REPAIR 1372/8722 HWT_056762
DNA_REPAIR 1373/8722 HWT_056793
DNA_REPAIR 1374/8722 HWT_056875
DNA_REPAIR 1375/8722 HWT_056896
DNA_REPAIR 1376/8722 HWT_056917
DNA_REPAIR 1377/8722 HWT_056918
DNA_REPAIR 1378/8722 HWT_056949
DNA_REPAIR 1379/8722 HWT_057036
DNA_REPAIR 1380/8722 HWT_057152
DNA_REPAIR 1381/8722 HWT_057231
DNA_REPAIR 1382/8722 HWT_057233
DNA_REPAIR 1383/8722 HWT_057249
DNA_REPAIR 1384/8722 HWT_057267
DNA_REPAIR 1385/8722 HWT_057282
DNA_REPAIR 1386/8722 HWT_057303
DNA_REPAIR 1387/8722 HWT_057337
DNA_REPAIR 1388/8722 HWT_057366
DNA_REPAIR 1389/8722 HWT_057390
DNA_REPAIR 1390/8722 HWT_057423
DNA_REPAIR 1391/8722 HWT_057515
DNA_REPAIR 1392/8722 HWT_057525
DNA_REPAIR 1393/8722 HWT_057580
DNA_REPAIR 1394/8722 HWT_057615
DNA_REPAIR 1395/8722 HWT_057697
DNA_REPAIR 1396/8722 HWT_057710
DNA_REPAIR 1397/8722 HWT_057734
DNA_REPAIR 1398/8722 HWT_057740
DNA_REPAIR 1399/8722 HWT_057827
DNA_REPAIR 1400/8722 HWT_057875
DNA_REPAIR 1401/8722 HWT_057964
DNA_REPAIR 1402/8722 HWT_058006
DNA_REPAIR 1403/8722 HWT_058024
DNA_REPAIR 1404/8722 HWT_058063
DNA_REPAIR 1405/8722 HWT_058087
DNA_REPAIR 1406/8722 HWT_058195
DNA_REPAIR 1407/8722 HWT_058228
DNA_REPAIR 1408/8722 HWT_058278
DNA_REPAIR 1409/8722 HWT_058289
DNA_REPAIR 1410/8722 HWT_058445
DNA_REPAIR 1411/8722 HWT_058530
DNA_REPAIR 1412/8722 HWT_058552
DNA_REPAIR 1413/8722 HWT_058556
DNA_REPAIR 1414/8722 HWT_058574
DNA_REPAIR 1415/8722 HWT_058577
DNA_REPAIR 1416/8722 HWT_058581
DNA_REPAIR 1417/8722 HWT_058607
DNA_REPAIR 1418/8722 HWT_058675
DNA_REPAIR 1419/8722 HWT_058784
DNA_REPAIR 1420/8722 HWT_058790
DNA_REPAIR 1421/8722 HWT_058796
DNA_REPAIR 1422/8722 HWT_058815
DNA_REPAIR 1423/8722 HWT_058842
DNA_REPAIR 1424/8722 HWT_058881
DNA_REPAIR 1425/8722 HWT_058882
DNA_REPAIR 1426/8722 HWT_058959
DNA_REPAIR 1427/8722 HWT_058996
DNA_REPAIR 1428/8722 HWT_059043
DNA_REPAIR 1429/8722 HWT_059059
DNA_REPAIR 1430/8722 HWT_059133
DNA_REPAIR 1431/8722 HWT_059275
DNA_REPAIR 1432/8722 HWT_059280
DNA_REPAIR 1433/8722 HWT_059331
DNA_REPAIR 1434/8722 HWT_059420
DNA_REPAIR 1435/8722 HWT_059553
DNA_REPAIR 1436/8722 HWT_059574
DNA_REPAIR 1437/8722 HWT_059615
DNA_REPAIR 1438/8722 HWT_059673
DNA_REPAIR 1439/8722 HWT_059735
DNA_REPAIR 1440/8722 HWT_059755
DNA_REPAIR 1441/8722 HWT_059769
DNA_REPAIR 1442/8722 HWT_059773
DNA_REPAIR 1443/8722 HWT_059793
DNA_REPAIR 1444/8722 HWT_059826
DNA_REPAIR 1445/8722 HWT_059838
DNA_REPAIR 1446/8722 HWT_059870
DNA_REPAIR 1447/8722 HWT_059913
DNA_REPAIR 1448/8722 HWT_060035
DNA_REPAIR 1449/8722 HWT_060061
DNA_REPAIR 1450/8722 HWT_060068
DNA_REPAIR 1451/8722 HWT_060129
DNA_REPAIR 1452/8722 HWT_060142
DNA_REPAIR 1453/8722 HWT_060202
DNA_REPAIR 1454/8722 HWT_060227
DNA_REPAIR 1455/8722 HWT_060303
DNA_REPAIR 1456/8722 HWT_060337
DNA_REPAIR 1457/8722 HWT_060342
DNA_REPAIR 1458/8722 HWT_060345
DNA_REPAIR 1459/8722 HWT_060349
DNA_REPAIR 1460/8722 HWT_060350
DNA_REPAIR 1461/8722 HWT_060359
DNA_REPAIR 1462/8722 HWT_060547
DNA_REPAIR 1463/8722 HWT_060553
DNA_REPAIR 1464/8722 HWT_060630
DNA_REPAIR 1465/8722 HWT_060677
DNA_REPAIR 1466/8722 HWT_060714
DNA_REPAIR 1467/8722 HWT_060722
DNA_REPAIR 1468/8722 HWT_060790
DNA_REPAIR 1469/8722 HWT_060888
DNA_REPAIR 1470/8722 HWT_060986
DNA_REPAIR 1471/8722 HWT_061005
DNA_REPAIR 1472/8722 HWT_061020
DNA_REPAIR 1473/8722 HWT_061046
DNA_REPAIR 1474/8722 HWT_061085
DNA_REPAIR 1475/8722 HWT_061095
DNA_REPAIR 1476/8722 HWT_061115
DNA_REPAIR 1477/8722 HWT_061146
DNA_REPAIR 1478/8722 HWT_061385
DNA_REPAIR 1479/8722 HWT_061400
DNA_REPAIR 1480/8722 HWT_061513
DNA_REPAIR 1481/8722 HWT_061705
DNA_REPAIR 1482/8722 HWT_061714
DNA_REPAIR 1483/8722 HWT_061750
DNA_REPAIR 1484/8722 HWT_061755
DNA_REPAIR 1485/8722 HWT_061826
DNA_REPAIR 1486/8722 HWT_061830
DNA_REPAIR 1487/8722 HWT_061831
DNA_REPAIR 1488/8722 HWT_061863
DNA_REPAIR 1489/8722 HWT_061867
DNA_REPAIR 1490/8722 HWT_061876
DNA_REPAIR 1491/8722 HWT_061913
DNA_REPAIR 1492/8722 HWT_061962
DNA_REPAIR 1493/8722 HWT_061969
DNA_REPAIR 1494/8722 HWT_062027
DNA_REPAIR 1495/8722 HWT_062093
DNA_REPAIR 1496/8722 HWT_062215
DNA_REPAIR 1497/8722 HWT_062309
DNA_REPAIR 1498/8722 HWT_062324
DNA_REPAIR 1499/8722 HWT_062354
DNA_REPAIR 1500/8722 HWT_062388
DNA_REPAIR 1501/8722 HWT_062401
DNA_REPAIR 1502/8722 HWT_062410
DNA_REPAIR 1503/8722 HWT_062470
DNA_REPAIR 1504/8722 HWT_062480
DNA_REPAIR 1505/8722 HWT_062481
DNA_REPAIR 1506/8722 HWT_062587
DNA_REPAIR 1507/8722 HWT_062600
DNA_REPAIR 1508/8722 HWT_062602
DNA_REPAIR 1509/8722 HWT_062613
DNA_REPAIR 1510/8722 HWT_062667
DNA_REPAIR 1511/8722 HWT_062683
DNA_REPAIR 1512/8722 HWT_062690
DNA_REPAIR 1513/8722 HWT_062693
DNA_REPAIR 1514/8722 HWT_062787
DNA_REPAIR 1515/8722 HWT_062821
DNA_REPAIR 1516/8722 HWT_062823
DNA_REPAIR 1517/8722 HWT_062850
DNA_REPAIR 1518/8722 HWT_062873
DNA_REPAIR 1519/8722 HWT_062877
DNA_REPAIR 1520/8722 HWT_062890
DNA_REPAIR 1521/8722 HWT_062899
DNA_REPAIR 1522/8722 HWT_062902
DNA_REPAIR 1523/8722 HWT_063190
DNA_REPAIR 1524/8722 HWT_063237
DNA_REPAIR 1525/8722 HWT_063374
DNA_REPAIR 1526/8722 HWT_063434
DNA_REPAIR 1527/8722 HWT_063474
DNA_REPAIR 1528/8722 HWT_063735
DNA_REPAIR 1529/8722 HWT_063815
DNA_REPAIR 1530/8722 HWT_063816
DNA_REPAIR 1531/8722 HWT_063818
DNA_REPAIR 1532/8722 HWT_063823
DNA_REPAIR 1533/8722 HWT_063825
DNA_REPAIR 1534/8722 HWT_063844
DNA_REPAIR 1535/8722 HWT_063873
DNA_REPAIR 1536/8722 HWT_063900
DNA_REPAIR 1537/8722 HWT_063961
DNA_REPAIR 1538/8722 HWT_064068
DNA_REPAIR 1539/8722 HWT_064101
DNA_REPAIR 1540/8722 HWT_064144
DNA_REPAIR 1541/8722 HWT_064153
DNA_REPAIR 1542/8722 HWT_064158
DNA_REPAIR 1543/8722 HWT_064182
DNA_REPAIR 1544/8722 HWT_064212
DNA_REPAIR 1545/8722 HWT_064236
DNA_REPAIR 1546/8722 HWT_064302
DNA_REPAIR 1547/8722 HWT_064339
DNA_REPAIR 1548/8722 HWT_064350
DNA_REPAIR 1549/8722 HWT_064410
DNA_REPAIR 1550/8722 HWT_064490
DNA_REPAIR 1551/8722 HWT_064538
DNA_REPAIR 1552/8722 HWT_065466
DNA_REPAIR 1553/8722 HWT_065608
DNA_REPAIR 1554/8722 HWT_065663
DNA_REPAIR 1555/8722 HWT_065752
DNA_REPAIR 1556/8722 HWT_065922
DNA_REPAIR 1557/8722 HWT_066032
DNA_REPAIR 1558/8722 HWT_066593
DNA_REPAIR 1559/8722 HWT_066619
DNA_REPAIR 1560/8722 HWT_066669
DNA_REPAIR 1561/8722 HWT_066711
DNA_REPAIR 1562/8722 HWT_066730
DNA_REPAIR 1563/8722 HWT_066897
DNA_REPAIR 1564/8722 HWT_066950
DNA_REPAIR 1565/8722 HWT_067023
DNA_REPAIR 1566/8722 HWT_067087
DNA_REPAIR 1567/8722 HWT_067343
DNA_REPAIR 1568/8722 HWT_067350
DNA_REPAIR 1569/8722 HWT_067385
DNA_REPAIR 1570/8722 HWT_067405
DNA_REPAIR 1571/8722 HWT_067635
DNA_REPAIR 1572/8722 HWT_067692
DNA_REPAIR 1573/8722 HWT_067838
DNA_REPAIR 1574/8722 HWT_067940
DNA_REPAIR 1575/8722 HWT_068000
DNA_REPAIR 1576/8722 HWT_068084
DNA_REPAIR 1577/8722 HWT_068115
DNA_REPAIR 1578/8722 HWT_068198
DNA_REPAIR 1579/8722 HWT_068219
DNA_REPAIR 1580/8722 HWT_068306
DNA_REPAIR 1581/8722 HWT_068358
DNA_REPAIR 1582/8722 HWT_068733
DNA_REPAIR 1583/8722 HWT_068824
DNA_REPAIR 1584/8722 HWT_068950
DNA_REPAIR 1585/8722 HWT_069008
DNA_REPAIR 1586/8722 HWT_069145
DNA_REPAIR 1587/8722 HWT_069184
DNA_REPAIR 1588/8722 HWT_069310
DNA_REPAIR 1589/8722 HWT_069414
DNA_REPAIR 1590/8722 HWT_069473
DNA_REPAIR 1591/8722 HWT_069558
DNA_REPAIR 1592/8722 HWT_069559
DNA_REPAIR 1593/8722 HWT_069672
DNA_REPAIR 1594/8722 HWT_069801
DNA_REPAIR 1595/8722 HWT_069809
DNA_REPAIR 1596/8722 HWT_069885
DNA_REPAIR 1597/8722 HWT_069923
DNA_REPAIR 1598/8722 HWT_069934
DNA_REPAIR 1599/8722 HWT_070016
DNA_REPAIR 1600/8722 HWT_070071
DNA_REPAIR 1601/8722 HWT_070162
DNA_REPAIR 1602/8722 HWT_070222
DNA_REPAIR 1603/8722 HWT_070450
DNA_REPAIR 1604/8722 HWT_070503
DNA_REPAIR 1605/8722 HWT_070550
DNA_REPAIR 1606/8722 HWT_070985
DNA_REPAIR 1607/8722 HWT_071236
DNA_REPAIR 1608/8722 HWT_071258
DNA_REPAIR 1609/8722 HWT_071284
DNA_REPAIR 1610/8722 HWT_071392
DNA_REPAIR 1611/8722 HWT_071426
DNA_REPAIR 1612/8722 HWT_071548
DNA_REPAIR 1613/8722 HWT_071557
DNA_REPAIR 1614/8722 HWT_071732
DNA_REPAIR 1615/8722 HWT_071966
DNA_REPAIR 1616/8722 HWT_071980
DNA_REPAIR 1617/8722 HWT_072185
DNA_REPAIR 1618/8722 HWT_072201
DNA_REPAIR 1619/8722 HWT_072332
DNA_REPAIR 1620/8722 HWT_072338
DNA_REPAIR 1621/8722 HWT_072459
DNA_REPAIR 1622/8722 HWT_072494
DNA_REPAIR 1623/8722 HWT_072576
DNA_REPAIR 1624/8722 HWT_072680
DNA_REPAIR 1625/8722 HWT_072743
DNA_REPAIR 1626/8722 HWT_072751
DNA_REPAIR 1627/8722 HWT_072770
DNA_REPAIR 1628/8722 HWT_072866
DNA_REPAIR 1629/8722 HWT_072940
DNA_REPAIR 1630/8722 HWT_074016
DNA_REPAIR 1631/8722 HWT_074251
DNA_REPAIR 1632/8722 HWT_074313
DNA_REPAIR 1633/8722 HWT_074362
DNA_REPAIR 1634/8722 HWT_074627
DNA_REPAIR 1635/8722 HWT_074651
DNA_REPAIR 1636/8722 HWT_074794
DNA_REPAIR 1637/8722 HWT_074858
DNA_REPAIR 1638/8722 HWT_074997
DNA_REPAIR 1639/8722 HWT_075069
DNA_REPAIR 1640/8722 HWT_075149
DNA_REPAIR 1641/8722 HWT_075151
DNA_REPAIR 1642/8722 HWT_075219
DNA_REPAIR 1643/8722 HWT_075224
DNA_REPAIR 1644/8722 HWT_075553
DNA_REPAIR 1645/8722 HWT_075688
DNA_REPAIR 1646/8722 HWT_075711
DNA_REPAIR 1647/8722 HWT_075729
DNA_REPAIR 1648/8722 HWT_075794
DNA_REPAIR 1649/8722 HWT_075980
DNA_REPAIR 1650/8722 HWT_076073
DNA_REPAIR 1651/8722 HWT_076161
DNA_REPAIR 1652/8722 HWT_076217
DNA_REPAIR 1653/8722 HWT_076286
DNA_REPAIR 1654/8722 HWT_076531
DNA_REPAIR 1655/8722 HWT_076744
DNA_REPAIR 1656/8722 HWT_076803
DNA_REPAIR 1657/8722 HWT_076884
DNA_REPAIR 1658/8722 HWT_076885
DNA_REPAIR 1659/8722 HWT_076952
DNA_REPAIR 1660/8722 HWT_076981
DNA_REPAIR 1661/8722 HWT_077060
DNA_REPAIR 1662/8722 HWT_077111
DNA_REPAIR 1663/8722 HWT_077245
DNA_REPAIR 1664/8722 HWT_077340
DNA_REPAIR 1665/8722 HWT_077563
DNA_REPAIR 1666/8722 HWT_077909
DNA_REPAIR 1667/8722 HWT_078251
DNA_REPAIR 1668/8722 HWT_078252
DNA_REPAIR 1669/8722 HWT_078449
DNA_REPAIR 1670/8722 HWT_078548
DNA_REPAIR 1671/8722 HWT_078817
DNA_REPAIR 1672/8722 HWT_078931
DNA_REPAIR 1673/8722 HWT_078999
DNA_REPAIR 1674/8722 HWT_079021
DNA_REPAIR 1675/8722 HWT_079029
DNA_REPAIR 1676/8722 HWT_079042
DNA_REPAIR 1677/8722 HWT_079045
DNA_REPAIR 1678/8722 HWT_079079
DNA_REPAIR 1679/8722 HWT_079216
DNA_REPAIR 1680/8722 HWT_079689
DNA_REPAIR 1681/8722 HWT_079697
DNA_REPAIR 1682/8722 HWT_079735
DNA_REPAIR 1683/8722 HWT_079738
DNA_REPAIR 1684/8722 HWT_079886
DNA_REPAIR 1685/8722 HWT_079998
DNA_REPAIR 1686/8722 HWT_080038
DNA_REPAIR 1687/8722 HWT_080052
DNA_REPAIR 1688/8722 HWT_080322
DNA_REPAIR 1689/8722 HWT_080363
DNA_REPAIR 1690/8722 HWT_080482
DNA_REPAIR 1691/8722 HWT_080496
DNA_REPAIR 1692/8722 HWT_080503
DNA_REPAIR 1693/8722 HWT_080588
DNA_REPAIR 1694/8722 HWT_080659
DNA_REPAIR 1695/8722 HWT_080815
DNA_REPAIR 1696/8722 HWT_080922
DNA_REPAIR 1697/8722 HWT_081052
DNA_REPAIR 1698/8722 HWT_081060
DNA_REPAIR 1699/8722 HWT_081103
DNA_REPAIR 1700/8722 HWT_081122
DNA_REPAIR 1701/8722 HWT_081263
DNA_REPAIR 1702/8722 HWT_081360
DNA_REPAIR 1703/8722 HWT_081384
DNA_REPAIR 1704/8722 HWT_081495
DNA_REPAIR 1705/8722 HWT_081615
DNA_REPAIR 1706/8722 HWT_081794
DNA_REPAIR 1707/8722 HWT_081828
DNA_REPAIR 1708/8722 HWT_081849
DNA_REPAIR 1709/8722 HWT_081910
DNA_REPAIR 1710/8722 HWT_082225
DNA_REPAIR 1711/8722 HWT_082329
DNA_REPAIR 1712/8722 HWT_082398
DNA_REPAIR 1713/8722 HWT_082542
DNA_REPAIR 1714/8722 HWT_082544
DNA_REPAIR 1715/8722 HWT_082576
DNA_REPAIR 1716/8722 HWT_082741
DNA_REPAIR 1717/8722 HWT_082748
DNA_REPAIR 1718/8722 HWT_082754
DNA_REPAIR 1719/8722 HWT_082801
DNA_REPAIR 1720/8722 HWT_082937
DNA_REPAIR 1721/8722 HWT_082986
DNA_REPAIR 1722/8722 HWT_083056
DNA_REPAIR 1723/8722 HWT_083068
DNA_REPAIR 1724/8722 HWT_083110
DNA_REPAIR 1725/8722 HWT_083153
DNA_REPAIR 1726/8722 HWT_083302
DNA_REPAIR 1727/8722 HWT_083312
DNA_REPAIR 1728/8722 HWT_083494
DNA_REPAIR 1729/8722 HWT_083508
DNA_REPAIR 1730/8722 HWT_083589
DNA_REPAIR 1731/8722 HWT_083991
DNA_REPAIR 1732/8722 HWT_084007
DNA_REPAIR 1733/8722 HWT_084147
DNA_REPAIR 1734/8722 HWT_084208
DNA_REPAIR 1735/8722 HWT_084485
DNA_REPAIR 1736/8722 HWT_084542
DNA_REPAIR 1737/8722 HWT_084755
DNA_REPAIR 1738/8722 HWT_084790
DNA_REPAIR 1739/8722 HWT_084796
DNA_REPAIR 1740/8722 HWT_084848
DNA_REPAIR 1741/8722 HWT_084989
DNA_REPAIR 1742/8722 HWT_085069
DNA_REPAIR 1743/8722 HWT_085275
DNA_REPAIR 1744/8722 HWT_085368
DNA_REPAIR 1745/8722 HWT_085439
DNA_REPAIR 1746/8722 HWT_085444
DNA_REPAIR 1747/8722 HWT_085505
DNA_REPAIR 1748/8722 HWT_085517
DNA_REPAIR 1749/8722 HWT_085523
DNA_REPAIR 1750/8722 HWT_085563
DNA_REPAIR 1751/8722 HWT_085654
DNA_REPAIR 1752/8722 HWT_085807
DNA_REPAIR 1753/8722 HWT_085849
DNA_REPAIR 1754/8722 HWT_085941
DNA_REPAIR 1755/8722 HWT_086144
DNA_REPAIR 1756/8722 HWT_086158
DNA_REPAIR 1757/8722 HWT_086186
DNA_REPAIR 1758/8722 HWT_086262
DNA_REPAIR 1759/8722 HWT_086268
DNA_REPAIR 1760/8722 HWT_086302
DNA_REPAIR 1761/8722 HWT_086332
DNA_REPAIR 1762/8722 HWT_086355
DNA_REPAIR 1763/8722 HWT_086585
DNA_REPAIR 1764/8722 HWT_086797
DNA_REPAIR 1765/8722 HWT_086846
DNA_REPAIR 1766/8722 HWT_086861
DNA_REPAIR 1767/8722 HWT_086882
DNA_REPAIR 1768/8722 HWT_086913
DNA_REPAIR 1769/8722 HWT_087056
DNA_REPAIR 1770/8722 HWT_087264
DNA_REPAIR 1771/8722 HWT_087381
DNA_REPAIR 1772/8722 HWT_087616
DNA_REPAIR 1773/8722 HWT_087627
DNA_REPAIR 1774/8722 HWT_087630
DNA_REPAIR 1775/8722 HWT_087799
DNA_REPAIR 1776/8722 HWT_087864
DNA_REPAIR 1777/8722 HWT_088120
DNA_REPAIR 1778/8722 HWT_088171
DNA_REPAIR 1779/8722 HWT_088271
DNA_REPAIR 1780/8722 HWT_088333
DNA_REPAIR 1781/8722 HWT_088400
DNA_REPAIR 1782/8722 HWT_088419
DNA_REPAIR 1783/8722 HWT_088422
DNA_REPAIR 1784/8722 HWT_088462
DNA_REPAIR 1785/8722 HWT_088837
DNA_REPAIR 1786/8722 HWT_088878
DNA_REPAIR 1787/8722 HWT_088957
DNA_REPAIR 1788/8722 HWT_089076
DNA_REPAIR 1789/8722 HWT_089128
DNA_REPAIR 1790/8722 HWT_089164
DNA_REPAIR 1791/8722 HWT_089263
DNA_REPAIR 1792/8722 HWT_089401
DNA_REPAIR 1793/8722 HWT_089547
DNA_REPAIR 1794/8722 HWT_089564
DNA_REPAIR 1795/8722 HWT_089568
DNA_REPAIR 1796/8722 HWT_089638
DNA_REPAIR 1797/8722 HWT_089647
DNA_REPAIR 1798/8722 HWT_089658
DNA_REPAIR 1799/8722 HWT_089753
DNA_REPAIR 1800/8722 HWT_089816
DNA_REPAIR 1801/8722 HWT_089826
DNA_REPAIR 1802/8722 HWT_089850
DNA_REPAIR 1803/8722 HWT_089894
DNA_REPAIR 1804/8722 HWT_089990
DNA_REPAIR 1805/8722 HWT_090004
DNA_REPAIR 1806/8722 HWT_090065
DNA_REPAIR 1807/8722 HWT_090079
DNA_REPAIR 1808/8722 HWT_090124
DNA_REPAIR 1809/8722 HWT_090150
DNA_REPAIR 1810/8722 HWT_090172
DNA_REPAIR 1811/8722 HWT_090260
DNA_REPAIR 1812/8722 HWT_090354
DNA_REPAIR 1813/8722 HWT_090377
DNA_REPAIR 1814/8722 HWT_090587
DNA_REPAIR 1815/8722 HWT_090647
DNA_REPAIR 1816/8722 HWT_090689
DNA_REPAIR 1817/8722 HWT_090905
DNA_REPAIR 1818/8722 HWT_090951
DNA_REPAIR 1819/8722 HWT_090996
DNA_REPAIR 1820/8722 HWT_091007
DNA_REPAIR 1821/8722 HWT_091075
DNA_REPAIR 1822/8722 HWT_091095
DNA_REPAIR 1823/8722 HWT_091235
DNA_REPAIR 1824/8722 HWT_091456
DNA_REPAIR 1825/8722 HWT_091497
DNA_REPAIR 1826/8722 HWT_091685
DNA_REPAIR 1827/8722 HWT_091779
DNA_REPAIR 1828/8722 HWT_091921
DNA_REPAIR 1829/8722 HWT_091998
DNA_REPAIR 1830/8722 HWT_092000
DNA_REPAIR 1831/8722 HWT_092133
DNA_REPAIR 1832/8722 HWT_092176
DNA_REPAIR 1833/8722 HWT_092210
DNA_REPAIR 1834/8722 HWT_092504
DNA_REPAIR 1835/8722 HWT_092523
DNA_REPAIR 1836/8722 HWT_092553
DNA_REPAIR 1837/8722 HWT_092561
DNA_REPAIR 1838/8722 HWT_092608
DNA_REPAIR 1839/8722 HWT_092649
DNA_REPAIR 1840/8722 HWT_092776
DNA_REPAIR 1841/8722 HWT_092850
DNA_REPAIR 1842/8722 HWT_092976
DNA_REPAIR 1843/8722 HWT_093169
DNA_REPAIR 1844/8722 HWT_093244
DNA_REPAIR 1845/8722 HWT_093307
DNA_REPAIR 1846/8722 HWT_093483
DNA_REPAIR 1847/8722 HWT_093530
DNA_REPAIR 1848/8722 HWT_093555
DNA_REPAIR 1849/8722 HWT_093577
DNA_REPAIR 1850/8722 HWT_093601
DNA_REPAIR 1851/8722 HWT_093636
DNA_REPAIR 1852/8722 HWT_093789
DNA_REPAIR 1853/8722 HWT_093889
DNA_REPAIR 1854/8722 HWT_093938
DNA_REPAIR 1855/8722 HWT_094066
DNA_REPAIR 1856/8722 HWT_094085
DNA_REPAIR 1857/8722 HWT_094261
DNA_REPAIR 1858/8722 HWT_094280
DNA_REPAIR 1859/8722 HWT_094390
DNA_REPAIR 1860/8722 HWT_094423
DNA_REPAIR 1861/8722 HWT_094487
DNA_REPAIR 1862/8722 HWT_094532
DNA_REPAIR 1863/8722 HWT_094547
DNA_REPAIR 1864/8722 HWT_094565
DNA_REPAIR 1865/8722 HWT_094665
DNA_REPAIR 1866/8722 HWT_094761
DNA_REPAIR 1867/8722 HWT_094808
DNA_REPAIR 1868/8722 HWT_095085
DNA_REPAIR 1869/8722 HWT_095195
DNA_REPAIR 1870/8722 HWT_095532
DNA_REPAIR 1871/8722 HWT_095534
DNA_REPAIR 1872/8722 HWT_095620
DNA_REPAIR 1873/8722 HWT_095730
DNA_REPAIR 1874/8722 HWT_095980
DNA_REPAIR 1875/8722 HWT_096050
DNA_REPAIR 1876/8722 HWT_096082
DNA_REPAIR 1877/8722 HWT_096272
DNA_REPAIR 1878/8722 HWT_096328
DNA_REPAIR 1879/8722 HWT_096411
DNA_REPAIR 1880/8722 HWT_096502
DNA_REPAIR 1881/8722 HWT_096649
DNA_REPAIR 1882/8722 HWT_096722
DNA_REPAIR 1883/8722 HWT_096887
DNA_REPAIR 1884/8722 HWT_096986
DNA_REPAIR 1885/8722 HWT_097054
DNA_REPAIR 1886/8722 HWT_097092
DNA_REPAIR 1887/8722 HWT_097203
DNA_REPAIR 1888/8722 HWT_097331
DNA_REPAIR 1889/8722 HWT_097332
DNA_REPAIR 1890/8722 HWT_097346
DNA_REPAIR 1891/8722 HWT_097437
DNA_REPAIR 1892/8722 HWT_097479
DNA_REPAIR 1893/8722 HWT_097481
DNA_REPAIR 1894/8722 HWT_097796
DNA_REPAIR 1895/8722 HWT_097859
DNA_REPAIR 1896/8722 HWT_097930
DNA_REPAIR 1897/8722 HWT_097932
DNA_REPAIR 1898/8722 HWT_098392
DNA_REPAIR 1899/8722 HWT_098403
DNA_REPAIR 1900/8722 HWT_098405
DNA_REPAIR 1901/8722 HWT_098447
DNA_REPAIR 1902/8722 HWT_098494
DNA_REPAIR 1903/8722 HWT_098730
DNA_REPAIR 1904/8722 HWT_098731
DNA_REPAIR 1905/8722 HWT_098993
DNA_REPAIR 1906/8722 HWT_099016
DNA_REPAIR 1907/8722 HWT_099040
DNA_REPAIR 1908/8722 HWT_099216
DNA_REPAIR 1909/8722 HWT_099276
DNA_REPAIR 1910/8722 HWT_099353
DNA_REPAIR 1911/8722 HWT_099451
DNA_REPAIR 1912/8722 HWT_099504
DNA_REPAIR 1913/8722 HWT_099505
DNA_REPAIR 1914/8722 HWT_099536
DNA_REPAIR 1915/8722 HWT_099654
DNA_REPAIR 1916/8722 HWT_099665
DNA_REPAIR 1917/8722 HWT_099707
DNA_REPAIR 1918/8722 HWT_099916
DNA_REPAIR 1919/8722 HWT_099917
DNA_REPAIR 1920/8722 HWT_100071
DNA_REPAIR 1921/8722 HWT_100176
DNA_REPAIR 1922/8722 HWT_100227
DNA_REPAIR 1923/8722 HWT_100705
DNA_REPAIR 1924/8722 HWT_100948
DNA_REPAIR 1925/8722 HWT_101200
DNA_REPAIR 1926/8722 HWT_101326
DNA_REPAIR 1927/8722 HWT_101327
DNA_REPAIR 1928/8722 HWT_101335
DNA_REPAIR 1929/8722 HWT_101342
DNA_REPAIR 1930/8722 HWT_102403
DNA_REPAIR 1931/8722 HWT_102458
DNA_REPAIR 1932/8722 HWT_102598
DNA_REPAIR 1933/8722 HWT_102631
DNA_REPAIR 1934/8722 HWT_102735
DNA_REPAIR 1935/8722 HWT_102765
DNA_REPAIR 1936/8722 HWT_102772
DNA_REPAIR 1937/8722 HWT_102788
DNA_REPAIR 1938/8722 HWT_102812
DNA_REPAIR 1939/8722 HWT_102821
DNA_REPAIR 1940/8722 HWT_102919
DNA_REPAIR 1941/8722 HWT_102977
DNA_REPAIR 1942/8722 HWT_103005
DNA_REPAIR 1943/8722 HWT_103094
DNA_REPAIR 1944/8722 HWT_103189
DNA_REPAIR 1945/8722 HWT_103354
DNA_REPAIR 1946/8722 HWT_103399
DNA_REPAIR 1947/8722 HWT_103454
DNA_REPAIR 1948/8722 HWT_103531
DNA_REPAIR 1949/8722 HWT_103598
DNA_REPAIR 1950/8722 HWT_103810
DNA_REPAIR 1951/8722 HWT_103899
DNA_REPAIR 1952/8722 HWT_103971
DNA_REPAIR 1953/8722 HWT_103982
DNA_REPAIR 1954/8722 HWT_104024
DNA_REPAIR 1955/8722 HWT_104108
DNA_REPAIR 1956/8722 HWT_104154
DNA_REPAIR 1957/8722 HWT_104172
DNA_REPAIR 1958/8722 HWT_104736
DNA_REPAIR 1959/8722 HWT_104800
DNA_REPAIR 1960/8722 HWT_105383
DNA_REPAIR 1961/8722 HWT_105391
DNA_REPAIR 1962/8722 HWT_105423
DNA_REPAIR 1963/8722 HWT_105475
DNA_REPAIR 1964/8722 HWT_105509
DNA_REPAIR 1965/8722 HWT_105688
DNA_REPAIR 1966/8722 HWT_105820
DNA_REPAIR 1967/8722 HWT_106439
DNA_REPAIR 1968/8722 HWT_106441
DNA_REPAIR 1969/8722 HWT_106449
DNA_REPAIR 1970/8722 HWT_106505
DNA_REPAIR 1971/8722 HWT_106570
DNA_REPAIR 1972/8722 HWT_106604
DNA_REPAIR 1973/8722 HWT_106909
DNA_REPAIR 1974/8722 HWT_107036
DNA_REPAIR 1975/8722 HWT_107149
DNA_REPAIR 1976/8722 HWT_107155
DNA_REPAIR 1977/8722 HWT_107228
DNA_REPAIR 1978/8722 HWT_107670
DNA_REPAIR 1979/8722 HWT_107798
DNA_REPAIR 1980/8722 HWT_107814
DNA_REPAIR 1981/8722 HWT_107982
DNA_REPAIR 1982/8722 HWT_108004
DNA_REPAIR 1983/8722 HWT_108098
DNA_REPAIR 1984/8722 HWT_108352
DNA_REPAIR 1985/8722 HWT_108462
DNA_REPAIR 1986/8722 HWT_108464
DNA_REPAIR 1987/8722 HWT_108484
DNA_REPAIR 1988/8722 HWT_000101
DNA_REPAIR 1989/8722 HWT_000449
DNA_REPAIR 1990/8722 HWT_000545
DNA_REPAIR 1991/8722 HWT_000725
DNA_REPAIR 1992/8722 HWT_000873
DNA_REPAIR 1993/8722 HWT_000892
DNA_REPAIR 1994/8722 HWT_000957
DNA_REPAIR 1995/8722 HWT_001063
DNA_REPAIR 1996/8722 HWT_001108
DNA_REPAIR 1997/8722 HWT_001183
DNA_REPAIR 1998/8722 HWT_001245
DNA_REPAIR 1999/8722 HWT_001331
DNA_REPAIR 2000/8722 HWT_001727
DNA_REPAIR 2001/8722 HWT_001734
DNA_REPAIR 2002/8722 HWT_001863
DNA_REPAIR 2003/8722 HWT_002116
DNA_REPAIR 2004/8722 HWT_002135
DNA_REPAIR 2005/8722 HWT_002136
DNA_REPAIR 2006/8722 HWT_002203
DNA_REPAIR 2007/8722 HWT_002285
DNA_REPAIR 2008/8722 HWT_002405
DNA_REPAIR 2009/8722 HWT_002745
DNA_REPAIR 2010/8722 HWT_002806
DNA_REPAIR 2011/8722 HWT_002872
DNA_REPAIR 2012/8722 HWT_002909
DNA_REPAIR 2013/8722 HWT_002981
DNA_REPAIR 2014/8722 HWT_003003
DNA_REPAIR 2015/8722 HWT_003154
DNA_REPAIR 2016/8722 HWT_003398
DNA_REPAIR 2017/8722 HWT_003946
DNA_REPAIR 2018/8722 HWT_003997
DNA_REPAIR 2019/8722 HWT_004355
DNA_REPAIR 2020/8722 HWT_004581
DNA_REPAIR 2021/8722 HWT_004797
DNA_REPAIR 2022/8722 HWT_005021
DNA_REPAIR 2023/8722 HWT_005232
DNA_REPAIR 2024/8722 HWT_005367
DNA_REPAIR 2025/8722 HWT_005568
DNA_REPAIR 2026/8722 HWT_005739
DNA_REPAIR 2027/8722 HWT_006135
DNA_REPAIR 2028/8722 HWT_006240
DNA_REPAIR 2029/8722 HWT_006562
DNA_REPAIR 2030/8722 HWT_006578
DNA_REPAIR 2031/8722 HWT_006893
DNA_REPAIR 2032/8722 HWT_007322
DNA_REPAIR 2033/8722 HWT_007452
DNA_REPAIR 2034/8722 HWT_007652
DNA_REPAIR 2035/8722 HWT_007725
DNA_REPAIR 2036/8722 HWT_007908
DNA_REPAIR 2037/8722 HWT_008219
DNA_REPAIR 2038/8722 HWT_008381
DNA_REPAIR 2039/8722 HWT_008660
DNA_REPAIR 2040/8722 HWT_008687
DNA_REPAIR 2041/8722 HWT_008712
DNA_REPAIR 2042/8722 HWT_009382
DNA_REPAIR 2043/8722 HWT_009543
DNA_REPAIR 2044/8722 HWT_009827
DNA_REPAIR 2045/8722 HWT_009889
DNA_REPAIR 2046/8722 HWT_010274
DNA_REPAIR 2047/8722 HWT_010342
DNA_REPAIR 2048/8722 HWT_010394
DNA_REPAIR 2049/8722 HWT_010500
DNA_REPAIR 2050/8722 HWT_011469
DNA_REPAIR 2051/8722 HWT_012256
DNA_REPAIR 2052/8722 HWT_012570
DNA_REPAIR 2053/8722 HWT_012694
DNA_REPAIR 2054/8722 HWT_013111
DNA_REPAIR 2055/8722 HWT_013435
DNA_REPAIR 2056/8722 HWT_014933
DNA_REPAIR 2057/8722 HWT_015343
DNA_REPAIR 2058/8722 HWT_016738
DNA_REPAIR 2059/8722 HWT_016781
DNA_REPAIR 2060/8722 HWT_016985
DNA_REPAIR 2061/8722 HWT_017645
DNA_REPAIR 2062/8722 HWT_018408
DNA_REPAIR 2063/8722 HWT_018671
DNA_REPAIR 2064/8722 HWT_019397
DNA_REPAIR 2065/8722 HWT_019417
DNA_REPAIR 2066/8722 HWT_019600
DNA_REPAIR 2067/8722 HWT_019924
DNA_REPAIR 2068/8722 HWT_020525
DNA_REPAIR 2069/8722 HWT_020667
DNA_REPAIR 2070/8722 HWT_020693
DNA_REPAIR 2071/8722 HWT_020786
DNA_REPAIR 2072/8722 HWT_021230
DNA_REPAIR 2073/8722 HWT_021697
DNA_REPAIR 2074/8722 HWT_022253
DNA_REPAIR 2075/8722 HWT_022664
DNA_REPAIR 2076/8722 HWT_023016
DNA_REPAIR 2077/8722 HWT_023488
DNA_REPAIR 2078/8722 HWT_023567
DNA_REPAIR 2079/8722 HWT_023595
DNA_REPAIR 2080/8722 HWT_023633
DNA_REPAIR 2081/8722 HWT_024356
DNA_REPAIR 2082/8722 HWT_024954
DNA_REPAIR 2083/8722 HWT_025013
DNA_REPAIR 2084/8722 HWT_025755
DNA_REPAIR 2085/8722 HWT_025900
DNA_REPAIR 2086/8722 HWT_025915
DNA_REPAIR 2087/8722 HWT_027771
DNA_REPAIR 2088/8722 HWT_027847
DNA_REPAIR 2089/8722 HWT_027868
DNA_REPAIR 2090/8722 HWT_027878
DNA_REPAIR 2091/8722 HWT_027935
DNA_REPAIR 2092/8722 HWT_028196
DNA_REPAIR 2093/8722 HWT_028436
DNA_REPAIR 2094/8722 HWT_029214
DNA_REPAIR 2095/8722 HWT_029232
DNA_REPAIR 2096/8722 HWT_029483
DNA_REPAIR 2097/8722 HWT_029562
DNA_REPAIR 2098/8722 HWT_029772
DNA_REPAIR 2099/8722 HWT_029831
DNA_REPAIR 2100/8722 HWT_030194
DNA_REPAIR 2101/8722 HWT_030218
DNA_REPAIR 2102/8722 HWT_030293
DNA_REPAIR 2103/8722 HWT_030792
DNA_REPAIR 2104/8722 HWT_030856
DNA_REPAIR 2105/8722 HWT_031185
DNA_REPAIR 2106/8722 HWT_031256
DNA_REPAIR 2107/8722 HWT_031259
DNA_REPAIR 2108/8722 HWT_031464
DNA_REPAIR 2109/8722 HWT_031603
DNA_REPAIR 2110/8722 HWT_031620
DNA_REPAIR 2111/8722 HWT_032041
DNA_REPAIR 2112/8722 HWT_032096
DNA_REPAIR 2113/8722 HWT_032271
DNA_REPAIR 2114/8722 HWT_032587
DNA_REPAIR 2115/8722 HWT_032769
DNA_REPAIR 2116/8722 HWT_032810
DNA_REPAIR 2117/8722 HWT_032824
DNA_REPAIR 2118/8722 HWT_033011
DNA_REPAIR 2119/8722 HWT_033420
DNA_REPAIR 2120/8722 HWT_033426
DNA_REPAIR 2121/8722 HWT_034474
DNA_REPAIR 2122/8722 HWT_034480
DNA_REPAIR 2123/8722 HWT_034577
DNA_REPAIR 2124/8722 HWT_034753
DNA_REPAIR 2125/8722 HWT_034778
DNA_REPAIR 2126/8722 HWT_034788
DNA_REPAIR 2127/8722 HWT_034953
DNA_REPAIR 2128/8722 HWT_035517
DNA_REPAIR 2129/8722 HWT_035543
DNA_REPAIR 2130/8722 HWT_035675
DNA_REPAIR 2131/8722 HWT_035757
DNA_REPAIR 2132/8722 HWT_036266
DNA_REPAIR 2133/8722 HWT_036411
DNA_REPAIR 2134/8722 HWT_036563
DNA_REPAIR 2135/8722 HWT_036760
DNA_REPAIR 2136/8722 HWT_037029
DNA_REPAIR 2137/8722 HWT_037074
DNA_REPAIR 2138/8722 HWT_037244
DNA_REPAIR 2139/8722 HWT_037411
DNA_REPAIR 2140/8722 HWT_037748
DNA_REPAIR 2141/8722 HWT_038684
DNA_REPAIR 2142/8722 HWT_038691
DNA_REPAIR 2143/8722 HWT_039073
DNA_REPAIR 2144/8722 HWT_039121
DNA_REPAIR 2145/8722 HWT_039226
DNA_REPAIR 2146/8722 HWT_039502
DNA_REPAIR 2147/8722 HWT_039735
DNA_REPAIR 2148/8722 HWT_039772
DNA_REPAIR 2149/8722 HWT_040014
DNA_REPAIR 2150/8722 HWT_040065
DNA_REPAIR 2151/8722 HWT_040131
DNA_REPAIR 2152/8722 HWT_040442
DNA_REPAIR 2153/8722 HWT_040770
DNA_REPAIR 2154/8722 HWT_040820
DNA_REPAIR 2155/8722 HWT_040900
DNA_REPAIR 2156/8722 HWT_040933
DNA_REPAIR 2157/8722 HWT_041059
DNA_REPAIR 2158/8722 HWT_041180
DNA_REPAIR 2159/8722 HWT_041264
DNA_REPAIR 2160/8722 HWT_041267
DNA_REPAIR 2161/8722 HWT_041420
DNA_REPAIR 2162/8722 HWT_041421
DNA_REPAIR 2163/8722 HWT_041681
DNA_REPAIR 2164/8722 HWT_041947
DNA_REPAIR 2165/8722 HWT_042130
DNA_REPAIR 2166/8722 HWT_042192
DNA_REPAIR 2167/8722 HWT_042300
DNA_REPAIR 2168/8722 HWT_042412
DNA_REPAIR 2169/8722 HWT_042542
DNA_REPAIR 2170/8722 HWT_042547
DNA_REPAIR 2171/8722 HWT_042605
DNA_REPAIR 2172/8722 HWT_042607
DNA_REPAIR 2173/8722 HWT_042949
DNA_REPAIR 2174/8722 HWT_043288
DNA_REPAIR 2175/8722 HWT_043826
DNA_REPAIR 2176/8722 HWT_043890
DNA_REPAIR 2177/8722 HWT_043892
DNA_REPAIR 2178/8722 HWT_043935
DNA_REPAIR 2179/8722 HWT_044008
DNA_REPAIR 2180/8722 HWT_044095
DNA_REPAIR 2181/8722 HWT_044179
DNA_REPAIR 2182/8722 HWT_044275
DNA_REPAIR 2183/8722 HWT_044310
DNA_REPAIR 2184/8722 HWT_044618
DNA_REPAIR 2185/8722 HWT_044721
DNA_REPAIR 2186/8722 HWT_044910
DNA_REPAIR 2187/8722 HWT_044957
DNA_REPAIR 2188/8722 HWT_044965
DNA_REPAIR 2189/8722 HWT_045118
DNA_REPAIR 2190/8722 HWT_045272
DNA_REPAIR 2191/8722 HWT_045408
DNA_REPAIR 2192/8722 HWT_045436
DNA_REPAIR 2193/8722 HWT_045504
DNA_REPAIR 2194/8722 HWT_045760
DNA_REPAIR 2195/8722 HWT_045918
DNA_REPAIR 2196/8722 HWT_046120
DNA_REPAIR 2197/8722 HWT_046143
DNA_REPAIR 2198/8722 HWT_046557
DNA_REPAIR 2199/8722 HWT_046573
DNA_REPAIR 2200/8722 HWT_046589
DNA_REPAIR 2201/8722 HWT_046632
DNA_REPAIR 2202/8722 HWT_046954
DNA_REPAIR 2203/8722 HWT_047011
DNA_REPAIR 2204/8722 HWT_047047
DNA_REPAIR 2205/8722 HWT_047083
DNA_REPAIR 2206/8722 HWT_047102
DNA_REPAIR 2207/8722 HWT_047133
DNA_REPAIR 2208/8722 HWT_047168
DNA_REPAIR 2209/8722 HWT_047541
DNA_REPAIR 2210/8722 HWT_047595
DNA_REPAIR 2211/8722 HWT_047632
DNA_REPAIR 2212/8722 HWT_047672
DNA_REPAIR 2213/8722 HWT_047693
DNA_REPAIR 2214/8722 HWT_047722
DNA_REPAIR 2215/8722 HWT_047832
DNA_REPAIR 2216/8722 HWT_047887
DNA_REPAIR 2217/8722 HWT_047954
DNA_REPAIR 2218/8722 HWT_047963
DNA_REPAIR 2219/8722 HWT_048026
DNA_REPAIR 2220/8722 HWT_048030
DNA_REPAIR 2221/8722 HWT_048031
DNA_REPAIR 2222/8722 HWT_048104
DNA_REPAIR 2223/8722 HWT_048209
DNA_REPAIR 2224/8722 HWT_048298
DNA_REPAIR 2225/8722 HWT_048490
DNA_REPAIR 2226/8722 HWT_048540
DNA_REPAIR 2227/8722 HWT_048786
DNA_REPAIR 2228/8722 HWT_048989
DNA_REPAIR 2229/8722 HWT_049070
DNA_REPAIR 2230/8722 HWT_049314
DNA_REPAIR 2231/8722 HWT_049323
DNA_REPAIR 2232/8722 HWT_049356
DNA_REPAIR 2233/8722 HWT_049447
DNA_REPAIR 2234/8722 HWT_049574
DNA_REPAIR 2235/8722 HWT_049694
DNA_REPAIR 2236/8722 HWT_049722
DNA_REPAIR 2237/8722 HWT_049879
DNA_REPAIR 2238/8722 HWT_050197
DNA_REPAIR 2239/8722 HWT_051201
DNA_REPAIR 2240/8722 HWT_051273
DNA_REPAIR 2241/8722 HWT_051944
DNA_REPAIR 2242/8722 HWT_052187
DNA_REPAIR 2243/8722 HWT_052397
DNA_REPAIR 2244/8722 HWT_052765
DNA_REPAIR 2245/8722 HWT_053476
DNA_REPAIR 2246/8722 HWT_053549
DNA_REPAIR 2247/8722 HWT_053592
DNA_REPAIR 2248/8722 HWT_053895
DNA_REPAIR 2249/8722 HWT_053915
DNA_REPAIR 2250/8722 HWT_054104
DNA_REPAIR 2251/8722 HWT_054554
DNA_REPAIR 2252/8722 HWT_056245
DNA_REPAIR 2253/8722 HWT_057077
DNA_REPAIR 2254/8722 HWT_058452
DNA_REPAIR 2255/8722 HWT_058978
DNA_REPAIR 2256/8722 HWT_059100
DNA_REPAIR 2257/8722 HWT_059367
DNA_REPAIR 2258/8722 HWT_059650
DNA_REPAIR 2259/8722 HWT_059816
DNA_REPAIR 2260/8722 HWT_060214
DNA_REPAIR 2261/8722 HWT_060220
DNA_REPAIR 2262/8722 HWT_060683
DNA_REPAIR 2263/8722 HWT_060762
DNA_REPAIR 2264/8722 HWT_060796
DNA_REPAIR 2265/8722 HWT_061559
DNA_REPAIR 2266/8722 HWT_061838
DNA_REPAIR 2267/8722 HWT_063218
DNA_REPAIR 2268/8722 HWT_063635
DNA_REPAIR 2269/8722 HWT_063997
DNA_REPAIR 2270/8722 HWT_064095
DNA_REPAIR 2271/8722 HWT_064098
DNA_REPAIR 2272/8722 HWT_064361
DNA_REPAIR 2273/8722 HWT_064621
DNA_REPAIR 2274/8722 HWT_064659
DNA_REPAIR 2275/8722 HWT_064754
DNA_REPAIR 2276/8722 HWT_064967
DNA_REPAIR 2277/8722 HWT_065001
DNA_REPAIR 2278/8722 HWT_065096
DNA_REPAIR 2279/8722 HWT_065118
DNA_REPAIR 2280/8722 HWT_065302
DNA_REPAIR 2281/8722 HWT_065331
DNA_REPAIR 2282/8722 HWT_066420
DNA_REPAIR 2283/8722 HWT_066590
DNA_REPAIR 2284/8722 HWT_067731
DNA_REPAIR 2285/8722 HWT_068882
DNA_REPAIR 2286/8722 HWT_069887
DNA_REPAIR 2287/8722 HWT_070019
DNA_REPAIR 2288/8722 HWT_070038
DNA_REPAIR 2289/8722 HWT_070161
DNA_REPAIR 2290/8722 HWT_070234
DNA_REPAIR 2291/8722 HWT_070348
DNA_REPAIR 2292/8722 HWT_070525
DNA_REPAIR 2293/8722 HWT_070916
DNA_REPAIR 2294/8722 HWT_070925
DNA_REPAIR 2295/8722 HWT_071776
DNA_REPAIR 2296/8722 HWT_071828
DNA_REPAIR 2297/8722 HWT_071863
DNA_REPAIR 2298/8722 HWT_072307
DNA_REPAIR 2299/8722 HWT_072347
DNA_REPAIR 2300/8722 HWT_072912
DNA_REPAIR 2301/8722 HWT_072913
DNA_REPAIR 2302/8722 HWT_073589
DNA_REPAIR 2303/8722 HWT_074375
DNA_REPAIR 2304/8722 HWT_074692
DNA_REPAIR 2305/8722 HWT_075330
DNA_REPAIR 2306/8722 HWT_075881
DNA_REPAIR 2307/8722 HWT_076166
DNA_REPAIR 2308/8722 HWT_076239
DNA_REPAIR 2309/8722 HWT_076917
DNA_REPAIR 2310/8722 HWT_076966
DNA_REPAIR 2311/8722 HWT_076983
DNA_REPAIR 2312/8722 HWT_077691
DNA_REPAIR 2313/8722 HWT_077727
DNA_REPAIR 2314/8722 HWT_078740
DNA_REPAIR 2315/8722 HWT_079038
DNA_REPAIR 2316/8722 HWT_079113
DNA_REPAIR 2317/8722 HWT_079116
DNA_REPAIR 2318/8722 HWT_079252
DNA_REPAIR 2319/8722 HWT_079306
DNA_REPAIR 2320/8722 HWT_079335
DNA_REPAIR 2321/8722 HWT_079442
DNA_REPAIR 2322/8722 HWT_079779
DNA_REPAIR 2323/8722 HWT_079955
DNA_REPAIR 2324/8722 HWT_080368
DNA_REPAIR 2325/8722 HWT_080531
DNA_REPAIR 2326/8722 HWT_081590
DNA_REPAIR 2327/8722 HWT_081811
DNA_REPAIR 2328/8722 HWT_082024
DNA_REPAIR 2329/8722 HWT_082828
DNA_REPAIR 2330/8722 HWT_082988
DNA_REPAIR 2331/8722 HWT_083384
DNA_REPAIR 2332/8722 HWT_083493
DNA_REPAIR 2333/8722 HWT_084315
DNA_REPAIR 2334/8722 HWT_084430
DNA_REPAIR 2335/8722 HWT_084543
DNA_REPAIR 2336/8722 HWT_084578
DNA_REPAIR 2337/8722 HWT_084618
DNA_REPAIR 2338/8722 HWT_085262
DNA_REPAIR 2339/8722 HWT_085966
DNA_REPAIR 2340/8722 HWT_086996
DNA_REPAIR 2341/8722 HWT_087055
DNA_REPAIR 2342/8722 HWT_087068
DNA_REPAIR 2343/8722 HWT_087223
DNA_REPAIR 2344/8722 HWT_087555
DNA_REPAIR 2345/8722 HWT_087607
DNA_REPAIR 2346/8722 HWT_087721
DNA_REPAIR 2347/8722 HWT_087809
DNA_REPAIR 2348/8722 HWT_087992
DNA_REPAIR 2349/8722 HWT_088377
DNA_REPAIR 2350/8722 HWT_088539
DNA_REPAIR 2351/8722 HWT_088572
DNA_REPAIR 2352/8722 HWT_088607
DNA_REPAIR 2353/8722 HWT_088768
DNA_REPAIR 2354/8722 HWT_088825
DNA_REPAIR 2355/8722 HWT_088905
DNA_REPAIR 2356/8722 HWT_089371
DNA_REPAIR 2357/8722 HWT_089479
DNA_REPAIR 2358/8722 HWT_089494
DNA_REPAIR 2359/8722 HWT_089554
DNA_REPAIR 2360/8722 HWT_089634
DNA_REPAIR 2361/8722 HWT_089911
DNA_REPAIR 2362/8722 HWT_090055
DNA_REPAIR 2363/8722 HWT_090224
DNA_REPAIR 2364/8722 HWT_090349
DNA_REPAIR 2365/8722 HWT_090570
DNA_REPAIR 2366/8722 HWT_090735
DNA_REPAIR 2367/8722 HWT_090815
DNA_REPAIR 2368/8722 HWT_090842
DNA_REPAIR 2369/8722 HWT_091332
DNA_REPAIR 2370/8722 HWT_091337
DNA_REPAIR 2371/8722 HWT_091376
DNA_REPAIR 2372/8722 HWT_091399
DNA_REPAIR 2373/8722 HWT_091477
DNA_REPAIR 2374/8722 HWT_091654
DNA_REPAIR 2375/8722 HWT_092228
DNA_REPAIR 2376/8722 HWT_092278
DNA_REPAIR 2377/8722 HWT_092297
DNA_REPAIR 2378/8722 HWT_092377
DNA_REPAIR 2379/8722 HWT_092581
DNA_REPAIR 2380/8722 HWT_093186
DNA_REPAIR 2381/8722 HWT_093509
DNA_REPAIR 2382/8722 HWT_093962
DNA_REPAIR 2383/8722 HWT_094338
DNA_REPAIR 2384/8722 HWT_094340
DNA_REPAIR 2385/8722 HWT_094367
DNA_REPAIR 2386/8722 HWT_094481
DNA_REPAIR 2387/8722 HWT_094584
DNA_REPAIR 2388/8722 HWT_094640
DNA_REPAIR 2389/8722 HWT_094682
DNA_REPAIR 2390/8722 HWT_095011
DNA_REPAIR 2391/8722 HWT_095044
DNA_REPAIR 2392/8722 HWT_095158
DNA_REPAIR 2393/8722 HWT_095178
DNA_REPAIR 2394/8722 HWT_095203
DNA_REPAIR 2395/8722 HWT_095356
DNA_REPAIR 2396/8722 HWT_095868
DNA_REPAIR 2397/8722 HWT_096105
DNA_REPAIR 2398/8722 HWT_096242
DNA_REPAIR 2399/8722 HWT_096262
DNA_REPAIR 2400/8722 HWT_096701
DNA_REPAIR 2401/8722 HWT_097089
DNA_REPAIR 2402/8722 HWT_097730
DNA_REPAIR 2403/8722 HWT_097786
DNA_REPAIR 2404/8722 HWT_097874
DNA_REPAIR 2405/8722 HWT_097966
DNA_REPAIR 2406/8722 HWT_098502
DNA_REPAIR 2407/8722 HWT_098732
DNA_REPAIR 2408/8722 HWT_099246
DNA_REPAIR 2409/8722 HWT_099640
DNA_REPAIR 2410/8722 HWT_099740
DNA_REPAIR 2411/8722 HWT_099937
DNA_REPAIR 2412/8722 HWT_099940
DNA_REPAIR 2413/8722 HWT_100130
DNA_REPAIR 2414/8722 HWT_100161
DNA_REPAIR 2415/8722 HWT_100248
DNA_REPAIR 2416/8722 HWT_100907
DNA_REPAIR 2417/8722 HWT_101500
DNA_REPAIR 2418/8722 HWT_101589
DNA_REPAIR 2419/8722 HWT_101622
DNA_REPAIR 2420/8722 HWT_101628
DNA_REPAIR 2421/8722 HWT_101761
DNA_REPAIR 2422/8722 HWT_102028
DNA_REPAIR 2423/8722 HWT_102453
DNA_REPAIR 2424/8722 HWT_102897
DNA_REPAIR 2425/8722 HWT_103229
DNA_REPAIR 2426/8722 HWT_103869
DNA_REPAIR 2427/8722 HWT_104069
DNA_REPAIR 2428/8722 HWT_104147
DNA_REPAIR 2429/8722 HWT_104403
DNA_REPAIR 2430/8722 HWT_104651
DNA_REPAIR 2431/8722 HWT_104806
DNA_REPAIR 2432/8722 HWT_105112
DNA_REPAIR 2433/8722 HWT_105492
DNA_REPAIR 2434/8722 HWT_105695
DNA_REPAIR 2435/8722 HWT_105717
DNA_REPAIR 2436/8722 HWT_105901
DNA_REPAIR 2437/8722 HWT_105923
DNA_REPAIR 2438/8722 HWT_106956
DNA_REPAIR 2439/8722 HWT_107132
DNA_REPAIR 2440/8722 HWT_107133
DNA_REPAIR 2441/8722 HWT_107281
DNA_REPAIR 2442/8722 HWT_107429
DNA_REPAIR 2443/8722 HWT_107438
DNA_REPAIR 2444/8722 HWT_107523
DNA_REPAIR 2445/8722 HWT_107707
DNA_REPAIR 2446/8722 HWT_108017
DNA_REPAIR 2447/8722 HWT_108423
DNA_REPAIR 2448/8722 HWT_006295
DNA_REPAIR 2449/8722 HWT_006706
DNA_REPAIR 2450/8722 HWT_007713
DNA_REPAIR 2451/8722 HWT_007986
DNA_REPAIR 2452/8722 HWT_020419
DNA_REPAIR 2453/8722 HWT_025548
DNA_REPAIR 2454/8722 HWT_027437
DNA_REPAIR 2455/8722 HWT_035794
DNA_REPAIR 2456/8722 HWT_036740
DNA_REPAIR 2457/8722 HWT_037659
DNA_REPAIR 2458/8722 HWT_040617
DNA_REPAIR 2459/8722 HWT_040857
DNA_REPAIR 2460/8722 HWT_041613
DNA_REPAIR 2461/8722 HWT_041814
DNA_REPAIR 2462/8722 HWT_044469
DNA_REPAIR 2463/8722 HWT_044472
DNA_REPAIR 2464/8722 HWT_045413
DNA_REPAIR 2465/8722 HWT_046642
DNA_REPAIR 2466/8722 HWT_046659
DNA_REPAIR 2467/8722 HWT_046688
DNA_REPAIR 2468/8722 HWT_046714
DNA_REPAIR 2469/8722 HWT_046987
DNA_REPAIR 2470/8722 HWT_047216
DNA_REPAIR 2471/8722 HWT_047511
DNA_REPAIR 2472/8722 HWT_056847
DNA_REPAIR 2473/8722 HWT_059680
DNA_REPAIR 2474/8722 HWT_061759
DNA_REPAIR 2475/8722 HWT_062770
DNA_REPAIR 2476/8722 HWT_064418
DNA_REPAIR 2477/8722 HWT_066762
DNA_REPAIR 2478/8722 HWT_067709
DNA_REPAIR 2479/8722 HWT_068211
DNA_REPAIR 2480/8722 HWT_068586
DNA_REPAIR 2481/8722 HWT_068624
DNA_REPAIR 2482/8722 HWT_068834
DNA_REPAIR 2483/8722 HWT_068930
DNA_REPAIR 2484/8722 HWT_069105
DNA_REPAIR 2485/8722 HWT_069385
DNA_REPAIR 2486/8722 HWT_071412
DNA_REPAIR 2487/8722 HWT_073161
DNA_REPAIR 2488/8722 HWT_074353
DNA_REPAIR 2489/8722 HWT_076280
DNA_REPAIR 2490/8722 HWT_076729
DNA_REPAIR 2491/8722 HWT_077233
DNA_REPAIR 2492/8722 HWT_077370
DNA_REPAIR 2493/8722 HWT_077424
DNA_REPAIR 2494/8722 HWT_078520
DNA_REPAIR 2495/8722 HWT_079717
DNA_REPAIR 2496/8722 HWT_082658
DNA_REPAIR 2497/8722 HWT_083997
DNA_REPAIR 2498/8722 HWT_086741
DNA_REPAIR 2499/8722 HWT_087047
DNA_REPAIR 2500/8722 HWT_091513
DNA_REPAIR 2501/8722 HWT_092334
DNA_REPAIR 2502/8722 HWT_092597
DNA_REPAIR 2503/8722 HWT_098673
DNA_REPAIR 2504/8722 HWT_099123
DNA_REPAIR 2505/8722 HWT_099884
DNA_REPAIR 2506/8722 HWT_103507
DNA_REPAIR 2507/8722 HWT_106048
DNA_REPAIR 2508/8722 HWT_106166
DNA_REPAIR 2509/8722 HWT_106394
DNA_REPAIR 2510/8722 HWT_106465
DNA_REPAIR 2511/8722 HWT_107422
DNA_REPAIR 2512/8722 HWT_000231
DNA_REPAIR 2513/8722 HWT_002214
DNA_REPAIR 2514/8722 HWT_002930
DNA_REPAIR 2515/8722 HWT_006340
DNA_REPAIR 2516/8722 HWT_007492
DNA_REPAIR 2517/8722 HWT_008705
DNA_REPAIR 2518/8722 HWT_012540
DNA_REPAIR 2519/8722 HWT_012541
DNA_REPAIR 2520/8722 HWT_018346
DNA_REPAIR 2521/8722 HWT_023616
DNA_REPAIR 2522/8722 HWT_026899
DNA_REPAIR 2523/8722 HWT_027276
DNA_REPAIR 2524/8722 HWT_029392
DNA_REPAIR 2525/8722 HWT_031122
DNA_REPAIR 2526/8722 HWT_033044
DNA_REPAIR 2527/8722 HWT_033851
DNA_REPAIR 2528/8722 HWT_041227
DNA_REPAIR 2529/8722 HWT_042603
DNA_REPAIR 2530/8722 HWT_044017
DNA_REPAIR 2531/8722 HWT_044172
DNA_REPAIR 2532/8722 HWT_044993
DNA_REPAIR 2533/8722 HWT_045197
DNA_REPAIR 2534/8722 HWT_046296
DNA_REPAIR 2535/8722 HWT_046309
DNA_REPAIR 2536/8722 HWT_046565
DNA_REPAIR 2537/8722 HWT_053984
DNA_REPAIR 2538/8722 HWT_054175
DNA_REPAIR 2539/8722 HWT_059849
DNA_REPAIR 2540/8722 HWT_065355
DNA_REPAIR 2541/8722 HWT_065495
DNA_REPAIR 2542/8722 HWT_068441
DNA_REPAIR 2543/8722 HWT_068509
DNA_REPAIR 2544/8722 HWT_068722
DNA_REPAIR 2545/8722 HWT_071216
DNA_REPAIR 2546/8722 HWT_071552
DNA_REPAIR 2547/8722 HWT_071670
DNA_REPAIR 2548/8722 HWT_071744
DNA_REPAIR 2549/8722 HWT_072118
DNA_REPAIR 2550/8722 HWT_073839
DNA_REPAIR 2551/8722 HWT_073927
DNA_REPAIR 2552/8722 HWT_074072
DNA_REPAIR 2553/8722 HWT_079157
DNA_REPAIR 2554/8722 HWT_080932
DNA_REPAIR 2555/8722 HWT_081252
DNA_REPAIR 2556/8722 HWT_082892
DNA_REPAIR 2557/8722 HWT_083768
DNA_REPAIR 2558/8722 HWT_083925
DNA_REPAIR 2559/8722 HWT_085013
DNA_REPAIR 2560/8722 HWT_085022
DNA_REPAIR 2561/8722 HWT_085969
DNA_REPAIR 2562/8722 HWT_086079
DNA_REPAIR 2563/8722 HWT_087023
DNA_REPAIR 2564/8722 HWT_088302
DNA_REPAIR 2565/8722 HWT_089611
DNA_REPAIR 2566/8722 HWT_091377
DNA_REPAIR 2567/8722 HWT_096521
DNA_REPAIR 2568/8722 HWT_097313
DNA_REPAIR 2569/8722 HWT_101385
DNA_REPAIR 2570/8722 HWT_049392
DNA_REPAIR 2571/8722 HWT_000716
DNA_REPAIR 2572/8722 HWT_000949
DNA_REPAIR 2573/8722 HWT_003800
DNA_REPAIR 2574/8722 HWT_005994
DNA_REPAIR 2575/8722 HWT_006201
DNA_REPAIR 2576/8722 HWT_007327
DNA_REPAIR 2577/8722 HWT_007884
DNA_REPAIR 2578/8722 HWT_015751
DNA_REPAIR 2579/8722 HWT_019331
DNA_REPAIR 2580/8722 HWT_020778
DNA_REPAIR 2581/8722 HWT_025263
DNA_REPAIR 2582/8722 HWT_025433
DNA_REPAIR 2583/8722 HWT_035780
DNA_REPAIR 2584/8722 HWT_044841
DNA_REPAIR 2585/8722 HWT_066548
DNA_REPAIR 2586/8722 HWT_066677
DNA_REPAIR 2587/8722 HWT_066930
DNA_REPAIR 2588/8722 HWT_067185
DNA_REPAIR 2589/8722 HWT_069879
DNA_REPAIR 2590/8722 HWT_070034
DNA_REPAIR 2591/8722 HWT_070338
DNA_REPAIR 2592/8722 HWT_070636
DNA_REPAIR 2593/8722 HWT_071972
DNA_REPAIR 2594/8722 HWT_072004
DNA_REPAIR 2595/8722 HWT_074367
DNA_REPAIR 2596/8722 HWT_075140
DNA_REPAIR 2597/8722 HWT_075396
DNA_REPAIR 2598/8722 HWT_078337
DNA_REPAIR 2599/8722 HWT_078418
DNA_REPAIR 2600/8722 HWT_078829
DNA_REPAIR 2601/8722 HWT_081221
DNA_REPAIR 2602/8722 HWT_081791
DNA_REPAIR 2603/8722 HWT_081851
DNA_REPAIR 2604/8722 HWT_083072
DNA_REPAIR 2605/8722 HWT_086244
DNA_REPAIR 2606/8722 HWT_086617
DNA_REPAIR 2607/8722 HWT_087749
DNA_REPAIR 2608/8722 HWT_088551
DNA_REPAIR 2609/8722 HWT_091446
DNA_REPAIR 2610/8722 HWT_091795
DNA_REPAIR 2611/8722 HWT_096037
DNA_REPAIR 2612/8722 HWT_097340
DNA_REPAIR 2613/8722 HWT_099119
DNA_REPAIR 2614/8722 HWT_103886
DNA_REPAIR 2615/8722 HWT_104013
DNA_REPAIR 2616/8722 HWT_107999
DNA_REPAIR 2617/8722 HWT_108005
DNA_REPAIR 2618/8722 HWT_108431
DNA_REPAIR 2619/8722 HWT_000401
DNA_REPAIR 2620/8722 HWT_001153
DNA_REPAIR 2621/8722 HWT_001173
DNA_REPAIR 2622/8722 HWT_003556
DNA_REPAIR 2623/8722 HWT_006648
DNA_REPAIR 2624/8722 HWT_007606
DNA_REPAIR 2625/8722 HWT_010117
DNA_REPAIR 2626/8722 HWT_012750
DNA_REPAIR 2627/8722 HWT_017935
DNA_REPAIR 2628/8722 HWT_018754
DNA_REPAIR 2629/8722 HWT_029786
DNA_REPAIR 2630/8722 HWT_030373
DNA_REPAIR 2631/8722 HWT_031276
DNA_REPAIR 2632/8722 HWT_032879
DNA_REPAIR 2633/8722 HWT_035739
DNA_REPAIR 2634/8722 HWT_036791
DNA_REPAIR 2635/8722 HWT_038157
DNA_REPAIR 2636/8722 HWT_040182
DNA_REPAIR 2637/8722 HWT_041029
DNA_REPAIR 2638/8722 HWT_041660
DNA_REPAIR 2639/8722 HWT_047030
DNA_REPAIR 2640/8722 HWT_047688
DNA_REPAIR 2641/8722 HWT_048142
DNA_REPAIR 2642/8722 HWT_049054
DNA_REPAIR 2643/8722 HWT_059809
DNA_REPAIR 2644/8722 HWT_059817
DNA_REPAIR 2645/8722 HWT_059836
DNA_REPAIR 2646/8722 HWT_059844
DNA_REPAIR 2647/8722 HWT_059845
DNA_REPAIR 2648/8722 HWT_059980
DNA_REPAIR 2649/8722 HWT_059991
DNA_REPAIR 2650/8722 HWT_059993
DNA_REPAIR 2651/8722 HWT_059994
DNA_REPAIR 2652/8722 HWT_063015
DNA_REPAIR 2653/8722 HWT_063378
DNA_REPAIR 2654/8722 HWT_065548
DNA_REPAIR 2655/8722 HWT_066541
DNA_REPAIR 2656/8722 HWT_068503
DNA_REPAIR 2657/8722 HWT_068615
DNA_REPAIR 2658/8722 HWT_068890
DNA_REPAIR 2659/8722 HWT_070745
DNA_REPAIR 2660/8722 HWT_070809
DNA_REPAIR 2661/8722 HWT_071660
DNA_REPAIR 2662/8722 HWT_074531
DNA_REPAIR 2663/8722 HWT_079225
DNA_REPAIR 2664/8722 HWT_081147
DNA_REPAIR 2665/8722 HWT_086050
DNA_REPAIR 2666/8722 HWT_091924
DNA_REPAIR 2667/8722 HWT_094630
DNA_REPAIR 2668/8722 HWT_095343
DNA_REPAIR 2669/8722 HWT_096749
DNA_REPAIR 2670/8722 HWT_012300
DNA_REPAIR 2671/8722 HWT_076659
DNA_REPAIR 2672/8722 HWT_099702
DNA_REPAIR 2673/8722 HWT_006153
DNA_REPAIR 2674/8722 HWT_035636
DNA_REPAIR 2675/8722 HWT_048913
DNA_REPAIR 2676/8722 HWT_000480
DNA_REPAIR 2677/8722 HWT_000508
DNA_REPAIR 2678/8722 HWT_000606
DNA_REPAIR 2679/8722 HWT_000784
DNA_REPAIR 2680/8722 HWT_003121
DNA_REPAIR 2681/8722 HWT_005044
DNA_REPAIR 2682/8722 HWT_005231
DNA_REPAIR 2683/8722 HWT_005263
DNA_REPAIR 2684/8722 HWT_005410
DNA_REPAIR 2685/8722 HWT_006234
DNA_REPAIR 2686/8722 HWT_006751
DNA_REPAIR 2687/8722 HWT_007294
DNA_REPAIR 2688/8722 HWT_007569
DNA_REPAIR 2689/8722 HWT_008903
DNA_REPAIR 2690/8722 HWT_009440
DNA_REPAIR 2691/8722 HWT_010362
DNA_REPAIR 2692/8722 HWT_010617
DNA_REPAIR 2693/8722 HWT_012711
DNA_REPAIR 2694/8722 HWT_015126
DNA_REPAIR 2695/8722 HWT_015160
DNA_REPAIR 2696/8722 HWT_017490
DNA_REPAIR 2697/8722 HWT_021014
DNA_REPAIR 2698/8722 HWT_022657
DNA_REPAIR 2699/8722 HWT_029784
DNA_REPAIR 2700/8722 HWT_030328
DNA_REPAIR 2701/8722 HWT_031103
DNA_REPAIR 2702/8722 HWT_031169
DNA_REPAIR 2703/8722 HWT_034369
DNA_REPAIR 2704/8722 HWT_035929
DNA_REPAIR 2705/8722 HWT_036052
DNA_REPAIR 2706/8722 HWT_036270
DNA_REPAIR 2707/8722 HWT_037170
DNA_REPAIR 2708/8722 HWT_037208
DNA_REPAIR 2709/8722 HWT_038663
DNA_REPAIR 2710/8722 HWT_038938
DNA_REPAIR 2711/8722 HWT_040537
DNA_REPAIR 2712/8722 HWT_040580
DNA_REPAIR 2713/8722 HWT_040780
DNA_REPAIR 2714/8722 HWT_040788
DNA_REPAIR 2715/8722 HWT_040996
DNA_REPAIR 2716/8722 HWT_041003
DNA_REPAIR 2717/8722 HWT_041211
DNA_REPAIR 2718/8722 HWT_043630
DNA_REPAIR 2719/8722 HWT_043644
DNA_REPAIR 2720/8722 HWT_044561
DNA_REPAIR 2721/8722 HWT_045106
DNA_REPAIR 2722/8722 HWT_045384
DNA_REPAIR 2723/8722 HWT_046161
DNA_REPAIR 2724/8722 HWT_046396
DNA_REPAIR 2725/8722 HWT_047823
DNA_REPAIR 2726/8722 HWT_047828
DNA_REPAIR 2727/8722 HWT_047834
DNA_REPAIR 2728/8722 HWT_047945
DNA_REPAIR 2729/8722 HWT_049604
DNA_REPAIR 2730/8722 HWT_050503
DNA_REPAIR 2731/8722 HWT_052744
DNA_REPAIR 2732/8722 HWT_053145
DNA_REPAIR 2733/8722 HWT_056670
DNA_REPAIR 2734/8722 HWT_058116
DNA_REPAIR 2735/8722 HWT_059476
DNA_REPAIR 2736/8722 HWT_062271
DNA_REPAIR 2737/8722 HWT_063259
DNA_REPAIR 2738/8722 HWT_064129
DNA_REPAIR 2739/8722 HWT_064455
DNA_REPAIR 2740/8722 HWT_064664
DNA_REPAIR 2741/8722 HWT_064826
DNA_REPAIR 2742/8722 HWT_064856
DNA_REPAIR 2743/8722 HWT_064893
DNA_REPAIR 2744/8722 HWT_064904
DNA_REPAIR 2745/8722 HWT_065089
DNA_REPAIR 2746/8722 HWT_066182
DNA_REPAIR 2747/8722 HWT_066995
DNA_REPAIR 2748/8722 HWT_068622
DNA_REPAIR 2749/8722 HWT_068804
DNA_REPAIR 2750/8722 HWT_069018
DNA_REPAIR 2751/8722 HWT_069093
DNA_REPAIR 2752/8722 HWT_069343
DNA_REPAIR 2753/8722 HWT_069378
DNA_REPAIR 2754/8722 HWT_070255
DNA_REPAIR 2755/8722 HWT_071172
DNA_REPAIR 2756/8722 HWT_071554
DNA_REPAIR 2757/8722 HWT_071766
DNA_REPAIR 2758/8722 HWT_073340
DNA_REPAIR 2759/8722 HWT_073343
DNA_REPAIR 2760/8722 HWT_073480
DNA_REPAIR 2761/8722 HWT_073481
DNA_REPAIR 2762/8722 HWT_073827
DNA_REPAIR 2763/8722 HWT_074080
DNA_REPAIR 2764/8722 HWT_074240
DNA_REPAIR 2765/8722 HWT_074750
DNA_REPAIR 2766/8722 HWT_075618
DNA_REPAIR 2767/8722 HWT_075683
DNA_REPAIR 2768/8722 HWT_076328
DNA_REPAIR 2769/8722 HWT_076777
DNA_REPAIR 2770/8722 HWT_077407
DNA_REPAIR 2771/8722 HWT_077408
DNA_REPAIR 2772/8722 HWT_077620
DNA_REPAIR 2773/8722 HWT_077643
DNA_REPAIR 2774/8722 HWT_077777
DNA_REPAIR 2775/8722 HWT_077791
DNA_REPAIR 2776/8722 HWT_078246
DNA_REPAIR 2777/8722 HWT_079360
DNA_REPAIR 2778/8722 HWT_082453
DNA_REPAIR 2779/8722 HWT_083041
DNA_REPAIR 2780/8722 HWT_084524
DNA_REPAIR 2781/8722 HWT_085609
DNA_REPAIR 2782/8722 HWT_085624
DNA_REPAIR 2783/8722 HWT_085723
DNA_REPAIR 2784/8722 HWT_085876
DNA_REPAIR 2785/8722 HWT_086289
DNA_REPAIR 2786/8722 HWT_088173
DNA_REPAIR 2787/8722 HWT_088238
DNA_REPAIR 2788/8722 HWT_090061
DNA_REPAIR 2789/8722 HWT_090144
DNA_REPAIR 2790/8722 HWT_092582
DNA_REPAIR 2791/8722 HWT_092674
DNA_REPAIR 2792/8722 HWT_092869
DNA_REPAIR 2793/8722 HWT_094550
DNA_REPAIR 2794/8722 HWT_094577
DNA_REPAIR 2795/8722 HWT_095000
DNA_REPAIR 2796/8722 HWT_096362
DNA_REPAIR 2797/8722 HWT_097993
DNA_REPAIR 2798/8722 HWT_098662
DNA_REPAIR 2799/8722 HWT_099773
DNA_REPAIR 2800/8722 HWT_100032
DNA_REPAIR 2801/8722 HWT_101778
DNA_REPAIR 2802/8722 HWT_101891
DNA_REPAIR 2803/8722 HWT_102686
DNA_REPAIR 2804/8722 HWT_103627
DNA_REPAIR 2805/8722 HWT_103656
DNA_REPAIR 2806/8722 HWT_105342
DNA_REPAIR 2807/8722 HWT_105907
DNA_REPAIR 2808/8722 HWT_106116
DNA_REPAIR 2809/8722 HWT_106126
DNA_REPAIR 2810/8722 HWT_106351
DNA_REPAIR 2811/8722 HWT_106383
DNA_REPAIR 2812/8722 HWT_106424
DNA_REPAIR 2813/8722 HWT_107784
DNA_REPAIR 2814/8722 HWT_108672
DNA_REPAIR 2815/8722 HWT_020522
DNA_REPAIR 2816/8722 HWT_042405
DNA_REPAIR 2817/8722 HWT_002241
DNA_REPAIR 2818/8722 HWT_044916
DNA_REPAIR 2819/8722 HWT_088899
DNA_REPAIR 2820/8722 HWT_103126
DNA_REPAIR 2821/8722 HWT_066812
DNA_REPAIR 2822/8722 HWT_067798
DNA_REPAIR 2823/8722 HWT_068087
DNA_REPAIR 2824/8722 HWT_068936
DNA_REPAIR 2825/8722 HWT_073351
DNA_REPAIR 2826/8722 HWT_082371
DNA_REPAIR 2827/8722 HWT_087671
DNA_REPAIR 2828/8722 HWT_095080
DNA_REPAIR 2829/8722 HWT_095226
DNA_REPAIR 2830/8722 HWT_096379
DNA_REPAIR 2831/8722 HWT_100148
DNA_REPAIR 2832/8722 HWT_004837
DNA_REPAIR 2833/8722 HWT_012644
DNA_REPAIR 2834/8722 HWT_012650
DNA_REPAIR 2835/8722 HWT_012651
DNA_REPAIR 2836/8722 HWT_012678
DNA_REPAIR 2837/8722 HWT_022983
DNA_REPAIR 2838/8722 HWT_036580
DNA_REPAIR 2839/8722 HWT_039869
DNA_REPAIR 2840/8722 HWT_041946
DNA_REPAIR 2841/8722 HWT_043595
DNA_REPAIR 2842/8722 HWT_088891
DNA_REPAIR 2843/8722 HWT_049328
DNA_REPAIR 2844/8722 HWT_070891
DNA_REPAIR 2845/8722 HWT_089427
DNA_REPAIR 2846/8722 HWT_108397
DNA_REPAIR 2847/8722 HWT_012031
DNA_REPAIR 2848/8722 HWT_027785
DNA_REPAIR 2849/8722 HWT_031260
DNA_REPAIR 2850/8722 HWT_034979
DNA_REPAIR 2851/8722 HWT_036686
DNA_REPAIR 2852/8722 HWT_039563
DNA_REPAIR 2853/8722 HWT_039682
DNA_REPAIR 2854/8722 HWT_040363
DNA_REPAIR 2855/8722 HWT_041748
DNA_REPAIR 2856/8722 HWT_041841
DNA_REPAIR 2857/8722 HWT_042010
DNA_REPAIR 2858/8722 HWT_044788
DNA_REPAIR 2859/8722 HWT_045097
DNA_REPAIR 2860/8722 HWT_045139
DNA_REPAIR 2861/8722 HWT_045168
DNA_REPAIR 2862/8722 HWT_045171
DNA_REPAIR 2863/8722 HWT_045402
DNA_REPAIR 2864/8722 HWT_046656
DNA_REPAIR 2865/8722 HWT_047009
DNA_REPAIR 2866/8722 HWT_048305
DNA_REPAIR 2867/8722 HWT_049371
DNA_REPAIR 2868/8722 HWT_065258
DNA_REPAIR 2869/8722 HWT_066258
DNA_REPAIR 2870/8722 HWT_066394
DNA_REPAIR 2871/8722 HWT_067942
DNA_REPAIR 2872/8722 HWT_068105
DNA_REPAIR 2873/8722 HWT_068884
DNA_REPAIR 2874/8722 HWT_071441
DNA_REPAIR 2875/8722 HWT_072134
DNA_REPAIR 2876/8722 HWT_077689
DNA_REPAIR 2877/8722 HWT_077718
DNA_REPAIR 2878/8722 HWT_080005
DNA_REPAIR 2879/8722 HWT_081955
DNA_REPAIR 2880/8722 HWT_084129
DNA_REPAIR 2881/8722 HWT_089828
DNA_REPAIR 2882/8722 HWT_090441
DNA_REPAIR 2883/8722 HWT_091835
DNA_REPAIR 2884/8722 HWT_093257
DNA_REPAIR 2885/8722 HWT_093480
DNA_REPAIR 2886/8722 HWT_093834
DNA_REPAIR 2887/8722 HWT_093948
DNA_REPAIR 2888/8722 HWT_094820
DNA_REPAIR 2889/8722 HWT_095647
DNA_REPAIR 2890/8722 HWT_098194
DNA_REPAIR 2891/8722 HWT_099249
DNA_REPAIR 2892/8722 HWT_100997
DNA_REPAIR 2893/8722 HWT_103705
DNA_REPAIR 2894/8722 HWT_104206
DNA_REPAIR 2895/8722 HWT_104374
DNA_REPAIR 2896/8722 HWT_105132
DNA_REPAIR 2897/8722 HWT_105604
DNA_REPAIR 2898/8722 HWT_108182
DNA_REPAIR 2899/8722 HWT_108587
DNA_REPAIR 2900/8722 HWT_108666
DNA_REPAIR 2901/8722 HWT_006950
DNA_REPAIR 2902/8722 HWT_009954
DNA_REPAIR 2903/8722 HWT_010412
DNA_REPAIR 2904/8722 HWT_012286
DNA_REPAIR 2905/8722 HWT_026201
DNA_REPAIR 2906/8722 HWT_032316
DNA_REPAIR 2907/8722 HWT_033927
DNA_REPAIR 2908/8722 HWT_036149
DNA_REPAIR 2909/8722 HWT_044883
DNA_REPAIR 2910/8722 HWT_047479
DNA_REPAIR 2911/8722 HWT_047494
DNA_REPAIR 2912/8722 HWT_048034
DNA_REPAIR 2913/8722 HWT_053101
DNA_REPAIR 2914/8722 HWT_061989
DNA_REPAIR 2915/8722 HWT_063467
DNA_REPAIR 2916/8722 HWT_065517
DNA_REPAIR 2917/8722 HWT_068480
DNA_REPAIR 2918/8722 HWT_070414
DNA_REPAIR 2919/8722 HWT_070903
DNA_REPAIR 2920/8722 HWT_071434
DNA_REPAIR 2921/8722 HWT_076150
DNA_REPAIR 2922/8722 HWT_079178
DNA_REPAIR 2923/8722 HWT_081157
DNA_REPAIR 2924/8722 HWT_082049
DNA_REPAIR 2925/8722 HWT_082868
DNA_REPAIR 2926/8722 HWT_083169
DNA_REPAIR 2927/8722 HWT_085136
DNA_REPAIR 2928/8722 HWT_086484
DNA_REPAIR 2929/8722 HWT_086833
DNA_REPAIR 2930/8722 HWT_087067
DNA_REPAIR 2931/8722 HWT_088254
DNA_REPAIR 2932/8722 HWT_091990
DNA_REPAIR 2933/8722 HWT_105052
DNA_REPAIR 2934/8722 HWT_105298
DNA_REPAIR 2935/8722 HWT_107016
DNA_REPAIR 2936/8722 HWT_002177
DNA_REPAIR 2937/8722 HWT_002647
DNA_REPAIR 2938/8722 HWT_004455
DNA_REPAIR 2939/8722 HWT_007242
DNA_REPAIR 2940/8722 HWT_009817
DNA_REPAIR 2941/8722 HWT_011150
DNA_REPAIR 2942/8722 HWT_021711
DNA_REPAIR 2943/8722 HWT_026607
DNA_REPAIR 2944/8722 HWT_028770
DNA_REPAIR 2945/8722 HWT_031163
DNA_REPAIR 2946/8722 HWT_036329
DNA_REPAIR 2947/8722 HWT_036497
DNA_REPAIR 2948/8722 HWT_036745
DNA_REPAIR 2949/8722 HWT_038406
DNA_REPAIR 2950/8722 HWT_041945
DNA_REPAIR 2951/8722 HWT_044590
DNA_REPAIR 2952/8722 HWT_044988
DNA_REPAIR 2953/8722 HWT_045341
DNA_REPAIR 2954/8722 HWT_045481
DNA_REPAIR 2955/8722 HWT_046046
DNA_REPAIR 2956/8722 HWT_047156
DNA_REPAIR 2957/8722 HWT_047433
DNA_REPAIR 2958/8722 HWT_047983
DNA_REPAIR 2959/8722 HWT_048300
DNA_REPAIR 2960/8722 HWT_049266
DNA_REPAIR 2961/8722 HWT_049373
DNA_REPAIR 2962/8722 HWT_049440
DNA_REPAIR 2963/8722 HWT_055834
DNA_REPAIR 2964/8722 HWT_063602
DNA_REPAIR 2965/8722 HWT_066013
DNA_REPAIR 2966/8722 HWT_067237
DNA_REPAIR 2967/8722 HWT_068786
DNA_REPAIR 2968/8722 HWT_073627
DNA_REPAIR 2969/8722 HWT_080235
DNA_REPAIR 2970/8722 HWT_083476
DNA_REPAIR 2971/8722 HWT_086679
DNA_REPAIR 2972/8722 HWT_099401
DNA_REPAIR 2973/8722 HWT_099746
DNA_REPAIR 2974/8722 HWT_100069
DNA_REPAIR 2975/8722 HWT_101715
DNA_REPAIR 2976/8722 HWT_102354
DNA_REPAIR 2977/8722 HWT_102528
DNA_REPAIR 2978/8722 HWT_103749
DNA_REPAIR 2979/8722 HWT_104611
DNA_REPAIR 2980/8722 HWT_105738
DNA_REPAIR 2981/8722 HWT_106977
DNA_REPAIR 2982/8722 HWT_107721
DNA_REPAIR 2983/8722 HWT_107735
DNA_REPAIR 2984/8722 HWT_107743
DNA_REPAIR 2985/8722 HWT_108161
DNA_REPAIR 2986/8722 HWT_108243
DNA_REPAIR 2987/8722 HWT_108568
DNA_REPAIR 2988/8722 HWT_108642
DNA_REPAIR 2989/8722 HWT_021019
DNA_REPAIR 2990/8722 HWT_000188
DNA_REPAIR 2991/8722 HWT_000303
DNA_REPAIR 2992/8722 HWT_000450
DNA_REPAIR 2993/8722 HWT_000539
DNA_REPAIR 2994/8722 HWT_000587
DNA_REPAIR 2995/8722 HWT_000713
DNA_REPAIR 2996/8722 HWT_000763
DNA_REPAIR 2997/8722 HWT_000824
DNA_REPAIR 2998/8722 HWT_000875
DNA_REPAIR 2999/8722 HWT_000910
DNA_REPAIR 3000/8722 HWT_000923
DNA_REPAIR 3001/8722 HWT_000931
DNA_REPAIR 3002/8722 HWT_000947
DNA_REPAIR 3003/8722 HWT_001010
DNA_REPAIR 3004/8722 HWT_001049
DNA_REPAIR 3005/8722 HWT_001062
DNA_REPAIR 3006/8722 HWT_001084
DNA_REPAIR 3007/8722 HWT_001206
DNA_REPAIR 3008/8722 HWT_001216
DNA_REPAIR 3009/8722 HWT_001318
DNA_REPAIR 3010/8722 HWT_001393
DNA_REPAIR 3011/8722 HWT_001396
DNA_REPAIR 3012/8722 HWT_001397
DNA_REPAIR 3013/8722 HWT_001423
DNA_REPAIR 3014/8722 HWT_001631
DNA_REPAIR 3015/8722 HWT_001839
DNA_REPAIR 3016/8722 HWT_001840
DNA_REPAIR 3017/8722 HWT_001849
DNA_REPAIR 3018/8722 HWT_001961
DNA_REPAIR 3019/8722 HWT_001994
DNA_REPAIR 3020/8722 HWT_002110
DNA_REPAIR 3021/8722 HWT_002118
DNA_REPAIR 3022/8722 HWT_002133
DNA_REPAIR 3023/8722 HWT_002208
DNA_REPAIR 3024/8722 HWT_002271
DNA_REPAIR 3025/8722 HWT_002309
DNA_REPAIR 3026/8722 HWT_002322
DNA_REPAIR 3027/8722 HWT_002545
DNA_REPAIR 3028/8722 HWT_002793
DNA_REPAIR 3029/8722 HWT_002798
DNA_REPAIR 3030/8722 HWT_002868
DNA_REPAIR 3031/8722 HWT_002900
DNA_REPAIR 3032/8722 HWT_002945
DNA_REPAIR 3033/8722 HWT_002954
DNA_REPAIR 3034/8722 HWT_002962
DNA_REPAIR 3035/8722 HWT_002974
DNA_REPAIR 3036/8722 HWT_002980
DNA_REPAIR 3037/8722 HWT_003024
DNA_REPAIR 3038/8722 HWT_003163
DNA_REPAIR 3039/8722 HWT_003176
DNA_REPAIR 3040/8722 HWT_003190
DNA_REPAIR 3041/8722 HWT_003200
DNA_REPAIR 3042/8722 HWT_003201
DNA_REPAIR 3043/8722 HWT_003251
DNA_REPAIR 3044/8722 HWT_003378
DNA_REPAIR 3045/8722 HWT_003380
DNA_REPAIR 3046/8722 HWT_003387
DNA_REPAIR 3047/8722 HWT_003427
DNA_REPAIR 3048/8722 HWT_003449
DNA_REPAIR 3049/8722 HWT_003587
DNA_REPAIR 3050/8722 HWT_003717
DNA_REPAIR 3051/8722 HWT_003750
DNA_REPAIR 3052/8722 HWT_003902
DNA_REPAIR 3053/8722 HWT_003936
DNA_REPAIR 3054/8722 HWT_003948
DNA_REPAIR 3055/8722 HWT_003967
DNA_REPAIR 3056/8722 HWT_004110
DNA_REPAIR 3057/8722 HWT_004155
DNA_REPAIR 3058/8722 HWT_004231
DNA_REPAIR 3059/8722 HWT_004233
DNA_REPAIR 3060/8722 HWT_004235
DNA_REPAIR 3061/8722 HWT_004249
DNA_REPAIR 3062/8722 HWT_004438
DNA_REPAIR 3063/8722 HWT_004449
DNA_REPAIR 3064/8722 HWT_004511
DNA_REPAIR 3065/8722 HWT_004595
DNA_REPAIR 3066/8722 HWT_004639
DNA_REPAIR 3067/8722 HWT_004647
DNA_REPAIR 3068/8722 HWT_004663
DNA_REPAIR 3069/8722 HWT_004664
DNA_REPAIR 3070/8722 HWT_004707
DNA_REPAIR 3071/8722 HWT_004737
DNA_REPAIR 3072/8722 HWT_004784
DNA_REPAIR 3073/8722 HWT_004823
DNA_REPAIR 3074/8722 HWT_004906
DNA_REPAIR 3075/8722 HWT_005069
DNA_REPAIR 3076/8722 HWT_005179
DNA_REPAIR 3077/8722 HWT_005181
DNA_REPAIR 3078/8722 HWT_005256
DNA_REPAIR 3079/8722 HWT_005413
DNA_REPAIR 3080/8722 HWT_005554
DNA_REPAIR 3081/8722 HWT_005557
DNA_REPAIR 3082/8722 HWT_005648
DNA_REPAIR 3083/8722 HWT_005704
DNA_REPAIR 3084/8722 HWT_005768
DNA_REPAIR 3085/8722 HWT_005793
DNA_REPAIR 3086/8722 HWT_005825
DNA_REPAIR 3087/8722 HWT_005895
DNA_REPAIR 3088/8722 HWT_006035
DNA_REPAIR 3089/8722 HWT_006084
DNA_REPAIR 3090/8722 HWT_006131
DNA_REPAIR 3091/8722 HWT_006183
DNA_REPAIR 3092/8722 HWT_006405
DNA_REPAIR 3093/8722 HWT_006428
DNA_REPAIR 3094/8722 HWT_006509
DNA_REPAIR 3095/8722 HWT_006582
DNA_REPAIR 3096/8722 HWT_006606
DNA_REPAIR 3097/8722 HWT_006701
DNA_REPAIR 3098/8722 HWT_006778
DNA_REPAIR 3099/8722 HWT_006800
DNA_REPAIR 3100/8722 HWT_006860
DNA_REPAIR 3101/8722 HWT_006861
DNA_REPAIR 3102/8722 HWT_006957
DNA_REPAIR 3103/8722 HWT_007113
DNA_REPAIR 3104/8722 HWT_007139
DNA_REPAIR 3105/8722 HWT_007171
DNA_REPAIR 3106/8722 HWT_007316
DNA_REPAIR 3107/8722 HWT_007373
DNA_REPAIR 3108/8722 HWT_007527
DNA_REPAIR 3109/8722 HWT_007546
DNA_REPAIR 3110/8722 HWT_007581
DNA_REPAIR 3111/8722 HWT_007607
DNA_REPAIR 3112/8722 HWT_007621
DNA_REPAIR 3113/8722 HWT_007684
DNA_REPAIR 3114/8722 HWT_007800
DNA_REPAIR 3115/8722 HWT_008051
DNA_REPAIR 3116/8722 HWT_008231
DNA_REPAIR 3117/8722 HWT_008253
DNA_REPAIR 3118/8722 HWT_008533
DNA_REPAIR 3119/8722 HWT_008622
DNA_REPAIR 3120/8722 HWT_008632
DNA_REPAIR 3121/8722 HWT_008685
DNA_REPAIR 3122/8722 HWT_008762
DNA_REPAIR 3123/8722 HWT_008798
DNA_REPAIR 3124/8722 HWT_008919
DNA_REPAIR 3125/8722 HWT_009163
DNA_REPAIR 3126/8722 HWT_009357
DNA_REPAIR 3127/8722 HWT_009362
DNA_REPAIR 3128/8722 HWT_009374
DNA_REPAIR 3129/8722 HWT_009571
DNA_REPAIR 3130/8722 HWT_009572
DNA_REPAIR 3131/8722 HWT_009582
DNA_REPAIR 3132/8722 HWT_009604
DNA_REPAIR 3133/8722 HWT_009623
DNA_REPAIR 3134/8722 HWT_009773
DNA_REPAIR 3135/8722 HWT_009821
DNA_REPAIR 3136/8722 HWT_009839
DNA_REPAIR 3137/8722 HWT_009860
DNA_REPAIR 3138/8722 HWT_009862
DNA_REPAIR 3139/8722 HWT_009863
DNA_REPAIR 3140/8722 HWT_009880
DNA_REPAIR 3141/8722 HWT_009899
DNA_REPAIR 3142/8722 HWT_009907
DNA_REPAIR 3143/8722 HWT_009911
DNA_REPAIR 3144/8722 HWT_009961
DNA_REPAIR 3145/8722 HWT_009962
DNA_REPAIR 3146/8722 HWT_010033
DNA_REPAIR 3147/8722 HWT_010036
DNA_REPAIR 3148/8722 HWT_010129
DNA_REPAIR 3149/8722 HWT_010131
DNA_REPAIR 3150/8722 HWT_010176
DNA_REPAIR 3151/8722 HWT_010177
DNA_REPAIR 3152/8722 HWT_010357
DNA_REPAIR 3153/8722 HWT_010456
DNA_REPAIR 3154/8722 HWT_010474
DNA_REPAIR 3155/8722 HWT_010559
DNA_REPAIR 3156/8722 HWT_010588
DNA_REPAIR 3157/8722 HWT_010785
DNA_REPAIR 3158/8722 HWT_010819
DNA_REPAIR 3159/8722 HWT_011017
DNA_REPAIR 3160/8722 HWT_011082
DNA_REPAIR 3161/8722 HWT_011095
DNA_REPAIR 3162/8722 HWT_011126
DNA_REPAIR 3163/8722 HWT_011133
DNA_REPAIR 3164/8722 HWT_011164
DNA_REPAIR 3165/8722 HWT_011722
DNA_REPAIR 3166/8722 HWT_011777
DNA_REPAIR 3167/8722 HWT_011778
DNA_REPAIR 3168/8722 HWT_012022
DNA_REPAIR 3169/8722 HWT_012024
DNA_REPAIR 3170/8722 HWT_012047
DNA_REPAIR 3171/8722 HWT_012089
DNA_REPAIR 3172/8722 HWT_012252
DNA_REPAIR 3173/8722 HWT_012502
DNA_REPAIR 3174/8722 HWT_012533
DNA_REPAIR 3175/8722 HWT_012626
DNA_REPAIR 3176/8722 HWT_012749
DNA_REPAIR 3177/8722 HWT_013084
DNA_REPAIR 3178/8722 HWT_013188
DNA_REPAIR 3179/8722 HWT_013359
DNA_REPAIR 3180/8722 HWT_013394
DNA_REPAIR 3181/8722 HWT_013803
DNA_REPAIR 3182/8722 HWT_013935
DNA_REPAIR 3183/8722 HWT_014530
DNA_REPAIR 3184/8722 HWT_014613
DNA_REPAIR 3185/8722 HWT_015750
DNA_REPAIR 3186/8722 HWT_015788
DNA_REPAIR 3187/8722 HWT_015789
DNA_REPAIR 3188/8722 HWT_015794
DNA_REPAIR 3189/8722 HWT_016258
DNA_REPAIR 3190/8722 HWT_016288
DNA_REPAIR 3191/8722 HWT_016369
DNA_REPAIR 3192/8722 HWT_016373
DNA_REPAIR 3193/8722 HWT_016504
DNA_REPAIR 3194/8722 HWT_016597
DNA_REPAIR 3195/8722 HWT_016737
DNA_REPAIR 3196/8722 HWT_016946
DNA_REPAIR 3197/8722 HWT_017259
DNA_REPAIR 3198/8722 HWT_018383
DNA_REPAIR 3199/8722 HWT_018422
DNA_REPAIR 3200/8722 HWT_018483
DNA_REPAIR 3201/8722 HWT_018507
DNA_REPAIR 3202/8722 HWT_018529
DNA_REPAIR 3203/8722 HWT_018672
DNA_REPAIR 3204/8722 HWT_019386
DNA_REPAIR 3205/8722 HWT_019413
DNA_REPAIR 3206/8722 HWT_019444
DNA_REPAIR 3207/8722 HWT_019500
DNA_REPAIR 3208/8722 HWT_019760
DNA_REPAIR 3209/8722 HWT_020031
DNA_REPAIR 3210/8722 HWT_020075
DNA_REPAIR 3211/8722 HWT_020129
DNA_REPAIR 3212/8722 HWT_020270
DNA_REPAIR 3213/8722 HWT_020360
DNA_REPAIR 3214/8722 HWT_020367
DNA_REPAIR 3215/8722 HWT_020401
DNA_REPAIR 3216/8722 HWT_020474
DNA_REPAIR 3217/8722 HWT_020489
DNA_REPAIR 3218/8722 HWT_020508
DNA_REPAIR 3219/8722 HWT_020777
DNA_REPAIR 3220/8722 HWT_020994
DNA_REPAIR 3221/8722 HWT_021324
DNA_REPAIR 3222/8722 HWT_021758
DNA_REPAIR 3223/8722 HWT_022242
DNA_REPAIR 3224/8722 HWT_022868
DNA_REPAIR 3225/8722 HWT_023178
DNA_REPAIR 3226/8722 HWT_023377
DNA_REPAIR 3227/8722 HWT_023405
DNA_REPAIR 3228/8722 HWT_023418
DNA_REPAIR 3229/8722 HWT_024609
DNA_REPAIR 3230/8722 HWT_024975
DNA_REPAIR 3231/8722 HWT_024997
DNA_REPAIR 3232/8722 HWT_025007
DNA_REPAIR 3233/8722 HWT_025306
DNA_REPAIR 3234/8722 HWT_025491
DNA_REPAIR 3235/8722 HWT_025598
DNA_REPAIR 3236/8722 HWT_025608
DNA_REPAIR 3237/8722 HWT_025785
DNA_REPAIR 3238/8722 HWT_025896
DNA_REPAIR 3239/8722 HWT_025918
DNA_REPAIR 3240/8722 HWT_025926
DNA_REPAIR 3241/8722 HWT_026285
DNA_REPAIR 3242/8722 HWT_026526
DNA_REPAIR 3243/8722 HWT_026566
DNA_REPAIR 3244/8722 HWT_026604
DNA_REPAIR 3245/8722 HWT_027121
DNA_REPAIR 3246/8722 HWT_027310
DNA_REPAIR 3247/8722 HWT_027445
DNA_REPAIR 3248/8722 HWT_027595
DNA_REPAIR 3249/8722 HWT_027601
DNA_REPAIR 3250/8722 HWT_027782
DNA_REPAIR 3251/8722 HWT_027811
DNA_REPAIR 3252/8722 HWT_027922
DNA_REPAIR 3253/8722 HWT_028093
DNA_REPAIR 3254/8722 HWT_028220
DNA_REPAIR 3255/8722 HWT_028229
DNA_REPAIR 3256/8722 HWT_028231
DNA_REPAIR 3257/8722 HWT_028466
DNA_REPAIR 3258/8722 HWT_028602
DNA_REPAIR 3259/8722 HWT_028615
DNA_REPAIR 3260/8722 HWT_028646
DNA_REPAIR 3261/8722 HWT_028668
DNA_REPAIR 3262/8722 HWT_028679
DNA_REPAIR 3263/8722 HWT_028852
DNA_REPAIR 3264/8722 HWT_028876
DNA_REPAIR 3265/8722 HWT_028895
DNA_REPAIR 3266/8722 HWT_028937
DNA_REPAIR 3267/8722 HWT_029031
DNA_REPAIR 3268/8722 HWT_029050
DNA_REPAIR 3269/8722 HWT_029259
DNA_REPAIR 3270/8722 HWT_029298
DNA_REPAIR 3271/8722 HWT_029424
DNA_REPAIR 3272/8722 HWT_029492
DNA_REPAIR 3273/8722 HWT_029501
DNA_REPAIR 3274/8722 HWT_029508
DNA_REPAIR 3275/8722 HWT_029515
DNA_REPAIR 3276/8722 HWT_029520
DNA_REPAIR 3277/8722 HWT_029521
DNA_REPAIR 3278/8722 HWT_029522
DNA_REPAIR 3279/8722 HWT_029532
DNA_REPAIR 3280/8722 HWT_029537
DNA_REPAIR 3281/8722 HWT_029539
DNA_REPAIR 3282/8722 HWT_029540
DNA_REPAIR 3283/8722 HWT_029542
DNA_REPAIR 3284/8722 HWT_029545
DNA_REPAIR 3285/8722 HWT_029552
DNA_REPAIR 3286/8722 HWT_029553
DNA_REPAIR 3287/8722 HWT_029555
DNA_REPAIR 3288/8722 HWT_030503
DNA_REPAIR 3289/8722 HWT_030589
DNA_REPAIR 3290/8722 HWT_030629
DNA_REPAIR 3291/8722 HWT_030779
DNA_REPAIR 3292/8722 HWT_031138
DNA_REPAIR 3293/8722 HWT_031145
DNA_REPAIR 3294/8722 HWT_031159
DNA_REPAIR 3295/8722 HWT_031191
DNA_REPAIR 3296/8722 HWT_031288
DNA_REPAIR 3297/8722 HWT_031430
DNA_REPAIR 3298/8722 HWT_031454
DNA_REPAIR 3299/8722 HWT_031560
DNA_REPAIR 3300/8722 HWT_031648
DNA_REPAIR 3301/8722 HWT_031930
DNA_REPAIR 3302/8722 HWT_032092
DNA_REPAIR 3303/8722 HWT_032134
DNA_REPAIR 3304/8722 HWT_032405
DNA_REPAIR 3305/8722 HWT_032519
DNA_REPAIR 3306/8722 HWT_032579
DNA_REPAIR 3307/8722 HWT_032763
DNA_REPAIR 3308/8722 HWT_032773
DNA_REPAIR 3309/8722 HWT_032804
DNA_REPAIR 3310/8722 HWT_032807
DNA_REPAIR 3311/8722 HWT_032839
DNA_REPAIR 3312/8722 HWT_033006
DNA_REPAIR 3313/8722 HWT_033050
DNA_REPAIR 3314/8722 HWT_033053
DNA_REPAIR 3315/8722 HWT_033129
DNA_REPAIR 3316/8722 HWT_033441
DNA_REPAIR 3317/8722 HWT_034751
DNA_REPAIR 3318/8722 HWT_034978
DNA_REPAIR 3319/8722 HWT_035097
DNA_REPAIR 3320/8722 HWT_035154
DNA_REPAIR 3321/8722 HWT_035213
DNA_REPAIR 3322/8722 HWT_035492
DNA_REPAIR 3323/8722 HWT_035648
DNA_REPAIR 3324/8722 HWT_035713
DNA_REPAIR 3325/8722 HWT_035928
DNA_REPAIR 3326/8722 HWT_036051
DNA_REPAIR 3327/8722 HWT_036080
DNA_REPAIR 3328/8722 HWT_036093
DNA_REPAIR 3329/8722 HWT_036296
DNA_REPAIR 3330/8722 HWT_036559
DNA_REPAIR 3331/8722 HWT_036692
DNA_REPAIR 3332/8722 HWT_036804
DNA_REPAIR 3333/8722 HWT_036838
DNA_REPAIR 3334/8722 HWT_036839
DNA_REPAIR 3335/8722 HWT_036840
DNA_REPAIR 3336/8722 HWT_036872
DNA_REPAIR 3337/8722 HWT_036904
DNA_REPAIR 3338/8722 HWT_036905
DNA_REPAIR 3339/8722 HWT_037068
DNA_REPAIR 3340/8722 HWT_037141
DNA_REPAIR 3341/8722 HWT_037186
DNA_REPAIR 3342/8722 HWT_037609
DNA_REPAIR 3343/8722 HWT_037825
DNA_REPAIR 3344/8722 HWT_038005
DNA_REPAIR 3345/8722 HWT_038035
DNA_REPAIR 3346/8722 HWT_038343
DNA_REPAIR 3347/8722 HWT_038626
DNA_REPAIR 3348/8722 HWT_039216
DNA_REPAIR 3349/8722 HWT_039229
DNA_REPAIR 3350/8722 HWT_039249
DNA_REPAIR 3351/8722 HWT_039766
DNA_REPAIR 3352/8722 HWT_039878
DNA_REPAIR 3353/8722 HWT_040073
DNA_REPAIR 3354/8722 HWT_040224
DNA_REPAIR 3355/8722 HWT_040349
DNA_REPAIR 3356/8722 HWT_040361
DNA_REPAIR 3357/8722 HWT_040441
DNA_REPAIR 3358/8722 HWT_040511
DNA_REPAIR 3359/8722 HWT_040687
DNA_REPAIR 3360/8722 HWT_040690
DNA_REPAIR 3361/8722 HWT_040846
DNA_REPAIR 3362/8722 HWT_041070
DNA_REPAIR 3363/8722 HWT_041209
DNA_REPAIR 3364/8722 HWT_041236
DNA_REPAIR 3365/8722 HWT_041288
DNA_REPAIR 3366/8722 HWT_041300
DNA_REPAIR 3367/8722 HWT_041390
DNA_REPAIR 3368/8722 HWT_041416
DNA_REPAIR 3369/8722 HWT_041661
DNA_REPAIR 3370/8722 HWT_041832
DNA_REPAIR 3371/8722 HWT_041925
DNA_REPAIR 3372/8722 HWT_041978
DNA_REPAIR 3373/8722 HWT_042013
DNA_REPAIR 3374/8722 HWT_042039
DNA_REPAIR 3375/8722 HWT_042193
DNA_REPAIR 3376/8722 HWT_042293
DNA_REPAIR 3377/8722 HWT_042310
DNA_REPAIR 3378/8722 HWT_042430
DNA_REPAIR 3379/8722 HWT_042588
DNA_REPAIR 3380/8722 HWT_042627
DNA_REPAIR 3381/8722 HWT_042833
DNA_REPAIR 3382/8722 HWT_042896
DNA_REPAIR 3383/8722 HWT_043019
DNA_REPAIR 3384/8722 HWT_043103
DNA_REPAIR 3385/8722 HWT_043129
DNA_REPAIR 3386/8722 HWT_043156
DNA_REPAIR 3387/8722 HWT_043182
DNA_REPAIR 3388/8722 HWT_043189
DNA_REPAIR 3389/8722 HWT_043213
DNA_REPAIR 3390/8722 HWT_043259
DNA_REPAIR 3391/8722 HWT_043275
DNA_REPAIR 3392/8722 HWT_043330
DNA_REPAIR 3393/8722 HWT_043413
DNA_REPAIR 3394/8722 HWT_043487
DNA_REPAIR 3395/8722 HWT_043490
DNA_REPAIR 3396/8722 HWT_043568
DNA_REPAIR 3397/8722 HWT_043596
DNA_REPAIR 3398/8722 HWT_043629
DNA_REPAIR 3399/8722 HWT_043633
DNA_REPAIR 3400/8722 HWT_043634
DNA_REPAIR 3401/8722 HWT_043642
DNA_REPAIR 3402/8722 HWT_043773
DNA_REPAIR 3403/8722 HWT_043780
DNA_REPAIR 3404/8722 HWT_043815
DNA_REPAIR 3405/8722 HWT_043859
DNA_REPAIR 3406/8722 HWT_043909
DNA_REPAIR 3407/8722 HWT_043916
DNA_REPAIR 3408/8722 HWT_043961
DNA_REPAIR 3409/8722 HWT_043967
DNA_REPAIR 3410/8722 HWT_043983
DNA_REPAIR 3411/8722 HWT_044015
DNA_REPAIR 3412/8722 HWT_044039
DNA_REPAIR 3413/8722 HWT_044040
DNA_REPAIR 3414/8722 HWT_044041
DNA_REPAIR 3415/8722 HWT_044073
DNA_REPAIR 3416/8722 HWT_044158
DNA_REPAIR 3417/8722 HWT_044202
DNA_REPAIR 3418/8722 HWT_044204
DNA_REPAIR 3419/8722 HWT_044208
DNA_REPAIR 3420/8722 HWT_044283
DNA_REPAIR 3421/8722 HWT_044316
DNA_REPAIR 3422/8722 HWT_044397
DNA_REPAIR 3423/8722 HWT_044503
DNA_REPAIR 3424/8722 HWT_044507
DNA_REPAIR 3425/8722 HWT_044524
DNA_REPAIR 3426/8722 HWT_044529
DNA_REPAIR 3427/8722 HWT_044536
DNA_REPAIR 3428/8722 HWT_044555
DNA_REPAIR 3429/8722 HWT_044587
DNA_REPAIR 3430/8722 HWT_044631
DNA_REPAIR 3431/8722 HWT_044656
DNA_REPAIR 3432/8722 HWT_044760
DNA_REPAIR 3433/8722 HWT_044781
DNA_REPAIR 3434/8722 HWT_044845
DNA_REPAIR 3435/8722 HWT_044869
DNA_REPAIR 3436/8722 HWT_044879
DNA_REPAIR 3437/8722 HWT_044886
DNA_REPAIR 3438/8722 HWT_044890
DNA_REPAIR 3439/8722 HWT_044999
DNA_REPAIR 3440/8722 HWT_045087
DNA_REPAIR 3441/8722 HWT_045104
DNA_REPAIR 3442/8722 HWT_045110
DNA_REPAIR 3443/8722 HWT_045195
DNA_REPAIR 3444/8722 HWT_045199
DNA_REPAIR 3445/8722 HWT_045358
DNA_REPAIR 3446/8722 HWT_045438
DNA_REPAIR 3447/8722 HWT_045479
DNA_REPAIR 3448/8722 HWT_045520
DNA_REPAIR 3449/8722 HWT_045525
DNA_REPAIR 3450/8722 HWT_045716
DNA_REPAIR 3451/8722 HWT_045771
DNA_REPAIR 3452/8722 HWT_045772
DNA_REPAIR 3453/8722 HWT_045778
DNA_REPAIR 3454/8722 HWT_045905
DNA_REPAIR 3455/8722 HWT_045934
DNA_REPAIR 3456/8722 HWT_045951
DNA_REPAIR 3457/8722 HWT_046015
DNA_REPAIR 3458/8722 HWT_046016
DNA_REPAIR 3459/8722 HWT_046098
DNA_REPAIR 3460/8722 HWT_046185
DNA_REPAIR 3461/8722 HWT_046321
DNA_REPAIR 3462/8722 HWT_046322
DNA_REPAIR 3463/8722 HWT_046340
DNA_REPAIR 3464/8722 HWT_046356
DNA_REPAIR 3465/8722 HWT_046359
DNA_REPAIR 3466/8722 HWT_046372
DNA_REPAIR 3467/8722 HWT_046423
DNA_REPAIR 3468/8722 HWT_046430
DNA_REPAIR 3469/8722 HWT_046432
DNA_REPAIR 3470/8722 HWT_046453
DNA_REPAIR 3471/8722 HWT_046473
DNA_REPAIR 3472/8722 HWT_046598
DNA_REPAIR 3473/8722 HWT_046623
DNA_REPAIR 3474/8722 HWT_046647
DNA_REPAIR 3475/8722 HWT_046675
DNA_REPAIR 3476/8722 HWT_046677
DNA_REPAIR 3477/8722 HWT_046707
DNA_REPAIR 3478/8722 HWT_046717
DNA_REPAIR 3479/8722 HWT_046731
DNA_REPAIR 3480/8722 HWT_046737
DNA_REPAIR 3481/8722 HWT_046743
DNA_REPAIR 3482/8722 HWT_046762
DNA_REPAIR 3483/8722 HWT_046768
DNA_REPAIR 3484/8722 HWT_046841
DNA_REPAIR 3485/8722 HWT_046857
DNA_REPAIR 3486/8722 HWT_046990
DNA_REPAIR 3487/8722 HWT_046991
DNA_REPAIR 3488/8722 HWT_047065
DNA_REPAIR 3489/8722 HWT_047119
DNA_REPAIR 3490/8722 HWT_047130
DNA_REPAIR 3491/8722 HWT_047144
DNA_REPAIR 3492/8722 HWT_047167
DNA_REPAIR 3493/8722 HWT_047238
DNA_REPAIR 3494/8722 HWT_047268
DNA_REPAIR 3495/8722 HWT_047347
DNA_REPAIR 3496/8722 HWT_047350
DNA_REPAIR 3497/8722 HWT_047418
DNA_REPAIR 3498/8722 HWT_047454
DNA_REPAIR 3499/8722 HWT_047539
DNA_REPAIR 3500/8722 HWT_047540
DNA_REPAIR 3501/8722 HWT_047543
DNA_REPAIR 3502/8722 HWT_047547
DNA_REPAIR 3503/8722 HWT_047569
DNA_REPAIR 3504/8722 HWT_047587
DNA_REPAIR 3505/8722 HWT_047603
DNA_REPAIR 3506/8722 HWT_047618
DNA_REPAIR 3507/8722 HWT_047619
DNA_REPAIR 3508/8722 HWT_047670
DNA_REPAIR 3509/8722 HWT_047695
DNA_REPAIR 3510/8722 HWT_047715
DNA_REPAIR 3511/8722 HWT_047738
DNA_REPAIR 3512/8722 HWT_047767
DNA_REPAIR 3513/8722 HWT_047811
DNA_REPAIR 3514/8722 HWT_047910
DNA_REPAIR 3515/8722 HWT_047948
DNA_REPAIR 3516/8722 HWT_047978
DNA_REPAIR 3517/8722 HWT_048014
DNA_REPAIR 3518/8722 HWT_048042
DNA_REPAIR 3519/8722 HWT_048048
DNA_REPAIR 3520/8722 HWT_048056
DNA_REPAIR 3521/8722 HWT_048077
DNA_REPAIR 3522/8722 HWT_048084
DNA_REPAIR 3523/8722 HWT_048103
DNA_REPAIR 3524/8722 HWT_048188
DNA_REPAIR 3525/8722 HWT_048299
DNA_REPAIR 3526/8722 HWT_048301
DNA_REPAIR 3527/8722 HWT_048302
DNA_REPAIR 3528/8722 HWT_048362
DNA_REPAIR 3529/8722 HWT_048394
DNA_REPAIR 3530/8722 HWT_048418
DNA_REPAIR 3531/8722 HWT_048434
DNA_REPAIR 3532/8722 HWT_048442
DNA_REPAIR 3533/8722 HWT_048491
DNA_REPAIR 3534/8722 HWT_048492
DNA_REPAIR 3535/8722 HWT_048534
DNA_REPAIR 3536/8722 HWT_048545
DNA_REPAIR 3537/8722 HWT_048552
DNA_REPAIR 3538/8722 HWT_048568
DNA_REPAIR 3539/8722 HWT_048583
DNA_REPAIR 3540/8722 HWT_048638
DNA_REPAIR 3541/8722 HWT_048666
DNA_REPAIR 3542/8722 HWT_048676
DNA_REPAIR 3543/8722 HWT_048689
DNA_REPAIR 3544/8722 HWT_048718
DNA_REPAIR 3545/8722 HWT_048872
DNA_REPAIR 3546/8722 HWT_048877
DNA_REPAIR 3547/8722 HWT_048919
DNA_REPAIR 3548/8722 HWT_048925
DNA_REPAIR 3549/8722 HWT_048941
DNA_REPAIR 3550/8722 HWT_048965
DNA_REPAIR 3551/8722 HWT_048998
DNA_REPAIR 3552/8722 HWT_049002
DNA_REPAIR 3553/8722 HWT_049048
DNA_REPAIR 3554/8722 HWT_049056
DNA_REPAIR 3555/8722 HWT_049094
DNA_REPAIR 3556/8722 HWT_049157
DNA_REPAIR 3557/8722 HWT_049170
DNA_REPAIR 3558/8722 HWT_049171
DNA_REPAIR 3559/8722 HWT_049177
DNA_REPAIR 3560/8722 HWT_049188
DNA_REPAIR 3561/8722 HWT_049199
DNA_REPAIR 3562/8722 HWT_049262
DNA_REPAIR 3563/8722 HWT_049326
DNA_REPAIR 3564/8722 HWT_049349
DNA_REPAIR 3565/8722 HWT_049350
DNA_REPAIR 3566/8722 HWT_049355
DNA_REPAIR 3567/8722 HWT_049372
DNA_REPAIR 3568/8722 HWT_049441
DNA_REPAIR 3569/8722 HWT_049514
DNA_REPAIR 3570/8722 HWT_049523
DNA_REPAIR 3571/8722 HWT_049728
DNA_REPAIR 3572/8722 HWT_049838
DNA_REPAIR 3573/8722 HWT_049913
DNA_REPAIR 3574/8722 HWT_050139
DNA_REPAIR 3575/8722 HWT_050943
DNA_REPAIR 3576/8722 HWT_050949
DNA_REPAIR 3577/8722 HWT_051092
DNA_REPAIR 3578/8722 HWT_051484
DNA_REPAIR 3579/8722 HWT_052142
DNA_REPAIR 3580/8722 HWT_052145
DNA_REPAIR 3581/8722 HWT_052546
DNA_REPAIR 3582/8722 HWT_052553
DNA_REPAIR 3583/8722 HWT_052651
DNA_REPAIR 3584/8722 HWT_052831
DNA_REPAIR 3585/8722 HWT_052892
DNA_REPAIR 3586/8722 HWT_053011
DNA_REPAIR 3587/8722 HWT_053159
DNA_REPAIR 3588/8722 HWT_053555
DNA_REPAIR 3589/8722 HWT_053566
DNA_REPAIR 3590/8722 HWT_053774
DNA_REPAIR 3591/8722 HWT_053814
DNA_REPAIR 3592/8722 HWT_053989
DNA_REPAIR 3593/8722 HWT_054116
DNA_REPAIR 3594/8722 HWT_054645
DNA_REPAIR 3595/8722 HWT_054818
DNA_REPAIR 3596/8722 HWT_055058
DNA_REPAIR 3597/8722 HWT_055303
DNA_REPAIR 3598/8722 HWT_055654
DNA_REPAIR 3599/8722 HWT_055692
DNA_REPAIR 3600/8722 HWT_055732
DNA_REPAIR 3601/8722 HWT_055888
DNA_REPAIR 3602/8722 HWT_056038
DNA_REPAIR 3603/8722 HWT_056369
DNA_REPAIR 3604/8722 HWT_056372
DNA_REPAIR 3605/8722 HWT_056427
DNA_REPAIR 3606/8722 HWT_056583
DNA_REPAIR 3607/8722 HWT_057041
DNA_REPAIR 3608/8722 HWT_057234
DNA_REPAIR 3609/8722 HWT_057241
DNA_REPAIR 3610/8722 HWT_057317
DNA_REPAIR 3611/8722 HWT_057655
DNA_REPAIR 3612/8722 HWT_057926
DNA_REPAIR 3613/8722 HWT_058345
DNA_REPAIR 3614/8722 HWT_058380
DNA_REPAIR 3615/8722 HWT_058524
DNA_REPAIR 3616/8722 HWT_058678
DNA_REPAIR 3617/8722 HWT_058711
DNA_REPAIR 3618/8722 HWT_058724
DNA_REPAIR 3619/8722 HWT_058865
DNA_REPAIR 3620/8722 HWT_059374
DNA_REPAIR 3621/8722 HWT_059475
DNA_REPAIR 3622/8722 HWT_059827
DNA_REPAIR 3623/8722 HWT_059835
DNA_REPAIR 3624/8722 HWT_059982
DNA_REPAIR 3625/8722 HWT_060019
DNA_REPAIR 3626/8722 HWT_060173
DNA_REPAIR 3627/8722 HWT_060259
DNA_REPAIR 3628/8722 HWT_060529
DNA_REPAIR 3629/8722 HWT_060605
DNA_REPAIR 3630/8722 HWT_060863
DNA_REPAIR 3631/8722 HWT_060951
DNA_REPAIR 3632/8722 HWT_060985
DNA_REPAIR 3633/8722 HWT_061060
DNA_REPAIR 3634/8722 HWT_061079
DNA_REPAIR 3635/8722 HWT_061083
DNA_REPAIR 3636/8722 HWT_061102
DNA_REPAIR 3637/8722 HWT_061104
DNA_REPAIR 3638/8722 HWT_061275
DNA_REPAIR 3639/8722 HWT_061428
DNA_REPAIR 3640/8722 HWT_061647
DNA_REPAIR 3641/8722 HWT_061778
DNA_REPAIR 3642/8722 HWT_061886
DNA_REPAIR 3643/8722 HWT_062169
DNA_REPAIR 3644/8722 HWT_062695
DNA_REPAIR 3645/8722 HWT_062711
DNA_REPAIR 3646/8722 HWT_062749
DNA_REPAIR 3647/8722 HWT_062765
DNA_REPAIR 3648/8722 HWT_062799
DNA_REPAIR 3649/8722 HWT_062858
DNA_REPAIR 3650/8722 HWT_063695
DNA_REPAIR 3651/8722 HWT_063728
DNA_REPAIR 3652/8722 HWT_063866
DNA_REPAIR 3653/8722 HWT_063868
DNA_REPAIR 3654/8722 HWT_064015
DNA_REPAIR 3655/8722 HWT_064024
DNA_REPAIR 3656/8722 HWT_064288
DNA_REPAIR 3657/8722 HWT_064297
DNA_REPAIR 3658/8722 HWT_064347
DNA_REPAIR 3659/8722 HWT_064393
DNA_REPAIR 3660/8722 HWT_064417
DNA_REPAIR 3661/8722 HWT_064647
DNA_REPAIR 3662/8722 HWT_064648
DNA_REPAIR 3663/8722 HWT_064663
DNA_REPAIR 3664/8722 HWT_064761
DNA_REPAIR 3665/8722 HWT_064811
DNA_REPAIR 3666/8722 HWT_064816
DNA_REPAIR 3667/8722 HWT_064823
DNA_REPAIR 3668/8722 HWT_064827
DNA_REPAIR 3669/8722 HWT_064862
DNA_REPAIR 3670/8722 HWT_064930
DNA_REPAIR 3671/8722 HWT_065340
DNA_REPAIR 3672/8722 HWT_065392
DNA_REPAIR 3673/8722 HWT_065549
DNA_REPAIR 3674/8722 HWT_065703
DNA_REPAIR 3675/8722 HWT_065751
DNA_REPAIR 3676/8722 HWT_065908
DNA_REPAIR 3677/8722 HWT_066348
DNA_REPAIR 3678/8722 HWT_066372
DNA_REPAIR 3679/8722 HWT_066481
DNA_REPAIR 3680/8722 HWT_066580
DNA_REPAIR 3681/8722 HWT_066617
DNA_REPAIR 3682/8722 HWT_066688
DNA_REPAIR 3683/8722 HWT_066700
DNA_REPAIR 3684/8722 HWT_066869
DNA_REPAIR 3685/8722 HWT_066907
DNA_REPAIR 3686/8722 HWT_066914
DNA_REPAIR 3687/8722 HWT_066979
DNA_REPAIR 3688/8722 HWT_067139
DNA_REPAIR 3689/8722 HWT_067268
DNA_REPAIR 3690/8722 HWT_067279
DNA_REPAIR 3691/8722 HWT_067360
DNA_REPAIR 3692/8722 HWT_067371
DNA_REPAIR 3693/8722 HWT_067444
DNA_REPAIR 3694/8722 HWT_067550
DNA_REPAIR 3695/8722 HWT_067592
DNA_REPAIR 3696/8722 HWT_067599
DNA_REPAIR 3697/8722 HWT_067668
DNA_REPAIR 3698/8722 HWT_067693
DNA_REPAIR 3699/8722 HWT_067717
DNA_REPAIR 3700/8722 HWT_067723
DNA_REPAIR 3701/8722 HWT_067730
DNA_REPAIR 3702/8722 HWT_067744
DNA_REPAIR 3703/8722 HWT_067757
DNA_REPAIR 3704/8722 HWT_067772
DNA_REPAIR 3705/8722 HWT_067799
DNA_REPAIR 3706/8722 HWT_067807
DNA_REPAIR 3707/8722 HWT_067818
DNA_REPAIR 3708/8722 HWT_067936
DNA_REPAIR 3709/8722 HWT_068011
DNA_REPAIR 3710/8722 HWT_068012
DNA_REPAIR 3711/8722 HWT_068046
DNA_REPAIR 3712/8722 HWT_068130
DNA_REPAIR 3713/8722 HWT_068233
DNA_REPAIR 3714/8722 HWT_068281
DNA_REPAIR 3715/8722 HWT_068303
DNA_REPAIR 3716/8722 HWT_068366
DNA_REPAIR 3717/8722 HWT_068566
DNA_REPAIR 3718/8722 HWT_068654
DNA_REPAIR 3719/8722 HWT_068668
DNA_REPAIR 3720/8722 HWT_068709
DNA_REPAIR 3721/8722 HWT_068731
DNA_REPAIR 3722/8722 HWT_068851
DNA_REPAIR 3723/8722 HWT_068914
DNA_REPAIR 3724/8722 HWT_068958
DNA_REPAIR 3725/8722 HWT_068961
DNA_REPAIR 3726/8722 HWT_068973
DNA_REPAIR 3727/8722 HWT_069072
DNA_REPAIR 3728/8722 HWT_069100
DNA_REPAIR 3729/8722 HWT_069162
DNA_REPAIR 3730/8722 HWT_069181
DNA_REPAIR 3731/8722 HWT_069198
DNA_REPAIR 3732/8722 HWT_069233
DNA_REPAIR 3733/8722 HWT_069266
DNA_REPAIR 3734/8722 HWT_069329
DNA_REPAIR 3735/8722 HWT_069363
DNA_REPAIR 3736/8722 HWT_069431
DNA_REPAIR 3737/8722 HWT_069442
DNA_REPAIR 3738/8722 HWT_069452
DNA_REPAIR 3739/8722 HWT_069460
DNA_REPAIR 3740/8722 HWT_069530
DNA_REPAIR 3741/8722 HWT_069547
DNA_REPAIR 3742/8722 HWT_069569
DNA_REPAIR 3743/8722 HWT_069574
DNA_REPAIR 3744/8722 HWT_069600
DNA_REPAIR 3745/8722 HWT_069679
DNA_REPAIR 3746/8722 HWT_069726
DNA_REPAIR 3747/8722 HWT_069734
DNA_REPAIR 3748/8722 HWT_069761
DNA_REPAIR 3749/8722 HWT_069785
DNA_REPAIR 3750/8722 HWT_069863
DNA_REPAIR 3751/8722 HWT_069953
DNA_REPAIR 3752/8722 HWT_069962
DNA_REPAIR 3753/8722 HWT_069974
DNA_REPAIR 3754/8722 HWT_070018
DNA_REPAIR 3755/8722 HWT_070125
DNA_REPAIR 3756/8722 HWT_070216
DNA_REPAIR 3757/8722 HWT_070217
DNA_REPAIR 3758/8722 HWT_070256
DNA_REPAIR 3759/8722 HWT_070294
DNA_REPAIR 3760/8722 HWT_070295
DNA_REPAIR 3761/8722 HWT_070342
DNA_REPAIR 3762/8722 HWT_070433
DNA_REPAIR 3763/8722 HWT_070436
DNA_REPAIR 3764/8722 HWT_070527
DNA_REPAIR 3765/8722 HWT_070530
DNA_REPAIR 3766/8722 HWT_070549
DNA_REPAIR 3767/8722 HWT_070700
DNA_REPAIR 3768/8722 HWT_070710
DNA_REPAIR 3769/8722 HWT_070716
DNA_REPAIR 3770/8722 HWT_070740
DNA_REPAIR 3771/8722 HWT_070782
DNA_REPAIR 3772/8722 HWT_070868
DNA_REPAIR 3773/8722 HWT_070874
DNA_REPAIR 3774/8722 HWT_070900
DNA_REPAIR 3775/8722 HWT_070917
DNA_REPAIR 3776/8722 HWT_070932
DNA_REPAIR 3777/8722 HWT_070995
DNA_REPAIR 3778/8722 HWT_070996
DNA_REPAIR 3779/8722 HWT_071087
DNA_REPAIR 3780/8722 HWT_071115
DNA_REPAIR 3781/8722 HWT_071116
DNA_REPAIR 3782/8722 HWT_071118
DNA_REPAIR 3783/8722 HWT_071123
DNA_REPAIR 3784/8722 HWT_071127
DNA_REPAIR 3785/8722 HWT_071131
DNA_REPAIR 3786/8722 HWT_071199
DNA_REPAIR 3787/8722 HWT_071244
DNA_REPAIR 3788/8722 HWT_071251
DNA_REPAIR 3789/8722 HWT_071253
DNA_REPAIR 3790/8722 HWT_071273
DNA_REPAIR 3791/8722 HWT_071291
DNA_REPAIR 3792/8722 HWT_071322
DNA_REPAIR 3793/8722 HWT_071349
DNA_REPAIR 3794/8722 HWT_071378
DNA_REPAIR 3795/8722 HWT_071387
DNA_REPAIR 3796/8722 HWT_071393
DNA_REPAIR 3797/8722 HWT_071483
DNA_REPAIR 3798/8722 HWT_071500
DNA_REPAIR 3799/8722 HWT_071533
DNA_REPAIR 3800/8722 HWT_071564
DNA_REPAIR 3801/8722 HWT_071636
DNA_REPAIR 3802/8722 HWT_071659
DNA_REPAIR 3803/8722 HWT_071680
DNA_REPAIR 3804/8722 HWT_071684
DNA_REPAIR 3805/8722 HWT_071724
DNA_REPAIR 3806/8722 HWT_071783
DNA_REPAIR 3807/8722 HWT_071794
DNA_REPAIR 3808/8722 HWT_071835
DNA_REPAIR 3809/8722 HWT_071909
DNA_REPAIR 3810/8722 HWT_071970
DNA_REPAIR 3811/8722 HWT_071990
DNA_REPAIR 3812/8722 HWT_072011
DNA_REPAIR 3813/8722 HWT_072038
DNA_REPAIR 3814/8722 HWT_072044
DNA_REPAIR 3815/8722 HWT_072109
DNA_REPAIR 3816/8722 HWT_072140
DNA_REPAIR 3817/8722 HWT_072168
DNA_REPAIR 3818/8722 HWT_072194
DNA_REPAIR 3819/8722 HWT_072331
DNA_REPAIR 3820/8722 HWT_072339
DNA_REPAIR 3821/8722 HWT_072360
DNA_REPAIR 3822/8722 HWT_072373
DNA_REPAIR 3823/8722 HWT_072419
DNA_REPAIR 3824/8722 HWT_072477
DNA_REPAIR 3825/8722 HWT_072673
DNA_REPAIR 3826/8722 HWT_072807
DNA_REPAIR 3827/8722 HWT_072819
DNA_REPAIR 3828/8722 HWT_072859
DNA_REPAIR 3829/8722 HWT_072888
DNA_REPAIR 3830/8722 HWT_072974
DNA_REPAIR 3831/8722 HWT_072981
DNA_REPAIR 3832/8722 HWT_072985
DNA_REPAIR 3833/8722 HWT_073286
DNA_REPAIR 3834/8722 HWT_073288
DNA_REPAIR 3835/8722 HWT_073388
DNA_REPAIR 3836/8722 HWT_073390
DNA_REPAIR 3837/8722 HWT_073597
DNA_REPAIR 3838/8722 HWT_073633
DNA_REPAIR 3839/8722 HWT_073731
DNA_REPAIR 3840/8722 HWT_073732
DNA_REPAIR 3841/8722 HWT_073805
DNA_REPAIR 3842/8722 HWT_073806
DNA_REPAIR 3843/8722 HWT_074079
DNA_REPAIR 3844/8722 HWT_074083
DNA_REPAIR 3845/8722 HWT_074101
DNA_REPAIR 3846/8722 HWT_074450
DNA_REPAIR 3847/8722 HWT_074527
DNA_REPAIR 3848/8722 HWT_074689
DNA_REPAIR 3849/8722 HWT_074771
DNA_REPAIR 3850/8722 HWT_074808
DNA_REPAIR 3851/8722 HWT_074812
DNA_REPAIR 3852/8722 HWT_074824
DNA_REPAIR 3853/8722 HWT_074979
DNA_REPAIR 3854/8722 HWT_074988
DNA_REPAIR 3855/8722 HWT_075002
DNA_REPAIR 3856/8722 HWT_075135
DNA_REPAIR 3857/8722 HWT_075147
DNA_REPAIR 3858/8722 HWT_075165
DNA_REPAIR 3859/8722 HWT_075188
DNA_REPAIR 3860/8722 HWT_075250
DNA_REPAIR 3861/8722 HWT_075303
DNA_REPAIR 3862/8722 HWT_075362
DNA_REPAIR 3863/8722 HWT_075849
DNA_REPAIR 3864/8722 HWT_075920
DNA_REPAIR 3865/8722 HWT_075983
DNA_REPAIR 3866/8722 HWT_076011
DNA_REPAIR 3867/8722 HWT_076025
DNA_REPAIR 3868/8722 HWT_076051
DNA_REPAIR 3869/8722 HWT_076078
DNA_REPAIR 3870/8722 HWT_076117
DNA_REPAIR 3871/8722 HWT_076176
DNA_REPAIR 3872/8722 HWT_076256
DNA_REPAIR 3873/8722 HWT_076269
DNA_REPAIR 3874/8722 HWT_076295
DNA_REPAIR 3875/8722 HWT_076299
DNA_REPAIR 3876/8722 HWT_076319
DNA_REPAIR 3877/8722 HWT_076383
DNA_REPAIR 3878/8722 HWT_076487
DNA_REPAIR 3879/8722 HWT_076508
DNA_REPAIR 3880/8722 HWT_076512
DNA_REPAIR 3881/8722 HWT_076568
DNA_REPAIR 3882/8722 HWT_076607
DNA_REPAIR 3883/8722 HWT_076639
DNA_REPAIR 3884/8722 HWT_076795
DNA_REPAIR 3885/8722 HWT_076889
DNA_REPAIR 3886/8722 HWT_077234
DNA_REPAIR 3887/8722 HWT_077321
DNA_REPAIR 3888/8722 HWT_077392
DNA_REPAIR 3889/8722 HWT_077603
DNA_REPAIR 3890/8722 HWT_077647
DNA_REPAIR 3891/8722 HWT_077678
DNA_REPAIR 3892/8722 HWT_077749
DNA_REPAIR 3893/8722 HWT_078189
DNA_REPAIR 3894/8722 HWT_078207
DNA_REPAIR 3895/8722 HWT_078257
DNA_REPAIR 3896/8722 HWT_078327
DNA_REPAIR 3897/8722 HWT_078406
DNA_REPAIR 3898/8722 HWT_078492
DNA_REPAIR 3899/8722 HWT_078573
DNA_REPAIR 3900/8722 HWT_078583
DNA_REPAIR 3901/8722 HWT_078585
DNA_REPAIR 3902/8722 HWT_078588
DNA_REPAIR 3903/8722 HWT_078934
DNA_REPAIR 3904/8722 HWT_079036
DNA_REPAIR 3905/8722 HWT_079104
DNA_REPAIR 3906/8722 HWT_079126
DNA_REPAIR 3907/8722 HWT_079144
DNA_REPAIR 3908/8722 HWT_079147
DNA_REPAIR 3909/8722 HWT_079165
DNA_REPAIR 3910/8722 HWT_079184
DNA_REPAIR 3911/8722 HWT_079189
DNA_REPAIR 3912/8722 HWT_079226
DNA_REPAIR 3913/8722 HWT_079244
DNA_REPAIR 3914/8722 HWT_079307
DNA_REPAIR 3915/8722 HWT_079419
DNA_REPAIR 3916/8722 HWT_079422
DNA_REPAIR 3917/8722 HWT_079438
DNA_REPAIR 3918/8722 HWT_079487
DNA_REPAIR 3919/8722 HWT_079539
DNA_REPAIR 3920/8722 HWT_079702
DNA_REPAIR 3921/8722 HWT_079725
DNA_REPAIR 3922/8722 HWT_079758
DNA_REPAIR 3923/8722 HWT_079801
DNA_REPAIR 3924/8722 HWT_079874
DNA_REPAIR 3925/8722 HWT_079917
DNA_REPAIR 3926/8722 HWT_080044
DNA_REPAIR 3927/8722 HWT_080045
DNA_REPAIR 3928/8722 HWT_080048
DNA_REPAIR 3929/8722 HWT_080255
DNA_REPAIR 3930/8722 HWT_080453
DNA_REPAIR 3931/8722 HWT_080574
DNA_REPAIR 3932/8722 HWT_080724
DNA_REPAIR 3933/8722 HWT_080802
DNA_REPAIR 3934/8722 HWT_080856
DNA_REPAIR 3935/8722 HWT_080961
DNA_REPAIR 3936/8722 HWT_081074
DNA_REPAIR 3937/8722 HWT_081095
DNA_REPAIR 3938/8722 HWT_081350
DNA_REPAIR 3939/8722 HWT_081499
DNA_REPAIR 3940/8722 HWT_081622
DNA_REPAIR 3941/8722 HWT_081652
DNA_REPAIR 3942/8722 HWT_081657
DNA_REPAIR 3943/8722 HWT_081659
DNA_REPAIR 3944/8722 HWT_082005
DNA_REPAIR 3945/8722 HWT_082099
DNA_REPAIR 3946/8722 HWT_082166
DNA_REPAIR 3947/8722 HWT_082192
DNA_REPAIR 3948/8722 HWT_082216
DNA_REPAIR 3949/8722 HWT_082246
DNA_REPAIR 3950/8722 HWT_082336
DNA_REPAIR 3951/8722 HWT_082389
DNA_REPAIR 3952/8722 HWT_082405
DNA_REPAIR 3953/8722 HWT_082498
DNA_REPAIR 3954/8722 HWT_082646
DNA_REPAIR 3955/8722 HWT_082681
DNA_REPAIR 3956/8722 HWT_082685
DNA_REPAIR 3957/8722 HWT_082800
DNA_REPAIR 3958/8722 HWT_082821
DNA_REPAIR 3959/8722 HWT_082832
DNA_REPAIR 3960/8722 HWT_082833
DNA_REPAIR 3961/8722 HWT_082854
DNA_REPAIR 3962/8722 HWT_082900
DNA_REPAIR 3963/8722 HWT_083029
DNA_REPAIR 3964/8722 HWT_083293
DNA_REPAIR 3965/8722 HWT_083414
DNA_REPAIR 3966/8722 HWT_083711
DNA_REPAIR 3967/8722 HWT_084111
DNA_REPAIR 3968/8722 HWT_084228
DNA_REPAIR 3969/8722 HWT_084241
DNA_REPAIR 3970/8722 HWT_084290
DNA_REPAIR 3971/8722 HWT_084309
DNA_REPAIR 3972/8722 HWT_084431
DNA_REPAIR 3973/8722 HWT_084495
DNA_REPAIR 3974/8722 HWT_084612
DNA_REPAIR 3975/8722 HWT_084687
DNA_REPAIR 3976/8722 HWT_084693
DNA_REPAIR 3977/8722 HWT_084827
DNA_REPAIR 3978/8722 HWT_084840
DNA_REPAIR 3979/8722 HWT_084998
DNA_REPAIR 3980/8722 HWT_085008
DNA_REPAIR 3981/8722 HWT_085034
DNA_REPAIR 3982/8722 HWT_085075
DNA_REPAIR 3983/8722 HWT_085096
DNA_REPAIR 3984/8722 HWT_085119
DNA_REPAIR 3985/8722 HWT_085174
DNA_REPAIR 3986/8722 HWT_085250
DNA_REPAIR 3987/8722 HWT_085329
DNA_REPAIR 3988/8722 HWT_085600
DNA_REPAIR 3989/8722 HWT_085917
DNA_REPAIR 3990/8722 HWT_085970
DNA_REPAIR 3991/8722 HWT_086011
DNA_REPAIR 3992/8722 HWT_086032
DNA_REPAIR 3993/8722 HWT_086068
DNA_REPAIR 3994/8722 HWT_086193
DNA_REPAIR 3995/8722 HWT_086228
DNA_REPAIR 3996/8722 HWT_086396
DNA_REPAIR 3997/8722 HWT_086587
DNA_REPAIR 3998/8722 HWT_086629
DNA_REPAIR 3999/8722 HWT_086722
DNA_REPAIR 4000/8722 HWT_086733
DNA_REPAIR 4001/8722 HWT_086866
DNA_REPAIR 4002/8722 HWT_087018
DNA_REPAIR 4003/8722 HWT_087070
DNA_REPAIR 4004/8722 HWT_087075
DNA_REPAIR 4005/8722 HWT_087089
DNA_REPAIR 4006/8722 HWT_087101
DNA_REPAIR 4007/8722 HWT_087129
DNA_REPAIR 4008/8722 HWT_087208
DNA_REPAIR 4009/8722 HWT_087220
DNA_REPAIR 4010/8722 HWT_087528
DNA_REPAIR 4011/8722 HWT_087777
DNA_REPAIR 4012/8722 HWT_087883
DNA_REPAIR 4013/8722 HWT_087942
DNA_REPAIR 4014/8722 HWT_088092
DNA_REPAIR 4015/8722 HWT_088260
DNA_REPAIR 4016/8722 HWT_088267
DNA_REPAIR 4017/8722 HWT_088281
DNA_REPAIR 4018/8722 HWT_088307
DNA_REPAIR 4019/8722 HWT_088309
DNA_REPAIR 4020/8722 HWT_088405
DNA_REPAIR 4021/8722 HWT_088414
DNA_REPAIR 4022/8722 HWT_088436
DNA_REPAIR 4023/8722 HWT_088445
DNA_REPAIR 4024/8722 HWT_088448
DNA_REPAIR 4025/8722 HWT_088449
DNA_REPAIR 4026/8722 HWT_088458
DNA_REPAIR 4027/8722 HWT_088555
DNA_REPAIR 4028/8722 HWT_088600
DNA_REPAIR 4029/8722 HWT_088711
DNA_REPAIR 4030/8722 HWT_088777
DNA_REPAIR 4031/8722 HWT_088871
DNA_REPAIR 4032/8722 HWT_088872
DNA_REPAIR 4033/8722 HWT_088886
DNA_REPAIR 4034/8722 HWT_089287
DNA_REPAIR 4035/8722 HWT_089452
DNA_REPAIR 4036/8722 HWT_089861
DNA_REPAIR 4037/8722 HWT_089885
DNA_REPAIR 4038/8722 HWT_090113
DNA_REPAIR 4039/8722 HWT_090130
DNA_REPAIR 4040/8722 HWT_090411
DNA_REPAIR 4041/8722 HWT_090690
DNA_REPAIR 4042/8722 HWT_090840
DNA_REPAIR 4043/8722 HWT_090876
DNA_REPAIR 4044/8722 HWT_090888
DNA_REPAIR 4045/8722 HWT_090918
DNA_REPAIR 4046/8722 HWT_091068
DNA_REPAIR 4047/8722 HWT_091369
DNA_REPAIR 4048/8722 HWT_091638
DNA_REPAIR 4049/8722 HWT_091728
DNA_REPAIR 4050/8722 HWT_091755
DNA_REPAIR 4051/8722 HWT_091759
DNA_REPAIR 4052/8722 HWT_091788
DNA_REPAIR 4053/8722 HWT_091802
DNA_REPAIR 4054/8722 HWT_091869
DNA_REPAIR 4055/8722 HWT_091918
DNA_REPAIR 4056/8722 HWT_092004
DNA_REPAIR 4057/8722 HWT_092049
DNA_REPAIR 4058/8722 HWT_092239
DNA_REPAIR 4059/8722 HWT_092391
DNA_REPAIR 4060/8722 HWT_092529
DNA_REPAIR 4061/8722 HWT_092678
DNA_REPAIR 4062/8722 HWT_092679
DNA_REPAIR 4063/8722 HWT_092682
DNA_REPAIR 4064/8722 HWT_092918
DNA_REPAIR 4065/8722 HWT_093067
DNA_REPAIR 4066/8722 HWT_093096
DNA_REPAIR 4067/8722 HWT_093135
DNA_REPAIR 4068/8722 HWT_093172
DNA_REPAIR 4069/8722 HWT_093179
DNA_REPAIR 4070/8722 HWT_093183
DNA_REPAIR 4071/8722 HWT_093406
DNA_REPAIR 4072/8722 HWT_093436
DNA_REPAIR 4073/8722 HWT_093621
DNA_REPAIR 4074/8722 HWT_093820
DNA_REPAIR 4075/8722 HWT_093967
DNA_REPAIR 4076/8722 HWT_094093
DNA_REPAIR 4077/8722 HWT_094653
DNA_REPAIR 4078/8722 HWT_094741
DNA_REPAIR 4079/8722 HWT_094775
DNA_REPAIR 4080/8722 HWT_094924
DNA_REPAIR 4081/8722 HWT_094947
DNA_REPAIR 4082/8722 HWT_094982
DNA_REPAIR 4083/8722 HWT_095035
DNA_REPAIR 4084/8722 HWT_095064
DNA_REPAIR 4085/8722 HWT_095159
DNA_REPAIR 4086/8722 HWT_095374
DNA_REPAIR 4087/8722 HWT_095634
DNA_REPAIR 4088/8722 HWT_095689
DNA_REPAIR 4089/8722 HWT_095716
DNA_REPAIR 4090/8722 HWT_095930
DNA_REPAIR 4091/8722 HWT_096199
DNA_REPAIR 4092/8722 HWT_096357
DNA_REPAIR 4093/8722 HWT_096468
DNA_REPAIR 4094/8722 HWT_096897
DNA_REPAIR 4095/8722 HWT_097063
DNA_REPAIR 4096/8722 HWT_097241
DNA_REPAIR 4097/8722 HWT_097396
DNA_REPAIR 4098/8722 HWT_097470
DNA_REPAIR 4099/8722 HWT_097653
DNA_REPAIR 4100/8722 HWT_097841
DNA_REPAIR 4101/8722 HWT_097889
DNA_REPAIR 4102/8722 HWT_097892
DNA_REPAIR 4103/8722 HWT_097927
DNA_REPAIR 4104/8722 HWT_098198
DNA_REPAIR 4105/8722 HWT_098242
DNA_REPAIR 4106/8722 HWT_098366
DNA_REPAIR 4107/8722 HWT_098524
DNA_REPAIR 4108/8722 HWT_098588
DNA_REPAIR 4109/8722 HWT_098736
DNA_REPAIR 4110/8722 HWT_098776
DNA_REPAIR 4111/8722 HWT_098861
DNA_REPAIR 4112/8722 HWT_098891
DNA_REPAIR 4113/8722 HWT_099313
DNA_REPAIR 4114/8722 HWT_099348
DNA_REPAIR 4115/8722 HWT_099633
DNA_REPAIR 4116/8722 HWT_099634
DNA_REPAIR 4117/8722 HWT_099739
DNA_REPAIR 4118/8722 HWT_100133
DNA_REPAIR 4119/8722 HWT_100143
DNA_REPAIR 4120/8722 HWT_100376
DNA_REPAIR 4121/8722 HWT_100683
DNA_REPAIR 4122/8722 HWT_100848
DNA_REPAIR 4123/8722 HWT_100893
DNA_REPAIR 4124/8722 HWT_101035
DNA_REPAIR 4125/8722 HWT_101121
DNA_REPAIR 4126/8722 HWT_101175
DNA_REPAIR 4127/8722 HWT_101344
DNA_REPAIR 4128/8722 HWT_101513
DNA_REPAIR 4129/8722 HWT_101558
DNA_REPAIR 4130/8722 HWT_101577
DNA_REPAIR 4131/8722 HWT_101593
DNA_REPAIR 4132/8722 HWT_101599
DNA_REPAIR 4133/8722 HWT_101737
DNA_REPAIR 4134/8722 HWT_101836
DNA_REPAIR 4135/8722 HWT_101840
DNA_REPAIR 4136/8722 HWT_101942
DNA_REPAIR 4137/8722 HWT_102010
DNA_REPAIR 4138/8722 HWT_102054
DNA_REPAIR 4139/8722 HWT_102103
DNA_REPAIR 4140/8722 HWT_102267
DNA_REPAIR 4141/8722 HWT_102281
DNA_REPAIR 4142/8722 HWT_102356
DNA_REPAIR 4143/8722 HWT_102472
DNA_REPAIR 4144/8722 HWT_102487
DNA_REPAIR 4145/8722 HWT_102662
DNA_REPAIR 4146/8722 HWT_102705
DNA_REPAIR 4147/8722 HWT_102959
DNA_REPAIR 4148/8722 HWT_103134
DNA_REPAIR 4149/8722 HWT_103325
DNA_REPAIR 4150/8722 HWT_103378
DNA_REPAIR 4151/8722 HWT_103452
DNA_REPAIR 4152/8722 HWT_103462
DNA_REPAIR 4153/8722 HWT_103475
DNA_REPAIR 4154/8722 HWT_103567
DNA_REPAIR 4155/8722 HWT_103569
DNA_REPAIR 4156/8722 HWT_103616
DNA_REPAIR 4157/8722 HWT_103634
DNA_REPAIR 4158/8722 HWT_103774
DNA_REPAIR 4159/8722 HWT_103823
DNA_REPAIR 4160/8722 HWT_103919
DNA_REPAIR 4161/8722 HWT_103936
DNA_REPAIR 4162/8722 HWT_103985
DNA_REPAIR 4163/8722 HWT_104028
DNA_REPAIR 4164/8722 HWT_104045
DNA_REPAIR 4165/8722 HWT_104436
DNA_REPAIR 4166/8722 HWT_104437
DNA_REPAIR 4167/8722 HWT_104448
DNA_REPAIR 4168/8722 HWT_104484
DNA_REPAIR 4169/8722 HWT_104498
DNA_REPAIR 4170/8722 HWT_104505
DNA_REPAIR 4171/8722 HWT_104526
DNA_REPAIR 4172/8722 HWT_104580
DNA_REPAIR 4173/8722 HWT_104722
DNA_REPAIR 4174/8722 HWT_104739
DNA_REPAIR 4175/8722 HWT_104889
DNA_REPAIR 4176/8722 HWT_104970
DNA_REPAIR 4177/8722 HWT_105032
DNA_REPAIR 4178/8722 HWT_105056
DNA_REPAIR 4179/8722 HWT_105181
DNA_REPAIR 4180/8722 HWT_105282
DNA_REPAIR 4181/8722 HWT_105285
DNA_REPAIR 4182/8722 HWT_105294
DNA_REPAIR 4183/8722 HWT_105362
DNA_REPAIR 4184/8722 HWT_105369
DNA_REPAIR 4185/8722 HWT_105385
DNA_REPAIR 4186/8722 HWT_105396
DNA_REPAIR 4187/8722 HWT_105442
DNA_REPAIR 4188/8722 HWT_105457
DNA_REPAIR 4189/8722 HWT_105472
DNA_REPAIR 4190/8722 HWT_105557
DNA_REPAIR 4191/8722 HWT_105705
DNA_REPAIR 4192/8722 HWT_105758
DNA_REPAIR 4193/8722 HWT_105782
DNA_REPAIR 4194/8722 HWT_105912
DNA_REPAIR 4195/8722 HWT_105942
DNA_REPAIR 4196/8722 HWT_106017
DNA_REPAIR 4197/8722 HWT_106059
DNA_REPAIR 4198/8722 HWT_106247
DNA_REPAIR 4199/8722 HWT_106263
DNA_REPAIR 4200/8722 HWT_106264
DNA_REPAIR 4201/8722 HWT_106270
DNA_REPAIR 4202/8722 HWT_106287
DNA_REPAIR 4203/8722 HWT_106349
DNA_REPAIR 4204/8722 HWT_106363
DNA_REPAIR 4205/8722 HWT_106618
DNA_REPAIR 4206/8722 HWT_106669
DNA_REPAIR 4207/8722 HWT_106678
DNA_REPAIR 4208/8722 HWT_106723
DNA_REPAIR 4209/8722 HWT_106888
DNA_REPAIR 4210/8722 HWT_107156
DNA_REPAIR 4211/8722 HWT_107237
DNA_REPAIR 4212/8722 HWT_107481
DNA_REPAIR 4213/8722 HWT_107487
DNA_REPAIR 4214/8722 HWT_107510
DNA_REPAIR 4215/8722 HWT_107563
DNA_REPAIR 4216/8722 HWT_107744
DNA_REPAIR 4217/8722 HWT_107754
DNA_REPAIR 4218/8722 HWT_107757
DNA_REPAIR 4219/8722 HWT_107782
DNA_REPAIR 4220/8722 HWT_107783
DNA_REPAIR 4221/8722 HWT_107840
DNA_REPAIR 4222/8722 HWT_107858
DNA_REPAIR 4223/8722 HWT_108283
DNA_REPAIR 4224/8722 HWT_108315
DNA_REPAIR 4225/8722 HWT_108363
DNA_REPAIR 4226/8722 HWT_108440
DNA_REPAIR 4227/8722 HWT_108443
DNA_REPAIR 4228/8722 HWT_108447
DNA_REPAIR 4229/8722 HWT_108452
DNA_REPAIR 4230/8722 HWT_108460
DNA_REPAIR 4231/8722 HWT_108498
DNA_REPAIR 4232/8722 HWT_108655
DNA_REPAIR 4233/8722 MGT_000011
DNA_REPAIR 4234/8722 MGT_000018
DNA_REPAIR 4235/8722 MGT_000036
DNA_REPAIR 4236/8722 MGT_000190
DNA_REPAIR 4237/8722 MGT_000191
DNA_REPAIR 4238/8722 MGT_000215
DNA_REPAIR 4239/8722 MGT_000231
DNA_REPAIR 4240/8722 MGT_000241
DNA_REPAIR 4241/8722 MGT_000258
DNA_REPAIR 4242/8722 MGT_000620
DNA_REPAIR 4243/8722 MGT_000772
DNA_REPAIR 4244/8722 MGT_000790
DNA_REPAIR 4245/8722 MGT_002043
DNA_REPAIR 4246/8722 MGT_002045
DNA_REPAIR 4247/8722 MGT_002070
DNA_REPAIR 4248/8722 MGT_002082
DNA_REPAIR 4249/8722 MGT_002178
DNA_REPAIR 4250/8722 MGT_002179
DNA_REPAIR 4251/8722 MGT_002196
DNA_REPAIR 4252/8722 MGT_002266
DNA_REPAIR 4253/8722 MGT_002305
DNA_REPAIR 4254/8722 MGT_002334
DNA_REPAIR 4255/8722 MGT_002406
DNA_REPAIR 4256/8722 MGT_002499
DNA_REPAIR 4257/8722 MGT_002810
DNA_REPAIR 4258/8722 MGT_002856
DNA_REPAIR 4259/8722 MGT_002906
DNA_REPAIR 4260/8722 MGT_003018
DNA_REPAIR 4261/8722 MGT_003035
DNA_REPAIR 4262/8722 MGT_003039
DNA_REPAIR 4263/8722 MGT_003043
DNA_REPAIR 4264/8722 MGT_003046
DNA_REPAIR 4265/8722 MGT_003049
DNA_REPAIR 4266/8722 MGT_003109
DNA_REPAIR 4267/8722 MGT_003179
DNA_REPAIR 4268/8722 MGT_003205
DNA_REPAIR 4269/8722 MGT_003230
DNA_REPAIR 4270/8722 MGT_003236
DNA_REPAIR 4271/8722 MGT_003259
DNA_REPAIR 4272/8722 MGT_003274
DNA_REPAIR 4273/8722 MGT_003314
DNA_REPAIR 4274/8722 MGT_003322
DNA_REPAIR 4275/8722 MGT_003442
DNA_REPAIR 4276/8722 MGT_003444
DNA_REPAIR 4277/8722 MGT_003492
DNA_REPAIR 4278/8722 MGT_003519
DNA_REPAIR 4279/8722 MGT_003522
DNA_REPAIR 4280/8722 MGT_003557
DNA_REPAIR 4281/8722 MGT_003615
DNA_REPAIR 4282/8722 MGT_003632
DNA_REPAIR 4283/8722 MGT_003649
DNA_REPAIR 4284/8722 MGT_003733
DNA_REPAIR 4285/8722 MGT_003744
DNA_REPAIR 4286/8722 MGT_003748
DNA_REPAIR 4287/8722 MGT_003768
DNA_REPAIR 4288/8722 MGT_003773
DNA_REPAIR 4289/8722 MGT_003780
DNA_REPAIR 4290/8722 MGT_005814
DNA_REPAIR 4291/8722 MGT_005828
DNA_REPAIR 4292/8722 MGT_005968
DNA_REPAIR 4293/8722 MGT_005974
DNA_REPAIR 4294/8722 MGT_005977
DNA_REPAIR 4295/8722 MGT_006172
DNA_REPAIR 4296/8722 MGT_006397
DNA_REPAIR 4297/8722 MGT_006464
DNA_REPAIR 4298/8722 MGT_006471
DNA_REPAIR 4299/8722 MGT_006473
DNA_REPAIR 4300/8722 MGT_006500
DNA_REPAIR 4301/8722 MGT_006503
DNA_REPAIR 4302/8722 MGT_006525
DNA_REPAIR 4303/8722 MGT_006527
DNA_REPAIR 4304/8722 MGT_006563
DNA_REPAIR 4305/8722 MGT_006594
DNA_REPAIR 4306/8722 MGT_006605
DNA_REPAIR 4307/8722 MGT_006613
DNA_REPAIR 4308/8722 MGT_006640
DNA_REPAIR 4309/8722 MGT_006650
DNA_REPAIR 4310/8722 MGT_006651
DNA_REPAIR 4311/8722 MGT_006656
DNA_REPAIR 4312/8722 MGT_006661
DNA_REPAIR 4313/8722 MGT_006671
DNA_REPAIR 4314/8722 MGT_006673
DNA_REPAIR 4315/8722 MGT_006680
DNA_REPAIR 4316/8722 MGT_006681
DNA_REPAIR 4317/8722 MGT_006682
DNA_REPAIR 4318/8722 MGT_006687
DNA_REPAIR 4319/8722 MGT_006693
DNA_REPAIR 4320/8722 MGT_006701
DNA_REPAIR 4321/8722 MGT_006741
DNA_REPAIR 4322/8722 MGT_006748
DNA_REPAIR 4323/8722 MGT_006765
DNA_REPAIR 4324/8722 MGT_006784
DNA_REPAIR 4325/8722 MGT_006801
DNA_REPAIR 4326/8722 MGT_006819
DNA_REPAIR 4327/8722 MGT_006825
DNA_REPAIR 4328/8722 MGT_006828
DNA_REPAIR 4329/8722 MGT_006840
DNA_REPAIR 4330/8722 MGT_006847
DNA_REPAIR 4331/8722 MGT_006865
DNA_REPAIR 4332/8722 MGT_006871
DNA_REPAIR 4333/8722 MGT_006879
DNA_REPAIR 4334/8722 MGT_006884
DNA_REPAIR 4335/8722 MGT_006888
DNA_REPAIR 4336/8722 MGT_006895
DNA_REPAIR 4337/8722 MGT_006896
DNA_REPAIR 4338/8722 MGT_006897
DNA_REPAIR 4339/8722 MGT_006906
DNA_REPAIR 4340/8722 MGT_006944
DNA_REPAIR 4341/8722 MGT_006954
DNA_REPAIR 4342/8722 MGT_006955
DNA_REPAIR 4343/8722 MGT_006971
DNA_REPAIR 4344/8722 MGT_006976
DNA_REPAIR 4345/8722 MGT_007014
DNA_REPAIR 4346/8722 MGT_007023
DNA_REPAIR 4347/8722 MGT_007030
DNA_REPAIR 4348/8722 MGT_007031
DNA_REPAIR 4349/8722 MGT_007035
DNA_REPAIR 4350/8722 MGT_007042
DNA_REPAIR 4351/8722 MGT_007051
DNA_REPAIR 4352/8722 MGT_007072
DNA_REPAIR 4353/8722 MGT_007073
DNA_REPAIR 4354/8722 MGT_007075
DNA_REPAIR 4355/8722 MGT_007080
DNA_REPAIR 4356/8722 MGT_007091
DNA_REPAIR 4357/8722 MGT_007093
DNA_REPAIR 4358/8722 MGT_007095
DNA_REPAIR 4359/8722 MGT_007100
DNA_REPAIR 4360/8722 MGT_007112
DNA_REPAIR 4361/8722 MGT_007155
DNA_REPAIR 4362/8722 MGT_007157
DNA_REPAIR 4363/8722 MGT_007160
DNA_REPAIR 4364/8722 MGT_007163
DNA_REPAIR 4365/8722 MGT_007170
DNA_REPAIR 4366/8722 MGT_007188
DNA_REPAIR 4367/8722 MGT_007189
DNA_REPAIR 4368/8722 MGT_007200
DNA_REPAIR 4369/8722 MGT_007202
DNA_REPAIR 4370/8722 MGT_007211
DNA_REPAIR 4371/8722 MGT_007212
DNA_REPAIR 4372/8722 MGT_007213
DNA_REPAIR 4373/8722 MGT_007214
DNA_REPAIR 4374/8722 MGT_007215
DNA_REPAIR 4375/8722 MGT_007218
DNA_REPAIR 4376/8722 MGT_007221
DNA_REPAIR 4377/8722 MGT_007230
DNA_REPAIR 4378/8722 MGT_007236
DNA_REPAIR 4379/8722 MGT_007242
DNA_REPAIR 4380/8722 MGT_007247
DNA_REPAIR 4381/8722 MGT_007268
DNA_REPAIR 4382/8722 MGT_007317
DNA_REPAIR 4383/8722 MGT_007321
DNA_REPAIR 4384/8722 MGT_007352
DNA_REPAIR 4385/8722 MGT_007354
DNA_REPAIR 4386/8722 MGT_007363
DNA_REPAIR 4387/8722 MGT_007377
DNA_REPAIR 4388/8722 MGT_007411
DNA_REPAIR 4389/8722 MGT_007424
DNA_REPAIR 4390/8722 MGT_007428
DNA_REPAIR 4391/8722 MGT_007454
DNA_REPAIR 4392/8722 MGT_007468
DNA_REPAIR 4393/8722 MGT_007476
DNA_REPAIR 4394/8722 MGT_007488
DNA_REPAIR 4395/8722 MGT_007489
DNA_REPAIR 4396/8722 MGT_007513
DNA_REPAIR 4397/8722 MGT_007514
DNA_REPAIR 4398/8722 MGT_007515
DNA_REPAIR 4399/8722 MGT_007516
DNA_REPAIR 4400/8722 MGT_007534
DNA_REPAIR 4401/8722 MGT_007538
DNA_REPAIR 4402/8722 MGT_007540
DNA_REPAIR 4403/8722 MGT_007543
DNA_REPAIR 4404/8722 MGT_007550
DNA_REPAIR 4405/8722 MGT_007558
DNA_REPAIR 4406/8722 MGT_007564
DNA_REPAIR 4407/8722 MGT_007579
DNA_REPAIR 4408/8722 MGT_007593
DNA_REPAIR 4409/8722 MGT_007598
DNA_REPAIR 4410/8722 MGT_007599
DNA_REPAIR 4411/8722 MGT_007602
DNA_REPAIR 4412/8722 MGT_007603
DNA_REPAIR 4413/8722 MGT_007608
DNA_REPAIR 4414/8722 MGT_007620
DNA_REPAIR 4415/8722 MGT_007622
DNA_REPAIR 4416/8722 MGT_007623
DNA_REPAIR 4417/8722 MGT_007626
DNA_REPAIR 4418/8722 MGT_007632
DNA_REPAIR 4419/8722 MGT_007657
DNA_REPAIR 4420/8722 MGT_007662
DNA_REPAIR 4421/8722 MGT_007664
DNA_REPAIR 4422/8722 MGT_007726
DNA_REPAIR 4423/8722 MGT_007739
DNA_REPAIR 4424/8722 MGT_007753
DNA_REPAIR 4425/8722 MGT_007754
DNA_REPAIR 4426/8722 MGT_007755
DNA_REPAIR 4427/8722 MGT_007756
DNA_REPAIR 4428/8722 MGT_007757
DNA_REPAIR 4429/8722 MGT_007778
DNA_REPAIR 4430/8722 MGT_007784
DNA_REPAIR 4431/8722 MGT_007787
DNA_REPAIR 4432/8722 MGT_007788
DNA_REPAIR 4433/8722 MGT_007791
DNA_REPAIR 4434/8722 MGT_007796
DNA_REPAIR 4435/8722 MGT_007799
DNA_REPAIR 4436/8722 MGT_007828
DNA_REPAIR 4437/8722 MGT_007832
DNA_REPAIR 4438/8722 MGT_007842
DNA_REPAIR 4439/8722 MGT_007853
DNA_REPAIR 4440/8722 MGT_007855
DNA_REPAIR 4441/8722 MGT_007860
DNA_REPAIR 4442/8722 MGT_007862
DNA_REPAIR 4443/8722 MGT_007864
DNA_REPAIR 4444/8722 MGT_007904
DNA_REPAIR 4445/8722 MGT_007907
DNA_REPAIR 4446/8722 MGT_007912
DNA_REPAIR 4447/8722 MGT_007933
DNA_REPAIR 4448/8722 MGT_007935
DNA_REPAIR 4449/8722 MGT_007936
DNA_REPAIR 4450/8722 MGT_007938
DNA_REPAIR 4451/8722 MGT_007939
DNA_REPAIR 4452/8722 MGT_007940
DNA_REPAIR 4453/8722 MGT_007942
DNA_REPAIR 4454/8722 MGT_007943
DNA_REPAIR 4455/8722 MGT_007946
DNA_REPAIR 4456/8722 MGT_007947
DNA_REPAIR 4457/8722 MGT_007977
DNA_REPAIR 4458/8722 MGT_007984
DNA_REPAIR 4459/8722 MGT_007989
DNA_REPAIR 4460/8722 MGT_007999
DNA_REPAIR 4461/8722 MGT_008016
DNA_REPAIR 4462/8722 MGT_008018
DNA_REPAIR 4463/8722 MGT_008027
DNA_REPAIR 4464/8722 MGT_008033
DNA_REPAIR 4465/8722 MGT_008038
DNA_REPAIR 4466/8722 MGT_008043
DNA_REPAIR 4467/8722 MGT_008053
DNA_REPAIR 4468/8722 MGT_008056
DNA_REPAIR 4469/8722 MGT_008071
DNA_REPAIR 4470/8722 MGT_008087
DNA_REPAIR 4471/8722 MGT_008105
DNA_REPAIR 4472/8722 MGT_008129
DNA_REPAIR 4473/8722 MGT_008151
DNA_REPAIR 4474/8722 MGT_008190
DNA_REPAIR 4475/8722 MGT_008199
DNA_REPAIR 4476/8722 MGT_008200
DNA_REPAIR 4477/8722 MGT_008202
DNA_REPAIR 4478/8722 MGT_008206
DNA_REPAIR 4479/8722 MGT_008209
DNA_REPAIR 4480/8722 MGT_008221
DNA_REPAIR 4481/8722 MGT_008226
DNA_REPAIR 4482/8722 MGT_008243
DNA_REPAIR 4483/8722 MGT_008254
DNA_REPAIR 4484/8722 MGT_008269
DNA_REPAIR 4485/8722 MGT_008283
DNA_REPAIR 4486/8722 MGT_008284
DNA_REPAIR 4487/8722 MGT_008285
DNA_REPAIR 4488/8722 MGT_008289
DNA_REPAIR 4489/8722 MGT_008292
DNA_REPAIR 4490/8722 MGT_008293
DNA_REPAIR 4491/8722 MGT_008294
DNA_REPAIR 4492/8722 MGT_008318
DNA_REPAIR 4493/8722 MGT_008321
DNA_REPAIR 4494/8722 MGT_008329
DNA_REPAIR 4495/8722 MGT_008335
DNA_REPAIR 4496/8722 MGT_008352
DNA_REPAIR 4497/8722 MGT_008386
DNA_REPAIR 4498/8722 MGT_008414
DNA_REPAIR 4499/8722 MGT_008415
DNA_REPAIR 4500/8722 MGT_008420
DNA_REPAIR 4501/8722 MGT_008421
DNA_REPAIR 4502/8722 MGT_008442
DNA_REPAIR 4503/8722 MGT_008444
DNA_REPAIR 4504/8722 MGT_008454
DNA_REPAIR 4505/8722 MGT_008465
DNA_REPAIR 4506/8722 MGT_008472
DNA_REPAIR 4507/8722 MGT_008483
DNA_REPAIR 4508/8722 MGT_008487
DNA_REPAIR 4509/8722 MGT_008490
DNA_REPAIR 4510/8722 MGT_008512
DNA_REPAIR 4511/8722 MGT_008520
DNA_REPAIR 4512/8722 MGT_008523
DNA_REPAIR 4513/8722 MGT_008564
DNA_REPAIR 4514/8722 MGT_008573
DNA_REPAIR 4515/8722 MGT_008584
DNA_REPAIR 4516/8722 MGT_008629
DNA_REPAIR 4517/8722 MGT_008630
DNA_REPAIR 4518/8722 MGT_008634
DNA_REPAIR 4519/8722 MGT_008636
DNA_REPAIR 4520/8722 MGT_008654
DNA_REPAIR 4521/8722 MGT_008658
DNA_REPAIR 4522/8722 MGT_008665
DNA_REPAIR 4523/8722 MGT_008684
DNA_REPAIR 4524/8722 MGT_008689
DNA_REPAIR 4525/8722 MGT_008691
DNA_REPAIR 4526/8722 MGT_008694
DNA_REPAIR 4527/8722 MGT_008696
DNA_REPAIR 4528/8722 MGT_008698
DNA_REPAIR 4529/8722 MGT_008699
DNA_REPAIR 4530/8722 MGT_008700
DNA_REPAIR 4531/8722 MGT_008702
DNA_REPAIR 4532/8722 MGT_008703
DNA_REPAIR 4533/8722 MGT_008704
DNA_REPAIR 4534/8722 MGT_008705
DNA_REPAIR 4535/8722 MGT_008706
DNA_REPAIR 4536/8722 MGT_008707
DNA_REPAIR 4537/8722 MGT_008708
DNA_REPAIR 4538/8722 MGT_008710
DNA_REPAIR 4539/8722 MGT_008750
DNA_REPAIR 4540/8722 MGT_008754
DNA_REPAIR 4541/8722 MGT_008757
DNA_REPAIR 4542/8722 MGT_008810
DNA_REPAIR 4543/8722 MGT_008827
DNA_REPAIR 4544/8722 MGT_008828
DNA_REPAIR 4545/8722 MGT_008835
DNA_REPAIR 4546/8722 MGT_008842
DNA_REPAIR 4547/8722 MGT_008843
DNA_REPAIR 4548/8722 MGT_008860
DNA_REPAIR 4549/8722 MGT_008876
DNA_REPAIR 4550/8722 MGT_008877
DNA_REPAIR 4551/8722 MGT_008915
DNA_REPAIR 4552/8722 MGT_008974
DNA_REPAIR 4553/8722 MGT_008988
DNA_REPAIR 4554/8722 MGT_008989
DNA_REPAIR 4555/8722 MGT_008993
DNA_REPAIR 4556/8722 MGT_009054
DNA_REPAIR 4557/8722 MGT_009056
DNA_REPAIR 4558/8722 MGT_009069
DNA_REPAIR 4559/8722 MGT_009089
DNA_REPAIR 4560/8722 MGT_009090
DNA_REPAIR 4561/8722 MGT_009092
DNA_REPAIR 4562/8722 MGT_009093
DNA_REPAIR 4563/8722 MGT_009100
DNA_REPAIR 4564/8722 MGT_009102
DNA_REPAIR 4565/8722 MGT_009113
DNA_REPAIR 4566/8722 MGT_009172
DNA_REPAIR 4567/8722 MGT_009178
DNA_REPAIR 4568/8722 MGT_009190
DNA_REPAIR 4569/8722 MGT_009217
DNA_REPAIR 4570/8722 MGT_009219
DNA_REPAIR 4571/8722 MGT_009223
DNA_REPAIR 4572/8722 MGT_009233
DNA_REPAIR 4573/8722 MGT_009244
DNA_REPAIR 4574/8722 MGT_009254
DNA_REPAIR 4575/8722 MGT_009256
DNA_REPAIR 4576/8722 MGT_009282
DNA_REPAIR 4577/8722 MGT_009288
DNA_REPAIR 4578/8722 MGT_009328
DNA_REPAIR 4579/8722 MGT_009329
DNA_REPAIR 4580/8722 MGT_009342
DNA_REPAIR 4581/8722 MGT_009354
DNA_REPAIR 4582/8722 MGT_009357
DNA_REPAIR 4583/8722 MGT_009373
DNA_REPAIR 4584/8722 MGT_009374
DNA_REPAIR 4585/8722 MGT_009375
DNA_REPAIR 4586/8722 MGT_009377
DNA_REPAIR 4587/8722 MGT_009378
DNA_REPAIR 4588/8722 MGT_009379
DNA_REPAIR 4589/8722 MGT_009385
DNA_REPAIR 4590/8722 MGT_009388
DNA_REPAIR 4591/8722 MGT_009408
DNA_REPAIR 4592/8722 MGT_009421
DNA_REPAIR 4593/8722 MGT_009493
DNA_REPAIR 4594/8722 MGT_009502
DNA_REPAIR 4595/8722 MGT_009532
DNA_REPAIR 4596/8722 MGT_009535
DNA_REPAIR 4597/8722 MGT_009538
DNA_REPAIR 4598/8722 MGT_009540
DNA_REPAIR 4599/8722 MGT_009542
DNA_REPAIR 4600/8722 MGT_009551
DNA_REPAIR 4601/8722 MGT_009554
DNA_REPAIR 4602/8722 MGT_009557
DNA_REPAIR 4603/8722 MGT_009558
DNA_REPAIR 4604/8722 MGT_009565
DNA_REPAIR 4605/8722 MGT_009584
DNA_REPAIR 4606/8722 MGT_009588
DNA_REPAIR 4607/8722 MGT_009632
DNA_REPAIR 4608/8722 MGT_009641
DNA_REPAIR 4609/8722 MGT_009668
DNA_REPAIR 4610/8722 MGT_009702
DNA_REPAIR 4611/8722 MGT_009761
DNA_REPAIR 4612/8722 MGT_009762
DNA_REPAIR 4613/8722 MGT_009772
DNA_REPAIR 4614/8722 MGT_009777
DNA_REPAIR 4615/8722 MGT_009778
DNA_REPAIR 4616/8722 MGT_009819
DNA_REPAIR 4617/8722 MGT_009830
DNA_REPAIR 4618/8722 MGT_009836
DNA_REPAIR 4619/8722 MGT_009853
DNA_REPAIR 4620/8722 MGT_009893
DNA_REPAIR 4621/8722 MGT_009904
DNA_REPAIR 4622/8722 MGT_009905
DNA_REPAIR 4623/8722 MGT_009907
DNA_REPAIR 4624/8722 MGT_009909
DNA_REPAIR 4625/8722 MGT_009910
DNA_REPAIR 4626/8722 MGT_009911
DNA_REPAIR 4627/8722 MGT_009913
DNA_REPAIR 4628/8722 MGT_009928
DNA_REPAIR 4629/8722 MGT_009984
DNA_REPAIR 4630/8722 MGT_009992
DNA_REPAIR 4631/8722 MGT_009998
DNA_REPAIR 4632/8722 MGT_010005
DNA_REPAIR 4633/8722 MGT_010009
DNA_REPAIR 4634/8722 MGT_010012
DNA_REPAIR 4635/8722 MGT_010022
DNA_REPAIR 4636/8722 MGT_010028
DNA_REPAIR 4637/8722 MGT_010044
DNA_REPAIR 4638/8722 MGT_010047
DNA_REPAIR 4639/8722 MGT_010053
DNA_REPAIR 4640/8722 MGT_010055
DNA_REPAIR 4641/8722 MGT_010099
DNA_REPAIR 4642/8722 MGT_010103
DNA_REPAIR 4643/8722 MGT_010129
DNA_REPAIR 4644/8722 MGT_010131
DNA_REPAIR 4645/8722 MGT_010141
DNA_REPAIR 4646/8722 MGT_010146
DNA_REPAIR 4647/8722 MGT_010178
DNA_REPAIR 4648/8722 MGT_010207
DNA_REPAIR 4649/8722 MGT_010221
DNA_REPAIR 4650/8722 MGT_010230
DNA_REPAIR 4651/8722 MGT_010252
DNA_REPAIR 4652/8722 MGT_010257
DNA_REPAIR 4653/8722 MGT_010262
DNA_REPAIR 4654/8722 MGT_010277
DNA_REPAIR 4655/8722 MGT_010283
DNA_REPAIR 4656/8722 MGT_010291
DNA_REPAIR 4657/8722 MGT_010561
DNA_REPAIR 4658/8722 MGT_010711
DNA_REPAIR 4659/8722 MGT_010752
DNA_REPAIR 4660/8722 MGT_010756
DNA_REPAIR 4661/8722 MGT_010839
DNA_REPAIR 4662/8722 MGT_010853
DNA_REPAIR 4663/8722 MGT_010864
DNA_REPAIR 4664/8722 MGT_010880
DNA_REPAIR 4665/8722 MGT_010954
DNA_REPAIR 4666/8722 MGT_010988
DNA_REPAIR 4667/8722 MGT_010990
DNA_REPAIR 4668/8722 MGT_011008
DNA_REPAIR 4669/8722 MGT_011018
DNA_REPAIR 4670/8722 MGT_011024
DNA_REPAIR 4671/8722 MGT_011030
DNA_REPAIR 4672/8722 MGT_011038
DNA_REPAIR 4673/8722 MGT_011039
DNA_REPAIR 4674/8722 MGT_011063
DNA_REPAIR 4675/8722 MGT_011064
DNA_REPAIR 4676/8722 MGT_011067
DNA_REPAIR 4677/8722 MGT_011081
DNA_REPAIR 4678/8722 MGT_011103
DNA_REPAIR 4679/8722 MGT_011107
DNA_REPAIR 4680/8722 MGT_011124
DNA_REPAIR 4681/8722 MGT_011126
DNA_REPAIR 4682/8722 MGT_011157
DNA_REPAIR 4683/8722 MGT_011161
DNA_REPAIR 4684/8722 MGT_011168
DNA_REPAIR 4685/8722 MGT_011186
DNA_REPAIR 4686/8722 MGT_011208
DNA_REPAIR 4687/8722 MGT_011223
DNA_REPAIR 4688/8722 MGT_011228
DNA_REPAIR 4689/8722 MGT_011248
DNA_REPAIR 4690/8722 MGT_011274
DNA_REPAIR 4691/8722 MGT_011290
DNA_REPAIR 4692/8722 MGT_011314
DNA_REPAIR 4693/8722 MGT_000164
DNA_REPAIR 4694/8722 MGT_000634
DNA_REPAIR 4695/8722 MGT_000710
DNA_REPAIR 4696/8722 MGT_000780
DNA_REPAIR 4697/8722 MGT_002023
DNA_REPAIR 4698/8722 MGT_002701
DNA_REPAIR 4699/8722 MGT_002741
DNA_REPAIR 4700/8722 MGT_003019
DNA_REPAIR 4701/8722 MGT_003296
DNA_REPAIR 4702/8722 MGT_003345
DNA_REPAIR 4703/8722 MGT_003526
DNA_REPAIR 4704/8722 MGT_006013
DNA_REPAIR 4705/8722 MGT_006432
DNA_REPAIR 4706/8722 MGT_006474
DNA_REPAIR 4707/8722 MGT_006491
DNA_REPAIR 4708/8722 MGT_007028
DNA_REPAIR 4709/8722 MGT_007285
DNA_REPAIR 4710/8722 MGT_007299
DNA_REPAIR 4711/8722 MGT_007394
DNA_REPAIR 4712/8722 MGT_007404
DNA_REPAIR 4713/8722 MGT_007408
DNA_REPAIR 4714/8722 MGT_007595
DNA_REPAIR 4715/8722 MGT_007684
DNA_REPAIR 4716/8722 MGT_007691
DNA_REPAIR 4717/8722 MGT_007731
DNA_REPAIR 4718/8722 MGT_007745
DNA_REPAIR 4719/8722 MGT_007772
DNA_REPAIR 4720/8722 MGT_007801
DNA_REPAIR 4721/8722 MGT_007809
DNA_REPAIR 4722/8722 MGT_007857
DNA_REPAIR 4723/8722 MGT_008167
DNA_REPAIR 4724/8722 MGT_008196
DNA_REPAIR 4725/8722 MGT_008197
DNA_REPAIR 4726/8722 MGT_008307
DNA_REPAIR 4727/8722 MGT_008434
DNA_REPAIR 4728/8722 MGT_008452
DNA_REPAIR 4729/8722 MGT_008568
DNA_REPAIR 4730/8722 MGT_008675
DNA_REPAIR 4731/8722 MGT_008735
DNA_REPAIR 4732/8722 MGT_008855
DNA_REPAIR 4733/8722 MGT_008925
DNA_REPAIR 4734/8722 MGT_008937
DNA_REPAIR 4735/8722 MGT_008953
DNA_REPAIR 4736/8722 MGT_009212
DNA_REPAIR 4737/8722 MGT_009216
DNA_REPAIR 4738/8722 MGT_009399
DNA_REPAIR 4739/8722 MGT_009406
DNA_REPAIR 4740/8722 MGT_009708
DNA_REPAIR 4741/8722 MGT_009773
DNA_REPAIR 4742/8722 MGT_009840
DNA_REPAIR 4743/8722 MGT_009879
DNA_REPAIR 4744/8722 MGT_009977
DNA_REPAIR 4745/8722 MGT_010025
DNA_REPAIR 4746/8722 MGT_010098
DNA_REPAIR 4747/8722 MGT_010159
DNA_REPAIR 4748/8722 MGT_010211
DNA_REPAIR 4749/8722 MGT_010215
DNA_REPAIR 4750/8722 MGT_010297
DNA_REPAIR 4751/8722 MGT_010402
DNA_REPAIR 4752/8722 MGT_010930
DNA_REPAIR 4753/8722 MGT_010937
DNA_REPAIR 4754/8722 MGT_010969
DNA_REPAIR 4755/8722 MGT_011011
DNA_REPAIR 4756/8722 MGT_011166
DNA_REPAIR 4757/8722 MGT_000115
DNA_REPAIR 4758/8722 MGT_000501
DNA_REPAIR 4759/8722 MGT_002114
DNA_REPAIR 4760/8722 MGT_002601
DNA_REPAIR 4761/8722 MGT_006322
DNA_REPAIR 4762/8722 MGT_006468
DNA_REPAIR 4763/8722 MGT_006512
DNA_REPAIR 4764/8722 MGT_006514
DNA_REPAIR 4765/8722 MGT_006749
DNA_REPAIR 4766/8722 MGT_006963
DNA_REPAIR 4767/8722 MGT_007187
DNA_REPAIR 4768/8722 MGT_007283
DNA_REPAIR 4769/8722 MGT_007300
DNA_REPAIR 4770/8722 MGT_007401
DNA_REPAIR 4771/8722 MGT_007660
DNA_REPAIR 4772/8722 MGT_007917
DNA_REPAIR 4773/8722 MGT_008029
DNA_REPAIR 4774/8722 MGT_008070
DNA_REPAIR 4775/8722 MGT_008082
DNA_REPAIR 4776/8722 MGT_008173
DNA_REPAIR 4777/8722 MGT_008236
DNA_REPAIR 4778/8722 MGT_008237
DNA_REPAIR 4779/8722 MGT_008245
DNA_REPAIR 4780/8722 MGT_008426
DNA_REPAIR 4781/8722 MGT_008486
DNA_REPAIR 4782/8722 MGT_008542
DNA_REPAIR 4783/8722 MGT_008570
DNA_REPAIR 4784/8722 MGT_008651
DNA_REPAIR 4785/8722 MGT_008886
DNA_REPAIR 4786/8722 MGT_008905
DNA_REPAIR 4787/8722 MGT_008910
DNA_REPAIR 4788/8722 MGT_008919
DNA_REPAIR 4789/8722 MGT_009272
DNA_REPAIR 4790/8722 MGT_009281
DNA_REPAIR 4791/8722 MGT_009368
DNA_REPAIR 4792/8722 MGT_009452
DNA_REPAIR 4793/8722 MGT_009470
DNA_REPAIR 4794/8722 MGT_009476
DNA_REPAIR 4795/8722 MGT_009562
DNA_REPAIR 4796/8722 MGT_009657
DNA_REPAIR 4797/8722 MGT_009755
DNA_REPAIR 4798/8722 MGT_009802
DNA_REPAIR 4799/8722 MGT_009866
DNA_REPAIR 4800/8722 MGT_009933
DNA_REPAIR 4801/8722 MGT_010157
DNA_REPAIR 4802/8722 MGT_010172
DNA_REPAIR 4803/8722 MGT_010173
DNA_REPAIR 4804/8722 MGT_010187
DNA_REPAIR 4805/8722 MGT_010208
DNA_REPAIR 4806/8722 MGT_010216
DNA_REPAIR 4807/8722 MGT_010239
DNA_REPAIR 4808/8722 MGT_010242
DNA_REPAIR 4809/8722 MGT_010352
DNA_REPAIR 4810/8722 MGT_010945
DNA_REPAIR 4811/8722 MGT_010946
DNA_REPAIR 4812/8722 MGT_010997
DNA_REPAIR 4813/8722 MGT_011262
DNA_REPAIR 4814/8722 MGT_011327
DNA_REPAIR 4815/8722 MGT_010347
DNA_REPAIR 4816/8722 MGT_000098
DNA_REPAIR 4817/8722 MGT_000273
DNA_REPAIR 4818/8722 MGT_000771
DNA_REPAIR 4819/8722 MGT_002075
DNA_REPAIR 4820/8722 MGT_002248
DNA_REPAIR 4821/8722 MGT_002253
DNA_REPAIR 4822/8722 MGT_002298
DNA_REPAIR 4823/8722 MGT_002530
DNA_REPAIR 4824/8722 MGT_002709
DNA_REPAIR 4825/8722 MGT_002754
DNA_REPAIR 4826/8722 MGT_003115
DNA_REPAIR 4827/8722 MGT_003352
DNA_REPAIR 4828/8722 MGT_003669
DNA_REPAIR 4829/8722 MGT_006112
DNA_REPAIR 4830/8722 MGT_006381
DNA_REPAIR 4831/8722 MGT_006495
DNA_REPAIR 4832/8722 MGT_006616
DNA_REPAIR 4833/8722 MGT_006630
DNA_REPAIR 4834/8722 MGT_006723
DNA_REPAIR 4835/8722 MGT_006760
DNA_REPAIR 4836/8722 MGT_006945
DNA_REPAIR 4837/8722 MGT_007166
DNA_REPAIR 4838/8722 MGT_007453
DNA_REPAIR 4839/8722 MGT_007480
DNA_REPAIR 4840/8722 MGT_007497
DNA_REPAIR 4841/8722 MGT_007528
DNA_REPAIR 4842/8722 MGT_007560
DNA_REPAIR 4843/8722 MGT_007718
DNA_REPAIR 4844/8722 MGT_008158
DNA_REPAIR 4845/8722 MGT_008682
DNA_REPAIR 4846/8722 MGT_008714
DNA_REPAIR 4847/8722 MGT_009070
DNA_REPAIR 4848/8722 MGT_009322
DNA_REPAIR 4849/8722 MGT_009340
DNA_REPAIR 4850/8722 MGT_009469
DNA_REPAIR 4851/8722 MGT_009506
DNA_REPAIR 4852/8722 MGT_009642
DNA_REPAIR 4853/8722 MGT_009738
DNA_REPAIR 4854/8722 MGT_009870
DNA_REPAIR 4855/8722 MGT_009979
DNA_REPAIR 4856/8722 MGT_010481
DNA_REPAIR 4857/8722 MGT_010536
DNA_REPAIR 4858/8722 MGT_010621
DNA_REPAIR 4859/8722 MGT_011094
DNA_REPAIR 4860/8722 MGT_011110
DNA_REPAIR 4861/8722 MGT_011116
DNA_REPAIR 4862/8722 MGT_011236
DNA_REPAIR 4863/8722 MGT_011302
DNA_REPAIR 4864/8722 MGT_000056
DNA_REPAIR 4865/8722 MGT_000329
DNA_REPAIR 4866/8722 MGT_000393
DNA_REPAIR 4867/8722 MGT_000504
DNA_REPAIR 4868/8722 MGT_000976
DNA_REPAIR 4869/8722 MGT_002031
DNA_REPAIR 4870/8722 MGT_002435
DNA_REPAIR 4871/8722 MGT_002773
DNA_REPAIR 4872/8722 MGT_002916
DNA_REPAIR 4873/8722 MGT_003141
DNA_REPAIR 4874/8722 MGT_003672
DNA_REPAIR 4875/8722 MGT_003721
DNA_REPAIR 4876/8722 MGT_005782
DNA_REPAIR 4877/8722 MGT_005903
DNA_REPAIR 4878/8722 MGT_005906
DNA_REPAIR 4879/8722 MGT_005948
DNA_REPAIR 4880/8722 MGT_006078
DNA_REPAIR 4881/8722 MGT_006163
DNA_REPAIR 4882/8722 MGT_006192
DNA_REPAIR 4883/8722 MGT_006258
DNA_REPAIR 4884/8722 MGT_006262
DNA_REPAIR 4885/8722 MGT_006283
DNA_REPAIR 4886/8722 MGT_006600
DNA_REPAIR 4887/8722 MGT_006645
DNA_REPAIR 4888/8722 MGT_006718
DNA_REPAIR 4889/8722 MGT_006973
DNA_REPAIR 4890/8722 MGT_007001
DNA_REPAIR 4891/8722 MGT_007178
DNA_REPAIR 4892/8722 MGT_007356
DNA_REPAIR 4893/8722 MGT_007405
DNA_REPAIR 4894/8722 MGT_007663
DNA_REPAIR 4895/8722 MGT_007768
DNA_REPAIR 4896/8722 MGT_008050
DNA_REPAIR 4897/8722 MGT_008051
DNA_REPAIR 4898/8722 MGT_008306
DNA_REPAIR 4899/8722 MGT_008311
DNA_REPAIR 4900/8722 MGT_009299
DNA_REPAIR 4901/8722 MGT_009372
DNA_REPAIR 4902/8722 MGT_009656
DNA_REPAIR 4903/8722 MGT_009661
DNA_REPAIR 4904/8722 MGT_009705
DNA_REPAIR 4905/8722 MGT_009715
DNA_REPAIR 4906/8722 MGT_009864
DNA_REPAIR 4907/8722 MGT_010496
DNA_REPAIR 4908/8722 MGT_010530
DNA_REPAIR 4909/8722 MGT_010551
DNA_REPAIR 4910/8722 MGT_010601
DNA_REPAIR 4911/8722 MGT_010917
DNA_REPAIR 4912/8722 MGT_011163
DNA_REPAIR 4913/8722 MGT_011283
DNA_REPAIR 4914/8722 MGT_011301
DNA_REPAIR 4915/8722 MGT_000533
DNA_REPAIR 4916/8722 MGT_000545
DNA_REPAIR 4917/8722 MGT_003597
DNA_REPAIR 4918/8722 MGT_000264
DNA_REPAIR 4919/8722 MGT_002156
DNA_REPAIR 4920/8722 MGT_007358
DNA_REPAIR 4921/8722 MGT_010978
DNA_REPAIR 4922/8722 MGT_000260
DNA_REPAIR 4923/8722 MGT_000266
DNA_REPAIR 4924/8722 MGT_002124
DNA_REPAIR 4925/8722 MGT_002256
DNA_REPAIR 4926/8722 MGT_002541
DNA_REPAIR 4927/8722 MGT_002545
DNA_REPAIR 4928/8722 MGT_002556
DNA_REPAIR 4929/8722 MGT_002561
DNA_REPAIR 4930/8722 MGT_002580
DNA_REPAIR 4931/8722 MGT_002705
DNA_REPAIR 4932/8722 MGT_002711
DNA_REPAIR 4933/8722 MGT_002756
DNA_REPAIR 4934/8722 MGT_002926
DNA_REPAIR 4935/8722 MGT_003479
DNA_REPAIR 4936/8722 MGT_003499
DNA_REPAIR 4937/8722 MGT_003502
DNA_REPAIR 4938/8722 MGT_005973
DNA_REPAIR 4939/8722 MGT_006129
DNA_REPAIR 4940/8722 MGT_006437
DNA_REPAIR 4941/8722 MGT_006446
DNA_REPAIR 4942/8722 MGT_006447
DNA_REPAIR 4943/8722 MGT_006448
DNA_REPAIR 4944/8722 MGT_006490
DNA_REPAIR 4945/8722 MGT_006536
DNA_REPAIR 4946/8722 MGT_006608
DNA_REPAIR 4947/8722 MGT_006626
DNA_REPAIR 4948/8722 MGT_006629
DNA_REPAIR 4949/8722 MGT_006914
DNA_REPAIR 4950/8722 MGT_006952
DNA_REPAIR 4951/8722 MGT_006992
DNA_REPAIR 4952/8722 MGT_006993
DNA_REPAIR 4953/8722 MGT_006994
DNA_REPAIR 4954/8722 MGT_007020
DNA_REPAIR 4955/8722 MGT_007022
DNA_REPAIR 4956/8722 MGT_007060
DNA_REPAIR 4957/8722 MGT_007324
DNA_REPAIR 4958/8722 MGT_007339
DNA_REPAIR 4959/8722 MGT_007343
DNA_REPAIR 4960/8722 MGT_007346
DNA_REPAIR 4961/8722 MGT_007353
DNA_REPAIR 4962/8722 MGT_007605
DNA_REPAIR 4963/8722 MGT_007641
DNA_REPAIR 4964/8722 MGT_007646
DNA_REPAIR 4965/8722 MGT_007710
DNA_REPAIR 4966/8722 MGT_007711
DNA_REPAIR 4967/8722 MGT_007712
DNA_REPAIR 4968/8722 MGT_007716
DNA_REPAIR 4969/8722 MGT_007721
DNA_REPAIR 4970/8722 MGT_007722
DNA_REPAIR 4971/8722 MGT_007724
DNA_REPAIR 4972/8722 MGT_007725
DNA_REPAIR 4973/8722 MGT_007727
DNA_REPAIR 4974/8722 MGT_007730
DNA_REPAIR 4975/8722 MGT_007732
DNA_REPAIR 4976/8722 MGT_007865
DNA_REPAIR 4977/8722 MGT_007876
DNA_REPAIR 4978/8722 MGT_007883
DNA_REPAIR 4979/8722 MGT_007950
DNA_REPAIR 4980/8722 MGT_007951
DNA_REPAIR 4981/8722 MGT_008020
DNA_REPAIR 4982/8722 MGT_008021
DNA_REPAIR 4983/8722 MGT_008127
DNA_REPAIR 4984/8722 MGT_008157
DNA_REPAIR 4985/8722 MGT_008180
DNA_REPAIR 4986/8722 MGT_008220
DNA_REPAIR 4987/8722 MGT_008247
DNA_REPAIR 4988/8722 MGT_008336
DNA_REPAIR 4989/8722 MGT_008337
DNA_REPAIR 4990/8722 MGT_008350
DNA_REPAIR 4991/8722 MGT_008358
DNA_REPAIR 4992/8722 MGT_008478
DNA_REPAIR 4993/8722 MGT_008489
DNA_REPAIR 4994/8722 MGT_008495
DNA_REPAIR 4995/8722 MGT_008496
DNA_REPAIR 4996/8722 MGT_008498
DNA_REPAIR 4997/8722 MGT_008499
DNA_REPAIR 4998/8722 MGT_008550
DNA_REPAIR 4999/8722 MGT_008581
DNA_REPAIR 5000/8722 MGT_008632
DNA_REPAIR 5001/8722 MGT_008749
DNA_REPAIR 5002/8722 MGT_008762
DNA_REPAIR 5003/8722 MGT_008790
DNA_REPAIR 5004/8722 MGT_008847
DNA_REPAIR 5005/8722 MGT_008856
DNA_REPAIR 5006/8722 MGT_008857
DNA_REPAIR 5007/8722 MGT_009000
DNA_REPAIR 5008/8722 MGT_009124
DNA_REPAIR 5009/8722 MGT_009160
DNA_REPAIR 5010/8722 MGT_009162
DNA_REPAIR 5011/8722 MGT_009165
DNA_REPAIR 5012/8722 MGT_009166
DNA_REPAIR 5013/8722 MGT_009167
DNA_REPAIR 5014/8722 MGT_009168
DNA_REPAIR 5015/8722 MGT_009175
DNA_REPAIR 5016/8722 MGT_009176
DNA_REPAIR 5017/8722 MGT_009180
DNA_REPAIR 5018/8722 MGT_009247
DNA_REPAIR 5019/8722 MGT_009292
DNA_REPAIR 5020/8722 MGT_009334
DNA_REPAIR 5021/8722 MGT_009366
DNA_REPAIR 5022/8722 MGT_009417
DNA_REPAIR 5023/8722 MGT_009447
DNA_REPAIR 5024/8722 MGT_009547
DNA_REPAIR 5025/8722 MGT_009636
DNA_REPAIR 5026/8722 MGT_009651
DNA_REPAIR 5027/8722 MGT_009696
DNA_REPAIR 5028/8722 MGT_009697
DNA_REPAIR 5029/8722 MGT_009698
DNA_REPAIR 5030/8722 MGT_009713
DNA_REPAIR 5031/8722 MGT_009952
DNA_REPAIR 5032/8722 MGT_009970
DNA_REPAIR 5033/8722 MGT_010033
DNA_REPAIR 5034/8722 MGT_010206
DNA_REPAIR 5035/8722 MGT_010264
DNA_REPAIR 5036/8722 MGT_010276
DNA_REPAIR 5037/8722 MGT_010278
DNA_REPAIR 5038/8722 MGT_010284
DNA_REPAIR 5039/8722 MGT_010286
DNA_REPAIR 5040/8722 MGT_010287
DNA_REPAIR 5041/8722 MGT_010381
DNA_REPAIR 5042/8722 MGT_010592
DNA_REPAIR 5043/8722 MGT_010610
DNA_REPAIR 5044/8722 MGT_010652
DNA_REPAIR 5045/8722 MGT_010857
DNA_REPAIR 5046/8722 MGT_010947
DNA_REPAIR 5047/8722 MGT_010951
DNA_REPAIR 5048/8722 MGT_010959
DNA_REPAIR 5049/8722 MGT_010963
DNA_REPAIR 5050/8722 MGT_010965
DNA_REPAIR 5051/8722 MGT_010966
DNA_REPAIR 5052/8722 MGT_011060
DNA_REPAIR 5053/8722 MGT_011171
DNA_REPAIR 5054/8722 MGT_011184
DNA_REPAIR 5055/8722 MGT_011185
DNA_REPAIR 5056/8722 MGT_011194
DNA_REPAIR 5057/8722 MGT_011212
DNA_REPAIR 5058/8722 MGT_011300
DNA_REPAIR 5059/8722 MGT_011322
DNA_REPAIR 5060/8722 MGT_002314
DNA_REPAIR 5061/8722 MGT_008240
DNA_REPAIR 5062/8722 MGT_000454
DNA_REPAIR 5063/8722 MGT_000606
DNA_REPAIR 5064/8722 MGT_006062
DNA_REPAIR 5065/8722 MGT_009605
DNA_REPAIR 5066/8722 MGT_002740
DNA_REPAIR 5067/8722 MGT_007614
DNA_REPAIR 5068/8722 MGT_008106
DNA_REPAIR 5069/8722 MGT_008208
DNA_REPAIR 5070/8722 MGT_008339
DNA_REPAIR 5071/8722 MGT_008343
DNA_REPAIR 5072/8722 MGT_008357
DNA_REPAIR 5073/8722 MGT_008413
DNA_REPAIR 5074/8722 MGT_008430
DNA_REPAIR 5075/8722 MGT_008506
DNA_REPAIR 5076/8722 MGT_009462
DNA_REPAIR 5077/8722 MGT_000841
DNA_REPAIR 5078/8722 MGT_006654
DNA_REPAIR 5079/8722 MGT_007636
DNA_REPAIR 5080/8722 MGT_008342
DNA_REPAIR 5081/8722 MGT_008368
DNA_REPAIR 5082/8722 MGT_008441
DNA_REPAIR 5083/8722 MGT_008776
DNA_REPAIR 5084/8722 MGT_009501
DNA_REPAIR 5085/8722 MGT_009700
DNA_REPAIR 5086/8722 MGT_009844
DNA_REPAIR 5087/8722 MGT_010030
DNA_REPAIR 5088/8722 MGT_006811
DNA_REPAIR 5089/8722 MGT_008345
DNA_REPAIR 5090/8722 MGT_008353
DNA_REPAIR 5091/8722 MGT_010267
DNA_REPAIR 5092/8722 MGT_000024
DNA_REPAIR 5093/8722 MGT_002369
DNA_REPAIR 5094/8722 MGT_002804
DNA_REPAIR 5095/8722 MGT_003008
DNA_REPAIR 5096/8722 MGT_003174
DNA_REPAIR 5097/8722 MGT_003219
DNA_REPAIR 5098/8722 MGT_003248
DNA_REPAIR 5099/8722 MGT_003656
DNA_REPAIR 5100/8722 MGT_006487
DNA_REPAIR 5101/8722 MGT_006494
DNA_REPAIR 5102/8722 MGT_006549
DNA_REPAIR 5103/8722 MGT_006561
DNA_REPAIR 5104/8722 MGT_006576
DNA_REPAIR 5105/8722 MGT_006777
DNA_REPAIR 5106/8722 MGT_006817
DNA_REPAIR 5107/8722 MGT_006866
DNA_REPAIR 5108/8722 MGT_006942
DNA_REPAIR 5109/8722 MGT_007240
DNA_REPAIR 5110/8722 MGT_007449
DNA_REPAIR 5111/8722 MGT_007458
DNA_REPAIR 5112/8722 MGT_007508
DNA_REPAIR 5113/8722 MGT_007557
DNA_REPAIR 5114/8722 MGT_007670
DNA_REPAIR 5115/8722 MGT_007851
DNA_REPAIR 5116/8722 MGT_007897
DNA_REPAIR 5117/8722 MGT_008378
DNA_REPAIR 5118/8722 MGT_008419
DNA_REPAIR 5119/8722 MGT_008423
DNA_REPAIR 5120/8722 MGT_008597
DNA_REPAIR 5121/8722 MGT_008783
DNA_REPAIR 5122/8722 MGT_008943
DNA_REPAIR 5123/8722 MGT_008970
DNA_REPAIR 5124/8722 MGT_009141
DNA_REPAIR 5125/8722 MGT_009268
DNA_REPAIR 5126/8722 MGT_009392
DNA_REPAIR 5127/8722 MGT_009448
DNA_REPAIR 5128/8722 MGT_009563
DNA_REPAIR 5129/8722 MGT_009587
DNA_REPAIR 5130/8722 MGT_009619
DNA_REPAIR 5131/8722 MGT_009650
DNA_REPAIR 5132/8722 MGT_009775
DNA_REPAIR 5133/8722 MGT_009855
DNA_REPAIR 5134/8722 MGT_009859
DNA_REPAIR 5135/8722 MGT_010021
DNA_REPAIR 5136/8722 MGT_010061
DNA_REPAIR 5137/8722 MGT_010113
DNA_REPAIR 5138/8722 MGT_010120
DNA_REPAIR 5139/8722 MGT_010151
DNA_REPAIR 5140/8722 MGT_010175
DNA_REPAIR 5141/8722 MGT_010232
DNA_REPAIR 5142/8722 MGT_010340
DNA_REPAIR 5143/8722 MGT_010989
DNA_REPAIR 5144/8722 MGT_010991
DNA_REPAIR 5145/8722 MGT_011050
DNA_REPAIR 5146/8722 MGT_000100
DNA_REPAIR 5147/8722 MGT_002123
DNA_REPAIR 5148/8722 MGT_002581
DNA_REPAIR 5149/8722 MGT_003496
DNA_REPAIR 5150/8722 MGT_006228
DNA_REPAIR 5151/8722 MGT_006711
DNA_REPAIR 5152/8722 MGT_006892
DNA_REPAIR 5153/8722 MGT_006911
DNA_REPAIR 5154/8722 MGT_007359
DNA_REPAIR 5155/8722 MGT_007386
DNA_REPAIR 5156/8722 MGT_007652
DNA_REPAIR 5157/8722 MGT_007708
DNA_REPAIR 5158/8722 MGT_007723
DNA_REPAIR 5159/8722 MGT_007770
DNA_REPAIR 5160/8722 MGT_007934
DNA_REPAIR 5161/8722 MGT_008492
DNA_REPAIR 5162/8722 MGT_008555
DNA_REPAIR 5163/8722 MGT_008713
DNA_REPAIR 5164/8722 MGT_008791
DNA_REPAIR 5165/8722 MGT_008858
DNA_REPAIR 5166/8722 MGT_009289
DNA_REPAIR 5167/8722 MGT_009323
DNA_REPAIR 5168/8722 MGT_009355
DNA_REPAIR 5169/8722 MGT_009356
DNA_REPAIR 5170/8722 MGT_009439
DNA_REPAIR 5171/8722 MGT_009612
DNA_REPAIR 5172/8722 MGT_010179
DNA_REPAIR 5173/8722 MGT_010268
DNA_REPAIR 5174/8722 MGT_010271
DNA_REPAIR 5175/8722 MGT_010281
DNA_REPAIR 5176/8722 MGT_010860
DNA_REPAIR 5177/8722 MGT_010956
DNA_REPAIR 5178/8722 MGT_010960
DNA_REPAIR 5179/8722 MGT_010962
DNA_REPAIR 5180/8722 MGT_010984
DNA_REPAIR 5181/8722 MGT_000039
DNA_REPAIR 5182/8722 MGT_000905
DNA_REPAIR 5183/8722 MGT_000964
DNA_REPAIR 5184/8722 MGT_001993
DNA_REPAIR 5185/8722 MGT_002446
DNA_REPAIR 5186/8722 MGT_002594
DNA_REPAIR 5187/8722 MGT_002866
DNA_REPAIR 5188/8722 MGT_003154
DNA_REPAIR 5189/8722 MGT_003254
DNA_REPAIR 5190/8722 MGT_003256
DNA_REPAIR 5191/8722 MGT_003416
DNA_REPAIR 5192/8722 MGT_003814
DNA_REPAIR 5193/8722 MGT_005932
DNA_REPAIR 5194/8722 MGT_006567
DNA_REPAIR 5195/8722 MGT_006627
DNA_REPAIR 5196/8722 MGT_007019
DNA_REPAIR 5197/8722 MGT_007085
DNA_REPAIR 5198/8722 MGT_007135
DNA_REPAIR 5199/8722 MGT_007234
DNA_REPAIR 5200/8722 MGT_007269
DNA_REPAIR 5201/8722 MGT_007676
DNA_REPAIR 5202/8722 MGT_007709
DNA_REPAIR 5203/8722 MGT_007908
DNA_REPAIR 5204/8722 MGT_007925
DNA_REPAIR 5205/8722 MGT_007927
DNA_REPAIR 5206/8722 MGT_008031
DNA_REPAIR 5207/8722 MGT_008055
DNA_REPAIR 5208/8722 MGT_008134
DNA_REPAIR 5209/8722 MGT_008234
DNA_REPAIR 5210/8722 MGT_008276
DNA_REPAIR 5211/8722 MGT_008348
DNA_REPAIR 5212/8722 MGT_008394
DNA_REPAIR 5213/8722 MGT_008416
DNA_REPAIR 5214/8722 MGT_008464
DNA_REPAIR 5215/8722 MGT_008538
DNA_REPAIR 5216/8722 MGT_008557
DNA_REPAIR 5217/8722 MGT_008837
DNA_REPAIR 5218/8722 MGT_008875
DNA_REPAIR 5219/8722 MGT_009036
DNA_REPAIR 5220/8722 MGT_009038
DNA_REPAIR 5221/8722 MGT_009362
DNA_REPAIR 5222/8722 MGT_009516
DNA_REPAIR 5223/8722 MGT_009757
DNA_REPAIR 5224/8722 MGT_009842
DNA_REPAIR 5225/8722 MGT_009918
DNA_REPAIR 5226/8722 MGT_009926
DNA_REPAIR 5227/8722 MGT_009975
DNA_REPAIR 5228/8722 MGT_010134
DNA_REPAIR 5229/8722 MGT_010210
DNA_REPAIR 5230/8722 MGT_010879
DNA_REPAIR 5231/8722 MGT_010892
DNA_REPAIR 5232/8722 MGT_011238
DNA_REPAIR 5233/8722 MGT_011270
DNA_REPAIR 5234/8722 MGT_011165
DNA_REPAIR 5235/8722 MGT_000006
DNA_REPAIR 5236/8722 MGT_000042
DNA_REPAIR 5237/8722 MGT_000048
DNA_REPAIR 5238/8722 MGT_000084
DNA_REPAIR 5239/8722 MGT_000105
DNA_REPAIR 5240/8722 MGT_000120
DNA_REPAIR 5241/8722 MGT_000188
DNA_REPAIR 5242/8722 MGT_000220
DNA_REPAIR 5243/8722 MGT_000223
DNA_REPAIR 5244/8722 MGT_000240
DNA_REPAIR 5245/8722 MGT_000252
DNA_REPAIR 5246/8722 MGT_000276
DNA_REPAIR 5247/8722 MGT_000308
DNA_REPAIR 5248/8722 MGT_000317
DNA_REPAIR 5249/8722 MGT_000319
DNA_REPAIR 5250/8722 MGT_000323
DNA_REPAIR 5251/8722 MGT_000360
DNA_REPAIR 5252/8722 MGT_000374
DNA_REPAIR 5253/8722 MGT_000390
DNA_REPAIR 5254/8722 MGT_000411
DNA_REPAIR 5255/8722 MGT_000461
DNA_REPAIR 5256/8722 MGT_000496
DNA_REPAIR 5257/8722 MGT_000580
DNA_REPAIR 5258/8722 MGT_000650
DNA_REPAIR 5259/8722 MGT_000656
DNA_REPAIR 5260/8722 MGT_000660
DNA_REPAIR 5261/8722 MGT_000674
DNA_REPAIR 5262/8722 MGT_000714
DNA_REPAIR 5263/8722 MGT_000715
DNA_REPAIR 5264/8722 MGT_000766
DNA_REPAIR 5265/8722 MGT_000774
DNA_REPAIR 5266/8722 MGT_000824
DNA_REPAIR 5267/8722 MGT_000835
DNA_REPAIR 5268/8722 MGT_000863
DNA_REPAIR 5269/8722 MGT_000864
DNA_REPAIR 5270/8722 MGT_000916
DNA_REPAIR 5271/8722 MGT_000943
DNA_REPAIR 5272/8722 MGT_000945
DNA_REPAIR 5273/8722 MGT_000955
DNA_REPAIR 5274/8722 MGT_000970
DNA_REPAIR 5275/8722 MGT_000980
DNA_REPAIR 5276/8722 MGT_000983
DNA_REPAIR 5277/8722 MGT_000985
DNA_REPAIR 5278/8722 MGT_000988
DNA_REPAIR 5279/8722 MGT_001994
DNA_REPAIR 5280/8722 MGT_001998
DNA_REPAIR 5281/8722 MGT_002022
DNA_REPAIR 5282/8722 MGT_002025
DNA_REPAIR 5283/8722 MGT_002029
DNA_REPAIR 5284/8722 MGT_002050
DNA_REPAIR 5285/8722 MGT_002063
DNA_REPAIR 5286/8722 MGT_002065
DNA_REPAIR 5287/8722 MGT_002074
DNA_REPAIR 5288/8722 MGT_002076
DNA_REPAIR 5289/8722 MGT_002080
DNA_REPAIR 5290/8722 MGT_002083
DNA_REPAIR 5291/8722 MGT_002144
DNA_REPAIR 5292/8722 MGT_002150
DNA_REPAIR 5293/8722 MGT_002190
DNA_REPAIR 5294/8722 MGT_002193
DNA_REPAIR 5295/8722 MGT_002201
DNA_REPAIR 5296/8722 MGT_002204
DNA_REPAIR 5297/8722 MGT_002251
DNA_REPAIR 5298/8722 MGT_002258
DNA_REPAIR 5299/8722 MGT_002273
DNA_REPAIR 5300/8722 MGT_002278
DNA_REPAIR 5301/8722 MGT_002289
DNA_REPAIR 5302/8722 MGT_002308
DNA_REPAIR 5303/8722 MGT_002311
DNA_REPAIR 5304/8722 MGT_002331
DNA_REPAIR 5305/8722 MGT_002336
DNA_REPAIR 5306/8722 MGT_002348
DNA_REPAIR 5307/8722 MGT_002351
DNA_REPAIR 5308/8722 MGT_002359
DNA_REPAIR 5309/8722 MGT_002373
DNA_REPAIR 5310/8722 MGT_002394
DNA_REPAIR 5311/8722 MGT_002400
DNA_REPAIR 5312/8722 MGT_002410
DNA_REPAIR 5313/8722 MGT_002412
DNA_REPAIR 5314/8722 MGT_002414
DNA_REPAIR 5315/8722 MGT_002418
DNA_REPAIR 5316/8722 MGT_002426
DNA_REPAIR 5317/8722 MGT_002430
DNA_REPAIR 5318/8722 MGT_002450
DNA_REPAIR 5319/8722 MGT_002453
DNA_REPAIR 5320/8722 MGT_002455
DNA_REPAIR 5321/8722 MGT_002476
DNA_REPAIR 5322/8722 MGT_002490
DNA_REPAIR 5323/8722 MGT_002495
DNA_REPAIR 5324/8722 MGT_002505
DNA_REPAIR 5325/8722 MGT_002551
DNA_REPAIR 5326/8722 MGT_002565
DNA_REPAIR 5327/8722 MGT_002570
DNA_REPAIR 5328/8722 MGT_002578
DNA_REPAIR 5329/8722 MGT_002595
DNA_REPAIR 5330/8722 MGT_002599
DNA_REPAIR 5331/8722 MGT_002633
DNA_REPAIR 5332/8722 MGT_002659
DNA_REPAIR 5333/8722 MGT_002666
DNA_REPAIR 5334/8722 MGT_002688
DNA_REPAIR 5335/8722 MGT_002699
DNA_REPAIR 5336/8722 MGT_002710
DNA_REPAIR 5337/8722 MGT_002815
DNA_REPAIR 5338/8722 MGT_002831
DNA_REPAIR 5339/8722 MGT_002878
DNA_REPAIR 5340/8722 MGT_002880
DNA_REPAIR 5341/8722 MGT_002930
DNA_REPAIR 5342/8722 MGT_002944
DNA_REPAIR 5343/8722 MGT_002950
DNA_REPAIR 5344/8722 MGT_002979
DNA_REPAIR 5345/8722 MGT_002986
DNA_REPAIR 5346/8722 MGT_003001
DNA_REPAIR 5347/8722 MGT_003014
DNA_REPAIR 5348/8722 MGT_003020
DNA_REPAIR 5349/8722 MGT_003053
DNA_REPAIR 5350/8722 MGT_003059
DNA_REPAIR 5351/8722 MGT_003061
DNA_REPAIR 5352/8722 MGT_003080
DNA_REPAIR 5353/8722 MGT_003104
DNA_REPAIR 5354/8722 MGT_003105
DNA_REPAIR 5355/8722 MGT_003114
DNA_REPAIR 5356/8722 MGT_003151
DNA_REPAIR 5357/8722 MGT_003163
DNA_REPAIR 5358/8722 MGT_003188
DNA_REPAIR 5359/8722 MGT_003225
DNA_REPAIR 5360/8722 MGT_003233
DNA_REPAIR 5361/8722 MGT_003240
DNA_REPAIR 5362/8722 MGT_003260
DNA_REPAIR 5363/8722 MGT_003264
DNA_REPAIR 5364/8722 MGT_003305
DNA_REPAIR 5365/8722 MGT_003327
DNA_REPAIR 5366/8722 MGT_003334
DNA_REPAIR 5367/8722 MGT_003391
DNA_REPAIR 5368/8722 MGT_003395
DNA_REPAIR 5369/8722 MGT_003466
DNA_REPAIR 5370/8722 MGT_003476
DNA_REPAIR 5371/8722 MGT_003484
DNA_REPAIR 5372/8722 MGT_003533
DNA_REPAIR 5373/8722 MGT_003536
DNA_REPAIR 5374/8722 MGT_003537
DNA_REPAIR 5375/8722 MGT_003564
DNA_REPAIR 5376/8722 MGT_003570
DNA_REPAIR 5377/8722 MGT_003575
DNA_REPAIR 5378/8722 MGT_003584
DNA_REPAIR 5379/8722 MGT_003617
DNA_REPAIR 5380/8722 MGT_003645
DNA_REPAIR 5381/8722 MGT_003647
DNA_REPAIR 5382/8722 MGT_003665
DNA_REPAIR 5383/8722 MGT_003691
DNA_REPAIR 5384/8722 MGT_003711
DNA_REPAIR 5385/8722 MGT_003728
DNA_REPAIR 5386/8722 MGT_003738
DNA_REPAIR 5387/8722 MGT_003741
DNA_REPAIR 5388/8722 MGT_003743
DNA_REPAIR 5389/8722 MGT_003753
DNA_REPAIR 5390/8722 MGT_003804
DNA_REPAIR 5391/8722 MGT_003811
DNA_REPAIR 5392/8722 MGT_003818
DNA_REPAIR 5393/8722 MGT_003827
DNA_REPAIR 5394/8722 MGT_003832
DNA_REPAIR 5395/8722 MGT_005796
DNA_REPAIR 5396/8722 MGT_005859
DNA_REPAIR 5397/8722 MGT_005911
DNA_REPAIR 5398/8722 MGT_005922
DNA_REPAIR 5399/8722 MGT_005934
DNA_REPAIR 5400/8722 MGT_005959
DNA_REPAIR 5401/8722 MGT_005979
DNA_REPAIR 5402/8722 MGT_006002
DNA_REPAIR 5403/8722 MGT_006047
DNA_REPAIR 5404/8722 MGT_006053
DNA_REPAIR 5405/8722 MGT_006088
DNA_REPAIR 5406/8722 MGT_006147
DNA_REPAIR 5407/8722 MGT_006197
DNA_REPAIR 5408/8722 MGT_006212
DNA_REPAIR 5409/8722 MGT_006224
DNA_REPAIR 5410/8722 MGT_006238
DNA_REPAIR 5411/8722 MGT_006242
DNA_REPAIR 5412/8722 MGT_006308
DNA_REPAIR 5413/8722 MGT_006312
DNA_REPAIR 5414/8722 MGT_006317
DNA_REPAIR 5415/8722 MGT_006319
DNA_REPAIR 5416/8722 MGT_006327
DNA_REPAIR 5417/8722 MGT_006343
DNA_REPAIR 5418/8722 MGT_006347
DNA_REPAIR 5419/8722 MGT_006378
DNA_REPAIR 5420/8722 MGT_006407
DNA_REPAIR 5421/8722 MGT_006417
DNA_REPAIR 5422/8722 MGT_006430
DNA_REPAIR 5423/8722 MGT_006440
DNA_REPAIR 5424/8722 MGT_006441
DNA_REPAIR 5425/8722 MGT_006445
DNA_REPAIR 5426/8722 MGT_006449
DNA_REPAIR 5427/8722 MGT_006450
DNA_REPAIR 5428/8722 MGT_006451
DNA_REPAIR 5429/8722 MGT_006454
DNA_REPAIR 5430/8722 MGT_006455
DNA_REPAIR 5431/8722 MGT_006458
DNA_REPAIR 5432/8722 MGT_006461
DNA_REPAIR 5433/8722 MGT_006465
DNA_REPAIR 5434/8722 MGT_006466
DNA_REPAIR 5435/8722 MGT_006470
DNA_REPAIR 5436/8722 MGT_006472
DNA_REPAIR 5437/8722 MGT_006493
DNA_REPAIR 5438/8722 MGT_006496
DNA_REPAIR 5439/8722 MGT_006504
DNA_REPAIR 5440/8722 MGT_006505
DNA_REPAIR 5441/8722 MGT_006507
DNA_REPAIR 5442/8722 MGT_006508
DNA_REPAIR 5443/8722 MGT_006510
DNA_REPAIR 5444/8722 MGT_006519
DNA_REPAIR 5445/8722 MGT_006526
DNA_REPAIR 5446/8722 MGT_006528
DNA_REPAIR 5447/8722 MGT_006538
DNA_REPAIR 5448/8722 MGT_006540
DNA_REPAIR 5449/8722 MGT_006544
DNA_REPAIR 5450/8722 MGT_006545
DNA_REPAIR 5451/8722 MGT_006555
DNA_REPAIR 5452/8722 MGT_006559
DNA_REPAIR 5453/8722 MGT_006560
DNA_REPAIR 5454/8722 MGT_006569
DNA_REPAIR 5455/8722 MGT_006571
DNA_REPAIR 5456/8722 MGT_006573
DNA_REPAIR 5457/8722 MGT_006575
DNA_REPAIR 5458/8722 MGT_006577
DNA_REPAIR 5459/8722 MGT_006580
DNA_REPAIR 5460/8722 MGT_006581
DNA_REPAIR 5461/8722 MGT_006582
DNA_REPAIR 5462/8722 MGT_006583
DNA_REPAIR 5463/8722 MGT_006584
DNA_REPAIR 5464/8722 MGT_006585
DNA_REPAIR 5465/8722 MGT_006588
DNA_REPAIR 5466/8722 MGT_006589
DNA_REPAIR 5467/8722 MGT_006591
DNA_REPAIR 5468/8722 MGT_006592
DNA_REPAIR 5469/8722 MGT_006593
DNA_REPAIR 5470/8722 MGT_006595
DNA_REPAIR 5471/8722 MGT_006599
DNA_REPAIR 5472/8722 MGT_006621
DNA_REPAIR 5473/8722 MGT_006625
DNA_REPAIR 5474/8722 MGT_006631
DNA_REPAIR 5475/8722 MGT_006643
DNA_REPAIR 5476/8722 MGT_006644
DNA_REPAIR 5477/8722 MGT_006657
DNA_REPAIR 5478/8722 MGT_006658
DNA_REPAIR 5479/8722 MGT_006660
DNA_REPAIR 5480/8722 MGT_006663
DNA_REPAIR 5481/8722 MGT_006664
DNA_REPAIR 5482/8722 MGT_006665
DNA_REPAIR 5483/8722 MGT_006666
DNA_REPAIR 5484/8722 MGT_006667
DNA_REPAIR 5485/8722 MGT_006670
DNA_REPAIR 5486/8722 MGT_006675
DNA_REPAIR 5487/8722 MGT_006677
DNA_REPAIR 5488/8722 MGT_006683
DNA_REPAIR 5489/8722 MGT_006689
DNA_REPAIR 5490/8722 MGT_006690
DNA_REPAIR 5491/8722 MGT_006691
DNA_REPAIR 5492/8722 MGT_006694
DNA_REPAIR 5493/8722 MGT_006714
DNA_REPAIR 5494/8722 MGT_006725
DNA_REPAIR 5495/8722 MGT_006727
DNA_REPAIR 5496/8722 MGT_006728
DNA_REPAIR 5497/8722 MGT_006735
DNA_REPAIR 5498/8722 MGT_006736
DNA_REPAIR 5499/8722 MGT_006743
DNA_REPAIR 5500/8722 MGT_006745
DNA_REPAIR 5501/8722 MGT_006762
DNA_REPAIR 5502/8722 MGT_006766
DNA_REPAIR 5503/8722 MGT_006768
DNA_REPAIR 5504/8722 MGT_006778
DNA_REPAIR 5505/8722 MGT_006780
DNA_REPAIR 5506/8722 MGT_006783
DNA_REPAIR 5507/8722 MGT_006785
DNA_REPAIR 5508/8722 MGT_006788
DNA_REPAIR 5509/8722 MGT_006789
DNA_REPAIR 5510/8722 MGT_006790
DNA_REPAIR 5511/8722 MGT_006791
DNA_REPAIR 5512/8722 MGT_006792
DNA_REPAIR 5513/8722 MGT_006803
DNA_REPAIR 5514/8722 MGT_006810
DNA_REPAIR 5515/8722 MGT_006823
DNA_REPAIR 5516/8722 MGT_006831
DNA_REPAIR 5517/8722 MGT_006832
DNA_REPAIR 5518/8722 MGT_006837
DNA_REPAIR 5519/8722 MGT_006842
DNA_REPAIR 5520/8722 MGT_006844
DNA_REPAIR 5521/8722 MGT_006845
DNA_REPAIR 5522/8722 MGT_006862
DNA_REPAIR 5523/8722 MGT_006868
DNA_REPAIR 5524/8722 MGT_006869
DNA_REPAIR 5525/8722 MGT_006870
DNA_REPAIR 5526/8722 MGT_006880
DNA_REPAIR 5527/8722 MGT_006882
DNA_REPAIR 5528/8722 MGT_006883
DNA_REPAIR 5529/8722 MGT_006885
DNA_REPAIR 5530/8722 MGT_006894
DNA_REPAIR 5531/8722 MGT_006899
DNA_REPAIR 5532/8722 MGT_006903
DNA_REPAIR 5533/8722 MGT_006910
DNA_REPAIR 5534/8722 MGT_006915
DNA_REPAIR 5535/8722 MGT_006923
DNA_REPAIR 5536/8722 MGT_006924
DNA_REPAIR 5537/8722 MGT_006931
DNA_REPAIR 5538/8722 MGT_006946
DNA_REPAIR 5539/8722 MGT_006956
DNA_REPAIR 5540/8722 MGT_006965
DNA_REPAIR 5541/8722 MGT_006967
DNA_REPAIR 5542/8722 MGT_006968
DNA_REPAIR 5543/8722 MGT_006969
DNA_REPAIR 5544/8722 MGT_006975
DNA_REPAIR 5545/8722 MGT_006980
DNA_REPAIR 5546/8722 MGT_006991
DNA_REPAIR 5547/8722 MGT_006995
DNA_REPAIR 5548/8722 MGT_006999
DNA_REPAIR 5549/8722 MGT_007005
DNA_REPAIR 5550/8722 MGT_007006
DNA_REPAIR 5551/8722 MGT_007021
DNA_REPAIR 5552/8722 MGT_007025
DNA_REPAIR 5553/8722 MGT_007026
DNA_REPAIR 5554/8722 MGT_007027
DNA_REPAIR 5555/8722 MGT_007032
DNA_REPAIR 5556/8722 MGT_007036
DNA_REPAIR 5557/8722 MGT_007038
DNA_REPAIR 5558/8722 MGT_007039
DNA_REPAIR 5559/8722 MGT_007040
DNA_REPAIR 5560/8722 MGT_007041
DNA_REPAIR 5561/8722 MGT_007043
DNA_REPAIR 5562/8722 MGT_007044
DNA_REPAIR 5563/8722 MGT_007052
DNA_REPAIR 5564/8722 MGT_007059
DNA_REPAIR 5565/8722 MGT_007065
DNA_REPAIR 5566/8722 MGT_007071
DNA_REPAIR 5567/8722 MGT_007077
DNA_REPAIR 5568/8722 MGT_007082
DNA_REPAIR 5569/8722 MGT_007084
DNA_REPAIR 5570/8722 MGT_007090
DNA_REPAIR 5571/8722 MGT_007094
DNA_REPAIR 5572/8722 MGT_007096
DNA_REPAIR 5573/8722 MGT_007097
DNA_REPAIR 5574/8722 MGT_007098
DNA_REPAIR 5575/8722 MGT_007102
DNA_REPAIR 5576/8722 MGT_007105
DNA_REPAIR 5577/8722 MGT_007107
DNA_REPAIR 5578/8722 MGT_007110
DNA_REPAIR 5579/8722 MGT_007116
DNA_REPAIR 5580/8722 MGT_007128
DNA_REPAIR 5581/8722 MGT_007130
DNA_REPAIR 5582/8722 MGT_007136
DNA_REPAIR 5583/8722 MGT_007139
DNA_REPAIR 5584/8722 MGT_007143
DNA_REPAIR 5585/8722 MGT_007149
DNA_REPAIR 5586/8722 MGT_007151
DNA_REPAIR 5587/8722 MGT_007161
DNA_REPAIR 5588/8722 MGT_007162
DNA_REPAIR 5589/8722 MGT_007164
DNA_REPAIR 5590/8722 MGT_007167
DNA_REPAIR 5591/8722 MGT_007173
DNA_REPAIR 5592/8722 MGT_007175
DNA_REPAIR 5593/8722 MGT_007177
DNA_REPAIR 5594/8722 MGT_007179
DNA_REPAIR 5595/8722 MGT_007186
DNA_REPAIR 5596/8722 MGT_007191
DNA_REPAIR 5597/8722 MGT_007193
DNA_REPAIR 5598/8722 MGT_007196
DNA_REPAIR 5599/8722 MGT_007197
DNA_REPAIR 5600/8722 MGT_007199
DNA_REPAIR 5601/8722 MGT_007201
DNA_REPAIR 5602/8722 MGT_007206
DNA_REPAIR 5603/8722 MGT_007209
DNA_REPAIR 5604/8722 MGT_007216
DNA_REPAIR 5605/8722 MGT_007217
DNA_REPAIR 5606/8722 MGT_007220
DNA_REPAIR 5607/8722 MGT_007224
DNA_REPAIR 5608/8722 MGT_007227
DNA_REPAIR 5609/8722 MGT_007231
DNA_REPAIR 5610/8722 MGT_007237
DNA_REPAIR 5611/8722 MGT_007241
DNA_REPAIR 5612/8722 MGT_007248
DNA_REPAIR 5613/8722 MGT_007249
DNA_REPAIR 5614/8722 MGT_007254
DNA_REPAIR 5615/8722 MGT_007258
DNA_REPAIR 5616/8722 MGT_007263
DNA_REPAIR 5617/8722 MGT_007264
DNA_REPAIR 5618/8722 MGT_007266
DNA_REPAIR 5619/8722 MGT_007286
DNA_REPAIR 5620/8722 MGT_007293
DNA_REPAIR 5621/8722 MGT_007295
DNA_REPAIR 5622/8722 MGT_007296
DNA_REPAIR 5623/8722 MGT_007298
DNA_REPAIR 5624/8722 MGT_007302
DNA_REPAIR 5625/8722 MGT_007303
DNA_REPAIR 5626/8722 MGT_007311
DNA_REPAIR 5627/8722 MGT_007313
DNA_REPAIR 5628/8722 MGT_007316
DNA_REPAIR 5629/8722 MGT_007325
DNA_REPAIR 5630/8722 MGT_007327
DNA_REPAIR 5631/8722 MGT_007332
DNA_REPAIR 5632/8722 MGT_007334
DNA_REPAIR 5633/8722 MGT_007338
DNA_REPAIR 5634/8722 MGT_007340
DNA_REPAIR 5635/8722 MGT_007342
DNA_REPAIR 5636/8722 MGT_007344
DNA_REPAIR 5637/8722 MGT_007348
DNA_REPAIR 5638/8722 MGT_007360
DNA_REPAIR 5639/8722 MGT_007361
DNA_REPAIR 5640/8722 MGT_007370
DNA_REPAIR 5641/8722 MGT_007373
DNA_REPAIR 5642/8722 MGT_007383
DNA_REPAIR 5643/8722 MGT_007395
DNA_REPAIR 5644/8722 MGT_007416
DNA_REPAIR 5645/8722 MGT_007418
DNA_REPAIR 5646/8722 MGT_007421
DNA_REPAIR 5647/8722 MGT_007422
DNA_REPAIR 5648/8722 MGT_007425
DNA_REPAIR 5649/8722 MGT_007430
DNA_REPAIR 5650/8722 MGT_007434
DNA_REPAIR 5651/8722 MGT_007437
DNA_REPAIR 5652/8722 MGT_007442
DNA_REPAIR 5653/8722 MGT_007444
DNA_REPAIR 5654/8722 MGT_007446
DNA_REPAIR 5655/8722 MGT_007448
DNA_REPAIR 5656/8722 MGT_007457
DNA_REPAIR 5657/8722 MGT_007459
DNA_REPAIR 5658/8722 MGT_007462
DNA_REPAIR 5659/8722 MGT_007465
DNA_REPAIR 5660/8722 MGT_007471
DNA_REPAIR 5661/8722 MGT_007472
DNA_REPAIR 5662/8722 MGT_007474
DNA_REPAIR 5663/8722 MGT_007477
DNA_REPAIR 5664/8722 MGT_007478
DNA_REPAIR 5665/8722 MGT_007479
DNA_REPAIR 5666/8722 MGT_007482
DNA_REPAIR 5667/8722 MGT_007498
DNA_REPAIR 5668/8722 MGT_007518
DNA_REPAIR 5669/8722 MGT_007520
DNA_REPAIR 5670/8722 MGT_007523
DNA_REPAIR 5671/8722 MGT_007525
DNA_REPAIR 5672/8722 MGT_007526
DNA_REPAIR 5673/8722 MGT_007530
DNA_REPAIR 5674/8722 MGT_007532
DNA_REPAIR 5675/8722 MGT_007535
DNA_REPAIR 5676/8722 MGT_007536
DNA_REPAIR 5677/8722 MGT_007565
DNA_REPAIR 5678/8722 MGT_007567
DNA_REPAIR 5679/8722 MGT_007569
DNA_REPAIR 5680/8722 MGT_007578
DNA_REPAIR 5681/8722 MGT_007580
DNA_REPAIR 5682/8722 MGT_007583
DNA_REPAIR 5683/8722 MGT_007585
DNA_REPAIR 5684/8722 MGT_007586
DNA_REPAIR 5685/8722 MGT_007588
DNA_REPAIR 5686/8722 MGT_007589
DNA_REPAIR 5687/8722 MGT_007601
DNA_REPAIR 5688/8722 MGT_007604
DNA_REPAIR 5689/8722 MGT_007618
DNA_REPAIR 5690/8722 MGT_007621
DNA_REPAIR 5691/8722 MGT_007624
DNA_REPAIR 5692/8722 MGT_007625
DNA_REPAIR 5693/8722 MGT_007627
DNA_REPAIR 5694/8722 MGT_007628
DNA_REPAIR 5695/8722 MGT_007633
DNA_REPAIR 5696/8722 MGT_007635
DNA_REPAIR 5697/8722 MGT_007639
DNA_REPAIR 5698/8722 MGT_007649
DNA_REPAIR 5699/8722 MGT_007650
DNA_REPAIR 5700/8722 MGT_007656
DNA_REPAIR 5701/8722 MGT_007659
DNA_REPAIR 5702/8722 MGT_007666
DNA_REPAIR 5703/8722 MGT_007679
DNA_REPAIR 5704/8722 MGT_007680
DNA_REPAIR 5705/8722 MGT_007685
DNA_REPAIR 5706/8722 MGT_007686
DNA_REPAIR 5707/8722 MGT_007698
DNA_REPAIR 5708/8722 MGT_007701
DNA_REPAIR 5709/8722 MGT_007714
DNA_REPAIR 5710/8722 MGT_007720
DNA_REPAIR 5711/8722 MGT_007728
DNA_REPAIR 5712/8722 MGT_007737
DNA_REPAIR 5713/8722 MGT_007744
DNA_REPAIR 5714/8722 MGT_007746
DNA_REPAIR 5715/8722 MGT_007747
DNA_REPAIR 5716/8722 MGT_007748
DNA_REPAIR 5717/8722 MGT_007749
DNA_REPAIR 5718/8722 MGT_007774
DNA_REPAIR 5719/8722 MGT_007790
DNA_REPAIR 5720/8722 MGT_007793
DNA_REPAIR 5721/8722 MGT_007797
DNA_REPAIR 5722/8722 MGT_007803
DNA_REPAIR 5723/8722 MGT_007804
DNA_REPAIR 5724/8722 MGT_007805
DNA_REPAIR 5725/8722 MGT_007806
DNA_REPAIR 5726/8722 MGT_007807
DNA_REPAIR 5727/8722 MGT_007808
DNA_REPAIR 5728/8722 MGT_007820
DNA_REPAIR 5729/8722 MGT_007822
DNA_REPAIR 5730/8722 MGT_007827
DNA_REPAIR 5731/8722 MGT_007831
DNA_REPAIR 5732/8722 MGT_007835
DNA_REPAIR 5733/8722 MGT_007846
DNA_REPAIR 5734/8722 MGT_007856
DNA_REPAIR 5735/8722 MGT_007859
DNA_REPAIR 5736/8722 MGT_007870
DNA_REPAIR 5737/8722 MGT_007873
DNA_REPAIR 5738/8722 MGT_007875
DNA_REPAIR 5739/8722 MGT_007880
DNA_REPAIR 5740/8722 MGT_007884
DNA_REPAIR 5741/8722 MGT_007887
DNA_REPAIR 5742/8722 MGT_007894
DNA_REPAIR 5743/8722 MGT_007895
DNA_REPAIR 5744/8722 MGT_007896
DNA_REPAIR 5745/8722 MGT_007898
DNA_REPAIR 5746/8722 MGT_007902
DNA_REPAIR 5747/8722 MGT_007903
DNA_REPAIR 5748/8722 MGT_007918
DNA_REPAIR 5749/8722 MGT_007949
DNA_REPAIR 5750/8722 MGT_007956
DNA_REPAIR 5751/8722 MGT_007957
DNA_REPAIR 5752/8722 MGT_007959
DNA_REPAIR 5753/8722 MGT_007961
DNA_REPAIR 5754/8722 MGT_007963
DNA_REPAIR 5755/8722 MGT_007968
DNA_REPAIR 5756/8722 MGT_007973
DNA_REPAIR 5757/8722 MGT_007978
DNA_REPAIR 5758/8722 MGT_007979
DNA_REPAIR 5759/8722 MGT_007986
DNA_REPAIR 5760/8722 MGT_007991
DNA_REPAIR 5761/8722 MGT_007994
DNA_REPAIR 5762/8722 MGT_007995
DNA_REPAIR 5763/8722 MGT_007996
DNA_REPAIR 5764/8722 MGT_007998
DNA_REPAIR 5765/8722 MGT_008001
DNA_REPAIR 5766/8722 MGT_008006
DNA_REPAIR 5767/8722 MGT_008008
DNA_REPAIR 5768/8722 MGT_008010
DNA_REPAIR 5769/8722 MGT_008013
DNA_REPAIR 5770/8722 MGT_008022
DNA_REPAIR 5771/8722 MGT_008023
DNA_REPAIR 5772/8722 MGT_008025
DNA_REPAIR 5773/8722 MGT_008034
DNA_REPAIR 5774/8722 MGT_008037
DNA_REPAIR 5775/8722 MGT_008042
DNA_REPAIR 5776/8722 MGT_008048
DNA_REPAIR 5777/8722 MGT_008058
DNA_REPAIR 5778/8722 MGT_008060
DNA_REPAIR 5779/8722 MGT_008063
DNA_REPAIR 5780/8722 MGT_008064
DNA_REPAIR 5781/8722 MGT_008065
DNA_REPAIR 5782/8722 MGT_008068
DNA_REPAIR 5783/8722 MGT_008074
DNA_REPAIR 5784/8722 MGT_008078
DNA_REPAIR 5785/8722 MGT_008083
DNA_REPAIR 5786/8722 MGT_008084
DNA_REPAIR 5787/8722 MGT_008086
DNA_REPAIR 5788/8722 MGT_008088
DNA_REPAIR 5789/8722 MGT_008090
DNA_REPAIR 5790/8722 MGT_008093
DNA_REPAIR 5791/8722 MGT_008096
DNA_REPAIR 5792/8722 MGT_008097
DNA_REPAIR 5793/8722 MGT_008100
DNA_REPAIR 5794/8722 MGT_008101
DNA_REPAIR 5795/8722 MGT_008103
DNA_REPAIR 5796/8722 MGT_008108
DNA_REPAIR 5797/8722 MGT_008116
DNA_REPAIR 5798/8722 MGT_008122
DNA_REPAIR 5799/8722 MGT_008126
DNA_REPAIR 5800/8722 MGT_008133
DNA_REPAIR 5801/8722 MGT_008135
DNA_REPAIR 5802/8722 MGT_008138
DNA_REPAIR 5803/8722 MGT_008143
DNA_REPAIR 5804/8722 MGT_008144
DNA_REPAIR 5805/8722 MGT_008148
DNA_REPAIR 5806/8722 MGT_008149
DNA_REPAIR 5807/8722 MGT_008150
DNA_REPAIR 5808/8722 MGT_008159
DNA_REPAIR 5809/8722 MGT_008161
DNA_REPAIR 5810/8722 MGT_008172
DNA_REPAIR 5811/8722 MGT_008174
DNA_REPAIR 5812/8722 MGT_008175
DNA_REPAIR 5813/8722 MGT_008176
DNA_REPAIR 5814/8722 MGT_008178
DNA_REPAIR 5815/8722 MGT_008191
DNA_REPAIR 5816/8722 MGT_008204
DNA_REPAIR 5817/8722 MGT_008205
DNA_REPAIR 5818/8722 MGT_008207
DNA_REPAIR 5819/8722 MGT_008211
DNA_REPAIR 5820/8722 MGT_008219
DNA_REPAIR 5821/8722 MGT_008224
DNA_REPAIR 5822/8722 MGT_008229
DNA_REPAIR 5823/8722 MGT_008233
DNA_REPAIR 5824/8722 MGT_008238
DNA_REPAIR 5825/8722 MGT_008239
DNA_REPAIR 5826/8722 MGT_008246
DNA_REPAIR 5827/8722 MGT_008249
DNA_REPAIR 5828/8722 MGT_008252
DNA_REPAIR 5829/8722 MGT_008258
DNA_REPAIR 5830/8722 MGT_008260
DNA_REPAIR 5831/8722 MGT_008264
DNA_REPAIR 5832/8722 MGT_008266
DNA_REPAIR 5833/8722 MGT_008272
DNA_REPAIR 5834/8722 MGT_008273
DNA_REPAIR 5835/8722 MGT_008280
DNA_REPAIR 5836/8722 MGT_008288
DNA_REPAIR 5837/8722 MGT_008296
DNA_REPAIR 5838/8722 MGT_008297
DNA_REPAIR 5839/8722 MGT_008298
DNA_REPAIR 5840/8722 MGT_008301
DNA_REPAIR 5841/8722 MGT_008304
DNA_REPAIR 5842/8722 MGT_008309
DNA_REPAIR 5843/8722 MGT_008314
DNA_REPAIR 5844/8722 MGT_008317
DNA_REPAIR 5845/8722 MGT_008320
DNA_REPAIR 5846/8722 MGT_008323
DNA_REPAIR 5847/8722 MGT_008324
DNA_REPAIR 5848/8722 MGT_008326
DNA_REPAIR 5849/8722 MGT_008327
DNA_REPAIR 5850/8722 MGT_008328
DNA_REPAIR 5851/8722 MGT_008330
DNA_REPAIR 5852/8722 MGT_008334
DNA_REPAIR 5853/8722 MGT_008341
DNA_REPAIR 5854/8722 MGT_008344
DNA_REPAIR 5855/8722 MGT_008347
DNA_REPAIR 5856/8722 MGT_008351
DNA_REPAIR 5857/8722 MGT_008354
DNA_REPAIR 5858/8722 MGT_008361
DNA_REPAIR 5859/8722 MGT_008364
DNA_REPAIR 5860/8722 MGT_008365
DNA_REPAIR 5861/8722 MGT_008366
DNA_REPAIR 5862/8722 MGT_008367
DNA_REPAIR 5863/8722 MGT_008381
DNA_REPAIR 5864/8722 MGT_008382
DNA_REPAIR 5865/8722 MGT_008383
DNA_REPAIR 5866/8722 MGT_008384
DNA_REPAIR 5867/8722 MGT_008392
DNA_REPAIR 5868/8722 MGT_008404
DNA_REPAIR 5869/8722 MGT_008424
DNA_REPAIR 5870/8722 MGT_008431
DNA_REPAIR 5871/8722 MGT_008439
DNA_REPAIR 5872/8722 MGT_008445
DNA_REPAIR 5873/8722 MGT_008446
DNA_REPAIR 5874/8722 MGT_008447
DNA_REPAIR 5875/8722 MGT_008449
DNA_REPAIR 5876/8722 MGT_008450
DNA_REPAIR 5877/8722 MGT_008458
DNA_REPAIR 5878/8722 MGT_008470
DNA_REPAIR 5879/8722 MGT_008476
DNA_REPAIR 5880/8722 MGT_008493
DNA_REPAIR 5881/8722 MGT_008494
DNA_REPAIR 5882/8722 MGT_008497
DNA_REPAIR 5883/8722 MGT_008502
DNA_REPAIR 5884/8722 MGT_008503
DNA_REPAIR 5885/8722 MGT_008514
DNA_REPAIR 5886/8722 MGT_008517
DNA_REPAIR 5887/8722 MGT_008518
DNA_REPAIR 5888/8722 MGT_008522
DNA_REPAIR 5889/8722 MGT_008525
DNA_REPAIR 5890/8722 MGT_008528
DNA_REPAIR 5891/8722 MGT_008532
DNA_REPAIR 5892/8722 MGT_008534
DNA_REPAIR 5893/8722 MGT_008548
DNA_REPAIR 5894/8722 MGT_008553
DNA_REPAIR 5895/8722 MGT_008559
DNA_REPAIR 5896/8722 MGT_008562
DNA_REPAIR 5897/8722 MGT_008579
DNA_REPAIR 5898/8722 MGT_008582
DNA_REPAIR 5899/8722 MGT_008586
DNA_REPAIR 5900/8722 MGT_008594
DNA_REPAIR 5901/8722 MGT_008595
DNA_REPAIR 5902/8722 MGT_008599
DNA_REPAIR 5903/8722 MGT_008600
DNA_REPAIR 5904/8722 MGT_008604
DNA_REPAIR 5905/8722 MGT_008605
DNA_REPAIR 5906/8722 MGT_008607
DNA_REPAIR 5907/8722 MGT_008608
DNA_REPAIR 5908/8722 MGT_008609
DNA_REPAIR 5909/8722 MGT_008616
DNA_REPAIR 5910/8722 MGT_008618
DNA_REPAIR 5911/8722 MGT_008619
DNA_REPAIR 5912/8722 MGT_008621
DNA_REPAIR 5913/8722 MGT_008622
DNA_REPAIR 5914/8722 MGT_008623
DNA_REPAIR 5915/8722 MGT_008637
DNA_REPAIR 5916/8722 MGT_008644
DNA_REPAIR 5917/8722 MGT_008664
DNA_REPAIR 5918/8722 MGT_008669
DNA_REPAIR 5919/8722 MGT_008681
DNA_REPAIR 5920/8722 MGT_008685
DNA_REPAIR 5921/8722 MGT_008687
DNA_REPAIR 5922/8722 MGT_008692
DNA_REPAIR 5923/8722 MGT_008693
DNA_REPAIR 5924/8722 MGT_008709
DNA_REPAIR 5925/8722 MGT_008711
DNA_REPAIR 5926/8722 MGT_008718
DNA_REPAIR 5927/8722 MGT_008729
DNA_REPAIR 5928/8722 MGT_008741
DNA_REPAIR 5929/8722 MGT_008742
DNA_REPAIR 5930/8722 MGT_008747
DNA_REPAIR 5931/8722 MGT_008748
DNA_REPAIR 5932/8722 MGT_008753
DNA_REPAIR 5933/8722 MGT_008760
DNA_REPAIR 5934/8722 MGT_008766
DNA_REPAIR 5935/8722 MGT_008769
DNA_REPAIR 5936/8722 MGT_008771
DNA_REPAIR 5937/8722 MGT_008778
DNA_REPAIR 5938/8722 MGT_008779
DNA_REPAIR 5939/8722 MGT_008784
DNA_REPAIR 5940/8722 MGT_008785
DNA_REPAIR 5941/8722 MGT_008786
DNA_REPAIR 5942/8722 MGT_008788
DNA_REPAIR 5943/8722 MGT_008789
DNA_REPAIR 5944/8722 MGT_008795
DNA_REPAIR 5945/8722 MGT_008796
DNA_REPAIR 5946/8722 MGT_008804
DNA_REPAIR 5947/8722 MGT_008805
DNA_REPAIR 5948/8722 MGT_008806
DNA_REPAIR 5949/8722 MGT_008808
DNA_REPAIR 5950/8722 MGT_008809
DNA_REPAIR 5951/8722 MGT_008811
DNA_REPAIR 5952/8722 MGT_008816
DNA_REPAIR 5953/8722 MGT_008818
DNA_REPAIR 5954/8722 MGT_008820
DNA_REPAIR 5955/8722 MGT_008821
DNA_REPAIR 5956/8722 MGT_008823
DNA_REPAIR 5957/8722 MGT_008824
DNA_REPAIR 5958/8722 MGT_008825
DNA_REPAIR 5959/8722 MGT_008829
DNA_REPAIR 5960/8722 MGT_008831
DNA_REPAIR 5961/8722 MGT_008838
DNA_REPAIR 5962/8722 MGT_008849
DNA_REPAIR 5963/8722 MGT_008854
DNA_REPAIR 5964/8722 MGT_008866
DNA_REPAIR 5965/8722 MGT_008868
DNA_REPAIR 5966/8722 MGT_008870
DNA_REPAIR 5967/8722 MGT_008878
DNA_REPAIR 5968/8722 MGT_008880
DNA_REPAIR 5969/8722 MGT_008881
DNA_REPAIR 5970/8722 MGT_008882
DNA_REPAIR 5971/8722 MGT_008883
DNA_REPAIR 5972/8722 MGT_008888
DNA_REPAIR 5973/8722 MGT_008892
DNA_REPAIR 5974/8722 MGT_008898
DNA_REPAIR 5975/8722 MGT_008908
DNA_REPAIR 5976/8722 MGT_008911
DNA_REPAIR 5977/8722 MGT_008917
DNA_REPAIR 5978/8722 MGT_008920
DNA_REPAIR 5979/8722 MGT_008926
DNA_REPAIR 5980/8722 MGT_008938
DNA_REPAIR 5981/8722 MGT_008941
DNA_REPAIR 5982/8722 MGT_008944
DNA_REPAIR 5983/8722 MGT_008947
DNA_REPAIR 5984/8722 MGT_008949
DNA_REPAIR 5985/8722 MGT_008951
DNA_REPAIR 5986/8722 MGT_008952
DNA_REPAIR 5987/8722 MGT_008954
DNA_REPAIR 5988/8722 MGT_008955
DNA_REPAIR 5989/8722 MGT_008958
DNA_REPAIR 5990/8722 MGT_008964
DNA_REPAIR 5991/8722 MGT_008969
DNA_REPAIR 5992/8722 MGT_008972
DNA_REPAIR 5993/8722 MGT_008977
DNA_REPAIR 5994/8722 MGT_008987
DNA_REPAIR 5995/8722 MGT_008991
DNA_REPAIR 5996/8722 MGT_008992
DNA_REPAIR 5997/8722 MGT_008995
DNA_REPAIR 5998/8722 MGT_008996
DNA_REPAIR 5999/8722 MGT_009003
DNA_REPAIR 6000/8722 MGT_009004
DNA_REPAIR 6001/8722 MGT_009005
DNA_REPAIR 6002/8722 MGT_009006
DNA_REPAIR 6003/8722 MGT_009007
DNA_REPAIR 6004/8722 MGT_009008
DNA_REPAIR 6005/8722 MGT_009015
DNA_REPAIR 6006/8722 MGT_009016
DNA_REPAIR 6007/8722 MGT_009018
DNA_REPAIR 6008/8722 MGT_009019
DNA_REPAIR 6009/8722 MGT_009021
DNA_REPAIR 6010/8722 MGT_009022
DNA_REPAIR 6011/8722 MGT_009023
DNA_REPAIR 6012/8722 MGT_009028
DNA_REPAIR 6013/8722 MGT_009029
DNA_REPAIR 6014/8722 MGT_009031
DNA_REPAIR 6015/8722 MGT_009037
DNA_REPAIR 6016/8722 MGT_009044
DNA_REPAIR 6017/8722 MGT_009046
DNA_REPAIR 6018/8722 MGT_009049
DNA_REPAIR 6019/8722 MGT_009057
DNA_REPAIR 6020/8722 MGT_009061
DNA_REPAIR 6021/8722 MGT_009062
DNA_REPAIR 6022/8722 MGT_009063
DNA_REPAIR 6023/8722 MGT_009066
DNA_REPAIR 6024/8722 MGT_009072
DNA_REPAIR 6025/8722 MGT_009074
DNA_REPAIR 6026/8722 MGT_009077
DNA_REPAIR 6027/8722 MGT_009083
DNA_REPAIR 6028/8722 MGT_009091
DNA_REPAIR 6029/8722 MGT_009094
DNA_REPAIR 6030/8722 MGT_009098
DNA_REPAIR 6031/8722 MGT_009101
DNA_REPAIR 6032/8722 MGT_009104
DNA_REPAIR 6033/8722 MGT_009114
DNA_REPAIR 6034/8722 MGT_009117
DNA_REPAIR 6035/8722 MGT_009120
DNA_REPAIR 6036/8722 MGT_009121
DNA_REPAIR 6037/8722 MGT_009125
DNA_REPAIR 6038/8722 MGT_009127
DNA_REPAIR 6039/8722 MGT_009134
DNA_REPAIR 6040/8722 MGT_009147
DNA_REPAIR 6041/8722 MGT_009149
DNA_REPAIR 6042/8722 MGT_009151
DNA_REPAIR 6043/8722 MGT_009154
DNA_REPAIR 6044/8722 MGT_009156
DNA_REPAIR 6045/8722 MGT_009158
DNA_REPAIR 6046/8722 MGT_009164
DNA_REPAIR 6047/8722 MGT_009174
DNA_REPAIR 6048/8722 MGT_009189
DNA_REPAIR 6049/8722 MGT_009191
DNA_REPAIR 6050/8722 MGT_009192
DNA_REPAIR 6051/8722 MGT_009194
DNA_REPAIR 6052/8722 MGT_009195
DNA_REPAIR 6053/8722 MGT_009196
DNA_REPAIR 6054/8722 MGT_009197
DNA_REPAIR 6055/8722 MGT_009199
DNA_REPAIR 6056/8722 MGT_009200
DNA_REPAIR 6057/8722 MGT_009203
DNA_REPAIR 6058/8722 MGT_009205
DNA_REPAIR 6059/8722 MGT_009206
DNA_REPAIR 6060/8722 MGT_009214
DNA_REPAIR 6061/8722 MGT_009229
DNA_REPAIR 6062/8722 MGT_009241
DNA_REPAIR 6063/8722 MGT_009250
DNA_REPAIR 6064/8722 MGT_009255
DNA_REPAIR 6065/8722 MGT_009258
DNA_REPAIR 6066/8722 MGT_009260
DNA_REPAIR 6067/8722 MGT_009262
DNA_REPAIR 6068/8722 MGT_009267
DNA_REPAIR 6069/8722 MGT_009269
DNA_REPAIR 6070/8722 MGT_009270
DNA_REPAIR 6071/8722 MGT_009273
DNA_REPAIR 6072/8722 MGT_009274
DNA_REPAIR 6073/8722 MGT_009279
DNA_REPAIR 6074/8722 MGT_009285
DNA_REPAIR 6075/8722 MGT_009293
DNA_REPAIR 6076/8722 MGT_009295
DNA_REPAIR 6077/8722 MGT_009307
DNA_REPAIR 6078/8722 MGT_009309
DNA_REPAIR 6079/8722 MGT_009311
DNA_REPAIR 6080/8722 MGT_009312
DNA_REPAIR 6081/8722 MGT_009319
DNA_REPAIR 6082/8722 MGT_009320
DNA_REPAIR 6083/8722 MGT_009326
DNA_REPAIR 6084/8722 MGT_009330
DNA_REPAIR 6085/8722 MGT_009332
DNA_REPAIR 6086/8722 MGT_009335
DNA_REPAIR 6087/8722 MGT_009336
DNA_REPAIR 6088/8722 MGT_009339
DNA_REPAIR 6089/8722 MGT_009343
DNA_REPAIR 6090/8722 MGT_009345
DNA_REPAIR 6091/8722 MGT_009347
DNA_REPAIR 6092/8722 MGT_009349
DNA_REPAIR 6093/8722 MGT_009353
DNA_REPAIR 6094/8722 MGT_009359
DNA_REPAIR 6095/8722 MGT_009370
DNA_REPAIR 6096/8722 MGT_009380
DNA_REPAIR 6097/8722 MGT_009394
DNA_REPAIR 6098/8722 MGT_009401
DNA_REPAIR 6099/8722 MGT_009403
DNA_REPAIR 6100/8722 MGT_009404
DNA_REPAIR 6101/8722 MGT_009410
DNA_REPAIR 6102/8722 MGT_009414
DNA_REPAIR 6103/8722 MGT_009415
DNA_REPAIR 6104/8722 MGT_009416
DNA_REPAIR 6105/8722 MGT_009424
DNA_REPAIR 6106/8722 MGT_009426
DNA_REPAIR 6107/8722 MGT_009429
DNA_REPAIR 6108/8722 MGT_009433
DNA_REPAIR 6109/8722 MGT_009434
DNA_REPAIR 6110/8722 MGT_009435
DNA_REPAIR 6111/8722 MGT_009438
DNA_REPAIR 6112/8722 MGT_009441
DNA_REPAIR 6113/8722 MGT_009442
DNA_REPAIR 6114/8722 MGT_009444
DNA_REPAIR 6115/8722 MGT_009445
DNA_REPAIR 6116/8722 MGT_009454
DNA_REPAIR 6117/8722 MGT_009458
DNA_REPAIR 6118/8722 MGT_009473
DNA_REPAIR 6119/8722 MGT_009479
DNA_REPAIR 6120/8722 MGT_009483
DNA_REPAIR 6121/8722 MGT_009485
DNA_REPAIR 6122/8722 MGT_009489
DNA_REPAIR 6123/8722 MGT_009492
DNA_REPAIR 6124/8722 MGT_009495
DNA_REPAIR 6125/8722 MGT_009498
DNA_REPAIR 6126/8722 MGT_009505
DNA_REPAIR 6127/8722 MGT_009507
DNA_REPAIR 6128/8722 MGT_009510
DNA_REPAIR 6129/8722 MGT_009519
DNA_REPAIR 6130/8722 MGT_009520
DNA_REPAIR 6131/8722 MGT_009527
DNA_REPAIR 6132/8722 MGT_009528
DNA_REPAIR 6133/8722 MGT_009530
DNA_REPAIR 6134/8722 MGT_009533
DNA_REPAIR 6135/8722 MGT_009534
DNA_REPAIR 6136/8722 MGT_009537
DNA_REPAIR 6137/8722 MGT_009539
DNA_REPAIR 6138/8722 MGT_009541
DNA_REPAIR 6139/8722 MGT_009543
DNA_REPAIR 6140/8722 MGT_009544
DNA_REPAIR 6141/8722 MGT_009546
DNA_REPAIR 6142/8722 MGT_009548
DNA_REPAIR 6143/8722 MGT_009550
DNA_REPAIR 6144/8722 MGT_009553
DNA_REPAIR 6145/8722 MGT_009556
DNA_REPAIR 6146/8722 MGT_009559
DNA_REPAIR 6147/8722 MGT_009560
DNA_REPAIR 6148/8722 MGT_009564
DNA_REPAIR 6149/8722 MGT_009566
DNA_REPAIR 6150/8722 MGT_009567
DNA_REPAIR 6151/8722 MGT_009568
DNA_REPAIR 6152/8722 MGT_009569
DNA_REPAIR 6153/8722 MGT_009575
DNA_REPAIR 6154/8722 MGT_009579
DNA_REPAIR 6155/8722 MGT_009580
DNA_REPAIR 6156/8722 MGT_009581
DNA_REPAIR 6157/8722 MGT_009590
DNA_REPAIR 6158/8722 MGT_009591
DNA_REPAIR 6159/8722 MGT_009592
DNA_REPAIR 6160/8722 MGT_009597
DNA_REPAIR 6161/8722 MGT_009606
DNA_REPAIR 6162/8722 MGT_009613
DNA_REPAIR 6163/8722 MGT_009615
DNA_REPAIR 6164/8722 MGT_009616
DNA_REPAIR 6165/8722 MGT_009626
DNA_REPAIR 6166/8722 MGT_009630
DNA_REPAIR 6167/8722 MGT_009631
DNA_REPAIR 6168/8722 MGT_009634
DNA_REPAIR 6169/8722 MGT_009639
DNA_REPAIR 6170/8722 MGT_009644
DNA_REPAIR 6171/8722 MGT_009648
DNA_REPAIR 6172/8722 MGT_009649
DNA_REPAIR 6173/8722 MGT_009654
DNA_REPAIR 6174/8722 MGT_009655
DNA_REPAIR 6175/8722 MGT_009662
DNA_REPAIR 6176/8722 MGT_009663
DNA_REPAIR 6177/8722 MGT_009674
DNA_REPAIR 6178/8722 MGT_009679
DNA_REPAIR 6179/8722 MGT_009683
DNA_REPAIR 6180/8722 MGT_009684
DNA_REPAIR 6181/8722 MGT_009685
DNA_REPAIR 6182/8722 MGT_009689
DNA_REPAIR 6183/8722 MGT_009694
DNA_REPAIR 6184/8722 MGT_009714
DNA_REPAIR 6185/8722 MGT_009724
DNA_REPAIR 6186/8722 MGT_009730
DNA_REPAIR 6187/8722 MGT_009733
DNA_REPAIR 6188/8722 MGT_009739
DNA_REPAIR 6189/8722 MGT_009741
DNA_REPAIR 6190/8722 MGT_009744
DNA_REPAIR 6191/8722 MGT_009748
DNA_REPAIR 6192/8722 MGT_009749
DNA_REPAIR 6193/8722 MGT_009752
DNA_REPAIR 6194/8722 MGT_009753
DNA_REPAIR 6195/8722 MGT_009754
DNA_REPAIR 6196/8722 MGT_009756
DNA_REPAIR 6197/8722 MGT_009759
DNA_REPAIR 6198/8722 MGT_009766
DNA_REPAIR 6199/8722 MGT_009769
DNA_REPAIR 6200/8722 MGT_009770
DNA_REPAIR 6201/8722 MGT_009771
DNA_REPAIR 6202/8722 MGT_009774
DNA_REPAIR 6203/8722 MGT_009779
DNA_REPAIR 6204/8722 MGT_009782
DNA_REPAIR 6205/8722 MGT_009784
DNA_REPAIR 6206/8722 MGT_009786
DNA_REPAIR 6207/8722 MGT_009789
DNA_REPAIR 6208/8722 MGT_009792
DNA_REPAIR 6209/8722 MGT_009794
DNA_REPAIR 6210/8722 MGT_009796
DNA_REPAIR 6211/8722 MGT_009799
DNA_REPAIR 6212/8722 MGT_009800
DNA_REPAIR 6213/8722 MGT_009804
DNA_REPAIR 6214/8722 MGT_009807
DNA_REPAIR 6215/8722 MGT_009809
DNA_REPAIR 6216/8722 MGT_009810
DNA_REPAIR 6217/8722 MGT_009814
DNA_REPAIR 6218/8722 MGT_009824
DNA_REPAIR 6219/8722 MGT_009839
DNA_REPAIR 6220/8722 MGT_009848
DNA_REPAIR 6221/8722 MGT_009849
DNA_REPAIR 6222/8722 MGT_009850
DNA_REPAIR 6223/8722 MGT_009851
DNA_REPAIR 6224/8722 MGT_009854
DNA_REPAIR 6225/8722 MGT_009869
DNA_REPAIR 6226/8722 MGT_009873
DNA_REPAIR 6227/8722 MGT_009874
DNA_REPAIR 6228/8722 MGT_009877
DNA_REPAIR 6229/8722 MGT_009894
DNA_REPAIR 6230/8722 MGT_009895
DNA_REPAIR 6231/8722 MGT_009898
DNA_REPAIR 6232/8722 MGT_009899
DNA_REPAIR 6233/8722 MGT_009902
DNA_REPAIR 6234/8722 MGT_009908
DNA_REPAIR 6235/8722 MGT_009915
DNA_REPAIR 6236/8722 MGT_009919
DNA_REPAIR 6237/8722 MGT_009920
DNA_REPAIR 6238/8722 MGT_009934
DNA_REPAIR 6239/8722 MGT_009940
DNA_REPAIR 6240/8722 MGT_009949
DNA_REPAIR 6241/8722 MGT_009962
DNA_REPAIR 6242/8722 MGT_009964
DNA_REPAIR 6243/8722 MGT_009978
DNA_REPAIR 6244/8722 MGT_009991
DNA_REPAIR 6245/8722 MGT_009999
DNA_REPAIR 6246/8722 MGT_010001
DNA_REPAIR 6247/8722 MGT_010011
DNA_REPAIR 6248/8722 MGT_010018
DNA_REPAIR 6249/8722 MGT_010019
DNA_REPAIR 6250/8722 MGT_010027
DNA_REPAIR 6251/8722 MGT_010036
DNA_REPAIR 6252/8722 MGT_010039
DNA_REPAIR 6253/8722 MGT_010040
DNA_REPAIR 6254/8722 MGT_010043
DNA_REPAIR 6255/8722 MGT_010045
DNA_REPAIR 6256/8722 MGT_010048
DNA_REPAIR 6257/8722 MGT_010050
DNA_REPAIR 6258/8722 MGT_010052
DNA_REPAIR 6259/8722 MGT_010054
DNA_REPAIR 6260/8722 MGT_010056
DNA_REPAIR 6261/8722 MGT_010057
DNA_REPAIR 6262/8722 MGT_010058
DNA_REPAIR 6263/8722 MGT_010059
DNA_REPAIR 6264/8722 MGT_010062
DNA_REPAIR 6265/8722 MGT_010063
DNA_REPAIR 6266/8722 MGT_010065
DNA_REPAIR 6267/8722 MGT_010077
DNA_REPAIR 6268/8722 MGT_010085
DNA_REPAIR 6269/8722 MGT_010086
DNA_REPAIR 6270/8722 MGT_010100
DNA_REPAIR 6271/8722 MGT_010102
DNA_REPAIR 6272/8722 MGT_010106
DNA_REPAIR 6273/8722 MGT_010109
DNA_REPAIR 6274/8722 MGT_010110
DNA_REPAIR 6275/8722 MGT_010112
DNA_REPAIR 6276/8722 MGT_010115
DNA_REPAIR 6277/8722 MGT_010119
DNA_REPAIR 6278/8722 MGT_010122
DNA_REPAIR 6279/8722 MGT_010128
DNA_REPAIR 6280/8722 MGT_010139
DNA_REPAIR 6281/8722 MGT_010149
DNA_REPAIR 6282/8722 MGT_010153
DNA_REPAIR 6283/8722 MGT_010155
DNA_REPAIR 6284/8722 MGT_010161
DNA_REPAIR 6285/8722 MGT_010164
DNA_REPAIR 6286/8722 MGT_010169
DNA_REPAIR 6287/8722 MGT_010186
DNA_REPAIR 6288/8722 MGT_010189
DNA_REPAIR 6289/8722 MGT_010190
DNA_REPAIR 6290/8722 MGT_010192
DNA_REPAIR 6291/8722 MGT_010194
DNA_REPAIR 6292/8722 MGT_010199
DNA_REPAIR 6293/8722 MGT_010201
DNA_REPAIR 6294/8722 MGT_010203
DNA_REPAIR 6295/8722 MGT_010209
DNA_REPAIR 6296/8722 MGT_010217
DNA_REPAIR 6297/8722 MGT_010219
DNA_REPAIR 6298/8722 MGT_010235
DNA_REPAIR 6299/8722 MGT_010244
DNA_REPAIR 6300/8722 MGT_010247
DNA_REPAIR 6301/8722 MGT_010254
DNA_REPAIR 6302/8722 MGT_010256
DNA_REPAIR 6303/8722 MGT_010263
DNA_REPAIR 6304/8722 MGT_010266
DNA_REPAIR 6305/8722 MGT_010269
DNA_REPAIR 6306/8722 MGT_010270
DNA_REPAIR 6307/8722 MGT_010273
DNA_REPAIR 6308/8722 MGT_010280
DNA_REPAIR 6309/8722 MGT_010282
DNA_REPAIR 6310/8722 MGT_010294
DNA_REPAIR 6311/8722 MGT_010300
DNA_REPAIR 6312/8722 MGT_010303
DNA_REPAIR 6313/8722 MGT_010318
DNA_REPAIR 6314/8722 MGT_010319
DNA_REPAIR 6315/8722 MGT_010324
DNA_REPAIR 6316/8722 MGT_010326
DNA_REPAIR 6317/8722 MGT_010327
DNA_REPAIR 6318/8722 MGT_010330
DNA_REPAIR 6319/8722 MGT_010331
DNA_REPAIR 6320/8722 MGT_010333
DNA_REPAIR 6321/8722 MGT_010334
DNA_REPAIR 6322/8722 MGT_010339
DNA_REPAIR 6323/8722 MGT_010343
DNA_REPAIR 6324/8722 MGT_010344
DNA_REPAIR 6325/8722 MGT_010349
DNA_REPAIR 6326/8722 MGT_010358
DNA_REPAIR 6327/8722 MGT_010361
DNA_REPAIR 6328/8722 MGT_010362
DNA_REPAIR 6329/8722 MGT_010363
DNA_REPAIR 6330/8722 MGT_010422
DNA_REPAIR 6331/8722 MGT_010437
DNA_REPAIR 6332/8722 MGT_010477
DNA_REPAIR 6333/8722 MGT_010485
DNA_REPAIR 6334/8722 MGT_010541
DNA_REPAIR 6335/8722 MGT_010556
DNA_REPAIR 6336/8722 MGT_010557
DNA_REPAIR 6337/8722 MGT_010582
DNA_REPAIR 6338/8722 MGT_010597
DNA_REPAIR 6339/8722 MGT_010612
DNA_REPAIR 6340/8722 MGT_010631
DNA_REPAIR 6341/8722 MGT_010637
DNA_REPAIR 6342/8722 MGT_010701
DNA_REPAIR 6343/8722 MGT_010717
DNA_REPAIR 6344/8722 MGT_010775
DNA_REPAIR 6345/8722 MGT_010780
DNA_REPAIR 6346/8722 MGT_010825
DNA_REPAIR 6347/8722 MGT_010830
DNA_REPAIR 6348/8722 MGT_010843
DNA_REPAIR 6349/8722 MGT_010846
DNA_REPAIR 6350/8722 MGT_010848
DNA_REPAIR 6351/8722 MGT_010849
DNA_REPAIR 6352/8722 MGT_010858
DNA_REPAIR 6353/8722 MGT_010863
DNA_REPAIR 6354/8722 MGT_010870
DNA_REPAIR 6355/8722 MGT_010873
DNA_REPAIR 6356/8722 MGT_010874
DNA_REPAIR 6357/8722 MGT_010878
DNA_REPAIR 6358/8722 MGT_010882
DNA_REPAIR 6359/8722 MGT_010883
DNA_REPAIR 6360/8722 MGT_010884
DNA_REPAIR 6361/8722 MGT_010889
DNA_REPAIR 6362/8722 MGT_010891
DNA_REPAIR 6363/8722 MGT_010893
DNA_REPAIR 6364/8722 MGT_010895
DNA_REPAIR 6365/8722 MGT_010896
DNA_REPAIR 6366/8722 MGT_010904
DNA_REPAIR 6367/8722 MGT_010913
DNA_REPAIR 6368/8722 MGT_010924
DNA_REPAIR 6369/8722 MGT_010932
DNA_REPAIR 6370/8722 MGT_010941
DNA_REPAIR 6371/8722 MGT_010950
DNA_REPAIR 6372/8722 MGT_010953
DNA_REPAIR 6373/8722 MGT_010961
DNA_REPAIR 6374/8722 MGT_010964
DNA_REPAIR 6375/8722 MGT_010973
DNA_REPAIR 6376/8722 MGT_010974
DNA_REPAIR 6377/8722 MGT_010976
DNA_REPAIR 6378/8722 MGT_010979
DNA_REPAIR 6379/8722 MGT_010981
DNA_REPAIR 6380/8722 MGT_010987
DNA_REPAIR 6381/8722 MGT_010994
DNA_REPAIR 6382/8722 MGT_011003
DNA_REPAIR 6383/8722 MGT_011005
DNA_REPAIR 6384/8722 MGT_011014
DNA_REPAIR 6385/8722 MGT_011019
DNA_REPAIR 6386/8722 MGT_011021
DNA_REPAIR 6387/8722 MGT_011023
DNA_REPAIR 6388/8722 MGT_011027
DNA_REPAIR 6389/8722 MGT_011028
DNA_REPAIR 6390/8722 MGT_011031
DNA_REPAIR 6391/8722 MGT_011034
DNA_REPAIR 6392/8722 MGT_011040
DNA_REPAIR 6393/8722 MGT_011041
DNA_REPAIR 6394/8722 MGT_011042
DNA_REPAIR 6395/8722 MGT_011053
DNA_REPAIR 6396/8722 MGT_011062
DNA_REPAIR 6397/8722 MGT_011068
DNA_REPAIR 6398/8722 MGT_011070
DNA_REPAIR 6399/8722 MGT_011072
DNA_REPAIR 6400/8722 MGT_011073
DNA_REPAIR 6401/8722 MGT_011077
DNA_REPAIR 6402/8722 MGT_011078
DNA_REPAIR 6403/8722 MGT_011080
DNA_REPAIR 6404/8722 MGT_011083
DNA_REPAIR 6405/8722 MGT_011084
DNA_REPAIR 6406/8722 MGT_011089
DNA_REPAIR 6407/8722 MGT_011091
DNA_REPAIR 6408/8722 MGT_011092
DNA_REPAIR 6409/8722 MGT_011095
DNA_REPAIR 6410/8722 MGT_011096
DNA_REPAIR 6411/8722 MGT_011098
DNA_REPAIR 6412/8722 MGT_011106
DNA_REPAIR 6413/8722 MGT_011108
DNA_REPAIR 6414/8722 MGT_011113
DNA_REPAIR 6415/8722 MGT_011133
DNA_REPAIR 6416/8722 MGT_011138
DNA_REPAIR 6417/8722 MGT_011142
DNA_REPAIR 6418/8722 MGT_011144
DNA_REPAIR 6419/8722 MGT_011146
DNA_REPAIR 6420/8722 MGT_011148
DNA_REPAIR 6421/8722 MGT_011153
DNA_REPAIR 6422/8722 MGT_011160
DNA_REPAIR 6423/8722 MGT_011162
DNA_REPAIR 6424/8722 MGT_011174
DNA_REPAIR 6425/8722 MGT_011176
DNA_REPAIR 6426/8722 MGT_011178
DNA_REPAIR 6427/8722 MGT_011179
DNA_REPAIR 6428/8722 MGT_011181
DNA_REPAIR 6429/8722 MGT_011183
DNA_REPAIR 6430/8722 MGT_011188
DNA_REPAIR 6431/8722 MGT_011189
DNA_REPAIR 6432/8722 MGT_011191
DNA_REPAIR 6433/8722 MGT_011192
DNA_REPAIR 6434/8722 MGT_011193
DNA_REPAIR 6435/8722 MGT_011196
DNA_REPAIR 6436/8722 MGT_011198
DNA_REPAIR 6437/8722 MGT_011199
DNA_REPAIR 6438/8722 MGT_011202
DNA_REPAIR 6439/8722 MGT_011203
DNA_REPAIR 6440/8722 MGT_011204
DNA_REPAIR 6441/8722 MGT_011206
DNA_REPAIR 6442/8722 MGT_011209
DNA_REPAIR 6443/8722 MGT_011213
DNA_REPAIR 6444/8722 MGT_011215
DNA_REPAIR 6445/8722 MGT_011217
DNA_REPAIR 6446/8722 MGT_011220
DNA_REPAIR 6447/8722 MGT_011227
DNA_REPAIR 6448/8722 MGT_011229
DNA_REPAIR 6449/8722 MGT_011233
DNA_REPAIR 6450/8722 MGT_011251
DNA_REPAIR 6451/8722 MGT_011252
DNA_REPAIR 6452/8722 MGT_011253
DNA_REPAIR 6453/8722 MGT_011254
DNA_REPAIR 6454/8722 MGT_011256
DNA_REPAIR 6455/8722 MGT_011258
DNA_REPAIR 6456/8722 MGT_011263
DNA_REPAIR 6457/8722 MGT_011264
DNA_REPAIR 6458/8722 MGT_011265
DNA_REPAIR 6459/8722 MGT_011267
DNA_REPAIR 6460/8722 MGT_011268
DNA_REPAIR 6461/8722 MGT_011271
DNA_REPAIR 6462/8722 MGT_011272
DNA_REPAIR 6463/8722 MGT_011273
DNA_REPAIR 6464/8722 MGT_011278
DNA_REPAIR 6465/8722 MGT_011285
DNA_REPAIR 6466/8722 MGT_011286
DNA_REPAIR 6467/8722 MGT_011298
DNA_REPAIR 6468/8722 MGT_011299
DNA_REPAIR 6469/8722 MGT_011303
DNA_REPAIR 6470/8722 MGT_011308
DNA_REPAIR 6471/8722 MGT_011317
DNA_REPAIR 6472/8722 MGT_011318
DNA_REPAIR 6473/8722 MGT_011323
DNA_REPAIR 6474/8722 MGT_011333
DNA_REPAIR 6475/8722 MGT_011334
DNA_REPAIR 6476/8722 MGT_011337
DNA_REPAIR 6477/8722 MGT_011338
DNA_REPAIR 6478/8722 MGT_001012
DNA_REPAIR 6479/8722 MGT_001056
DNA_REPAIR 6480/8722 MGT_001067
DNA_REPAIR 6481/8722 MGT_001172
DNA_REPAIR 6482/8722 MGT_001219
DNA_REPAIR 6483/8722 MGT_001222
DNA_REPAIR 6484/8722 MGT_001245
DNA_REPAIR 6485/8722 MGT_001255
DNA_REPAIR 6486/8722 MGT_001282
DNA_REPAIR 6487/8722 MGT_001301
DNA_REPAIR 6488/8722 MGT_001322
DNA_REPAIR 6489/8722 MGT_001344
DNA_REPAIR 6490/8722 MGT_001347
DNA_REPAIR 6491/8722 MGT_001517
DNA_REPAIR 6492/8722 MGT_001572
DNA_REPAIR 6493/8722 MGT_001592
DNA_REPAIR 6494/8722 MGT_001656
DNA_REPAIR 6495/8722 MGT_001708
DNA_REPAIR 6496/8722 MGT_001749
DNA_REPAIR 6497/8722 MGT_001762
DNA_REPAIR 6498/8722 MGT_001884
DNA_REPAIR 6499/8722 MGT_001893
DNA_REPAIR 6500/8722 MGT_001933
DNA_REPAIR 6501/8722 MGT_001982
DNA_REPAIR 6502/8722 MGT_003872
DNA_REPAIR 6503/8722 MGT_003880
DNA_REPAIR 6504/8722 MGT_003890
DNA_REPAIR 6505/8722 MGT_003959
DNA_REPAIR 6506/8722 MGT_003995
DNA_REPAIR 6507/8722 MGT_004055
DNA_REPAIR 6508/8722 MGT_004110
DNA_REPAIR 6509/8722 MGT_004115
DNA_REPAIR 6510/8722 MGT_004116
DNA_REPAIR 6511/8722 MGT_004119
DNA_REPAIR 6512/8722 MGT_004140
DNA_REPAIR 6513/8722 MGT_004196
DNA_REPAIR 6514/8722 MGT_004232
DNA_REPAIR 6515/8722 MGT_004270
DNA_REPAIR 6516/8722 MGT_004370
DNA_REPAIR 6517/8722 MGT_004395
DNA_REPAIR 6518/8722 MGT_004420
DNA_REPAIR 6519/8722 MGT_004431
DNA_REPAIR 6520/8722 MGT_004447
DNA_REPAIR 6521/8722 MGT_004455
DNA_REPAIR 6522/8722 MGT_004520
DNA_REPAIR 6523/8722 MGT_004541
DNA_REPAIR 6524/8722 MGT_004710
DNA_REPAIR 6525/8722 MGT_004873
DNA_REPAIR 6526/8722 MGT_004875
DNA_REPAIR 6527/8722 MGT_004877
DNA_REPAIR 6528/8722 MGT_004900
DNA_REPAIR 6529/8722 MGT_004947
DNA_REPAIR 6530/8722 MGT_004955
DNA_REPAIR 6531/8722 MGT_004971
DNA_REPAIR 6532/8722 MGT_005001
DNA_REPAIR 6533/8722 MGT_005030
DNA_REPAIR 6534/8722 MGT_005050
DNA_REPAIR 6535/8722 MGT_005058
DNA_REPAIR 6536/8722 MGT_005069
DNA_REPAIR 6537/8722 MGT_005190
DNA_REPAIR 6538/8722 MGT_005205
DNA_REPAIR 6539/8722 MGT_005215
DNA_REPAIR 6540/8722 MGT_005245
DNA_REPAIR 6541/8722 MGT_005267
DNA_REPAIR 6542/8722 MGT_005282
DNA_REPAIR 6543/8722 MGT_005304
DNA_REPAIR 6544/8722 MGT_005347
DNA_REPAIR 6545/8722 MGT_005387
DNA_REPAIR 6546/8722 MGT_005399
DNA_REPAIR 6547/8722 MGT_005413
DNA_REPAIR 6548/8722 MGT_005535
DNA_REPAIR 6549/8722 MGT_005580
DNA_REPAIR 6550/8722 MGT_005595
DNA_REPAIR 6551/8722 MGT_005600
DNA_REPAIR 6552/8722 MGT_005615
DNA_REPAIR 6553/8722 MGT_005641
DNA_REPAIR 6554/8722 MGT_005660
DNA_REPAIR 6555/8722 MGT_005676
DNA_REPAIR 6556/8722 MGT_005687
DNA_REPAIR 6557/8722 MGT_005720
DNA_REPAIR 6558/8722 MGT_005746
DNA_REPAIR 6559/8722 MGT_005755
DNA_REPAIR 6560/8722 MGT_011345
DNA_REPAIR 6561/8722 MGT_011364
DNA_REPAIR 6562/8722 MGT_011375
DNA_REPAIR 6563/8722 MGT_011413
DNA_REPAIR 6564/8722 MGT_011426
DNA_REPAIR 6565/8722 MGT_011463
DNA_REPAIR 6566/8722 MGT_011475
DNA_REPAIR 6567/8722 MGT_011476
DNA_REPAIR 6568/8722 MGT_011483
DNA_REPAIR 6569/8722 MGT_011523
DNA_REPAIR 6570/8722 MGT_011543
DNA_REPAIR 6571/8722 MGT_011556
DNA_REPAIR 6572/8722 MGT_011557
DNA_REPAIR 6573/8722 MGT_011558
DNA_REPAIR 6574/8722 MGT_011564
DNA_REPAIR 6575/8722 MGT_011569
DNA_REPAIR 6576/8722 MGT_011570
DNA_REPAIR 6577/8722 MGT_011583
DNA_REPAIR 6578/8722 MGT_011589
DNA_REPAIR 6579/8722 MGT_011591
DNA_REPAIR 6580/8722 MGT_011605
DNA_REPAIR 6581/8722 MGT_011607
DNA_REPAIR 6582/8722 MGT_011645
DNA_REPAIR 6583/8722 MGT_011659
DNA_REPAIR 6584/8722 MGT_011660
DNA_REPAIR 6585/8722 MGT_011661
DNA_REPAIR 6586/8722 MGT_011665
DNA_REPAIR 6587/8722 MGT_011674
DNA_REPAIR 6588/8722 MGT_011676
DNA_REPAIR 6589/8722 MGT_011680
DNA_REPAIR 6590/8722 MGT_011683
DNA_REPAIR 6591/8722 MGT_011690
DNA_REPAIR 6592/8722 MGT_011701
DNA_REPAIR 6593/8722 MGT_011725
DNA_REPAIR 6594/8722 MGT_011733
DNA_REPAIR 6595/8722 MGT_011755
DNA_REPAIR 6596/8722 MGT_011769
DNA_REPAIR 6597/8722 MGT_011775
DNA_REPAIR 6598/8722 MGT_011794
DNA_REPAIR 6599/8722 MGT_011800
DNA_REPAIR 6600/8722 MGT_011825
DNA_REPAIR 6601/8722 MGT_011834
DNA_REPAIR 6602/8722 MGT_011843
DNA_REPAIR 6603/8722 MGT_011844
DNA_REPAIR 6604/8722 MGT_011858
DNA_REPAIR 6605/8722 MGT_011859
DNA_REPAIR 6606/8722 MGT_011860
DNA_REPAIR 6607/8722 MGT_011880
DNA_REPAIR 6608/8722 MGT_011888
DNA_REPAIR 6609/8722 MGT_011894
DNA_REPAIR 6610/8722 MGT_011895
DNA_REPAIR 6611/8722 MGT_011904
DNA_REPAIR 6612/8722 MGT_011914
DNA_REPAIR 6613/8722 MGT_011933
DNA_REPAIR 6614/8722 MGT_011937
DNA_REPAIR 6615/8722 MGT_011942
DNA_REPAIR 6616/8722 MGT_011954
DNA_REPAIR 6617/8722 MGT_012014
DNA_REPAIR 6618/8722 MGT_012064
DNA_REPAIR 6619/8722 MGT_012065
DNA_REPAIR 6620/8722 MGT_012122
DNA_REPAIR 6621/8722 MGT_012143
DNA_REPAIR 6622/8722 MGT_012191
DNA_REPAIR 6623/8722 MGT_012197
DNA_REPAIR 6624/8722 MGT_012205
DNA_REPAIR 6625/8722 MGT_012207
DNA_REPAIR 6626/8722 MGT_012208
DNA_REPAIR 6627/8722 MGT_012232
DNA_REPAIR 6628/8722 MGT_012242
DNA_REPAIR 6629/8722 MGT_012246
DNA_REPAIR 6630/8722 MGT_012266
DNA_REPAIR 6631/8722 MGT_012268
DNA_REPAIR 6632/8722 MGT_012333
DNA_REPAIR 6633/8722 MGT_012343
DNA_REPAIR 6634/8722 MGT_012357
DNA_REPAIR 6635/8722 MGT_012373
DNA_REPAIR 6636/8722 MGT_012374
DNA_REPAIR 6637/8722 MGT_012377
DNA_REPAIR 6638/8722 MGT_012384
DNA_REPAIR 6639/8722 MGT_012388
DNA_REPAIR 6640/8722 MGT_012402
DNA_REPAIR 6641/8722 MGT_012418
DNA_REPAIR 6642/8722 MGT_012429
DNA_REPAIR 6643/8722 MGT_012434
DNA_REPAIR 6644/8722 MGT_012436
DNA_REPAIR 6645/8722 MGT_012449
DNA_REPAIR 6646/8722 MGT_012460
DNA_REPAIR 6647/8722 MGT_012470
DNA_REPAIR 6648/8722 MGT_012471
DNA_REPAIR 6649/8722 MGT_012478
DNA_REPAIR 6650/8722 MGT_012490
DNA_REPAIR 6651/8722 MGT_012509
DNA_REPAIR 6652/8722 MGT_012515
DNA_REPAIR 6653/8722 MGT_012534
DNA_REPAIR 6654/8722 MGT_012555
DNA_REPAIR 6655/8722 MGT_012559
DNA_REPAIR 6656/8722 MGT_012578
DNA_REPAIR 6657/8722 MGT_012598
DNA_REPAIR 6658/8722 MGT_012617
DNA_REPAIR 6659/8722 MGT_012628
DNA_REPAIR 6660/8722 MGT_012637
DNA_REPAIR 6661/8722 MGT_012639
DNA_REPAIR 6662/8722 MGT_012655
DNA_REPAIR 6663/8722 MGT_012677
DNA_REPAIR 6664/8722 MGT_012695
DNA_REPAIR 6665/8722 MGT_012698
DNA_REPAIR 6666/8722 MGT_012702
DNA_REPAIR 6667/8722 MGT_012705
DNA_REPAIR 6668/8722 MGT_012712
DNA_REPAIR 6669/8722 MGT_012720
DNA_REPAIR 6670/8722 MGT_012738
DNA_REPAIR 6671/8722 MGT_012739
DNA_REPAIR 6672/8722 MGT_012758
DNA_REPAIR 6673/8722 MGT_012761
DNA_REPAIR 6674/8722 MGT_012771
DNA_REPAIR 6675/8722 MGT_012779
DNA_REPAIR 6676/8722 MGT_012793
DNA_REPAIR 6677/8722 MGT_012809
DNA_REPAIR 6678/8722 MGT_012822
DNA_REPAIR 6679/8722 MGT_012825
DNA_REPAIR 6680/8722 MGT_012830
DNA_REPAIR 6681/8722 MGT_012890
DNA_REPAIR 6682/8722 MGT_012905
DNA_REPAIR 6683/8722 MGT_012908
DNA_REPAIR 6684/8722 MGT_012910
DNA_REPAIR 6685/8722 MGT_012911
DNA_REPAIR 6686/8722 MGT_012924
DNA_REPAIR 6687/8722 MGT_012954
DNA_REPAIR 6688/8722 MGT_012959
DNA_REPAIR 6689/8722 MGT_012965
DNA_REPAIR 6690/8722 MGT_012975
DNA_REPAIR 6691/8722 MGT_012985
DNA_REPAIR 6692/8722 MGT_013012
DNA_REPAIR 6693/8722 MGT_013020
DNA_REPAIR 6694/8722 MGT_013022
DNA_REPAIR 6695/8722 MGT_013027
DNA_REPAIR 6696/8722 MGT_013048
DNA_REPAIR 6697/8722 MGT_013072
DNA_REPAIR 6698/8722 MGT_013082
DNA_REPAIR 6699/8722 MGT_013095
DNA_REPAIR 6700/8722 MGT_013097
DNA_REPAIR 6701/8722 MGT_013121
DNA_REPAIR 6702/8722 MGT_013122
DNA_REPAIR 6703/8722 MGT_013133
DNA_REPAIR 6704/8722 MGT_013138
DNA_REPAIR 6705/8722 MGT_013143
DNA_REPAIR 6706/8722 MGT_013167
DNA_REPAIR 6707/8722 MGT_013172
DNA_REPAIR 6708/8722 MGT_013178
DNA_REPAIR 6709/8722 MGT_013202
DNA_REPAIR 6710/8722 MGT_013212
DNA_REPAIR 6711/8722 MGT_013215
DNA_REPAIR 6712/8722 MGT_013216
DNA_REPAIR 6713/8722 MGT_013222
DNA_REPAIR 6714/8722 MGT_013230
DNA_REPAIR 6715/8722 MGT_013258
DNA_REPAIR 6716/8722 MGT_013279
DNA_REPAIR 6717/8722 MGT_013285
DNA_REPAIR 6718/8722 MGT_013291
DNA_REPAIR 6719/8722 MGT_013293
DNA_REPAIR 6720/8722 MGT_013312
DNA_REPAIR 6721/8722 MGT_013343
DNA_REPAIR 6722/8722 MGT_013344
DNA_REPAIR 6723/8722 MGT_013357
DNA_REPAIR 6724/8722 MGT_013364
DNA_REPAIR 6725/8722 MGT_013386
DNA_REPAIR 6726/8722 MGT_013390
DNA_REPAIR 6727/8722 MGT_013397
DNA_REPAIR 6728/8722 MGT_013405
DNA_REPAIR 6729/8722 MGT_013415
DNA_REPAIR 6730/8722 MGT_013416
DNA_REPAIR 6731/8722 MGT_013425
DNA_REPAIR 6732/8722 MGT_013448
DNA_REPAIR 6733/8722 MGT_013465
DNA_REPAIR 6734/8722 MGT_013478
DNA_REPAIR 6735/8722 MGT_013487
DNA_REPAIR 6736/8722 MGT_013501
DNA_REPAIR 6737/8722 MGT_013531
DNA_REPAIR 6738/8722 MGT_013552
DNA_REPAIR 6739/8722 MGT_013566
DNA_REPAIR 6740/8722 MGT_013572
DNA_REPAIR 6741/8722 MGT_013603
DNA_REPAIR 6742/8722 MGT_013618
DNA_REPAIR 6743/8722 MGT_013623
DNA_REPAIR 6744/8722 MGT_013637
DNA_REPAIR 6745/8722 MGT_013649
DNA_REPAIR 6746/8722 MGT_013657
DNA_REPAIR 6747/8722 MGT_013663
DNA_REPAIR 6748/8722 MGT_013667
DNA_REPAIR 6749/8722 MGT_013675
DNA_REPAIR 6750/8722 MGT_013677
DNA_REPAIR 6751/8722 MGT_013679
DNA_REPAIR 6752/8722 MGT_013681
DNA_REPAIR 6753/8722 MGT_013732
DNA_REPAIR 6754/8722 MGT_013734
DNA_REPAIR 6755/8722 MGT_013738
DNA_REPAIR 6756/8722 MGT_013745
DNA_REPAIR 6757/8722 MGT_013753
DNA_REPAIR 6758/8722 MGT_013813
DNA_REPAIR 6759/8722 MGT_013828
DNA_REPAIR 6760/8722 MGT_013834
DNA_REPAIR 6761/8722 MGT_013837
DNA_REPAIR 6762/8722 MGT_013844
DNA_REPAIR 6763/8722 MGT_013876
DNA_REPAIR 6764/8722 MGT_013879
DNA_REPAIR 6765/8722 MGT_013883
DNA_REPAIR 6766/8722 MGT_013906
DNA_REPAIR 6767/8722 MGT_013922
DNA_REPAIR 6768/8722 MGT_013945
DNA_REPAIR 6769/8722 MGT_013949
DNA_REPAIR 6770/8722 MGT_013952
DNA_REPAIR 6771/8722 MGT_013965
DNA_REPAIR 6772/8722 MGT_013974
DNA_REPAIR 6773/8722 MGT_013978
DNA_REPAIR 6774/8722 MGT_013995
DNA_REPAIR 6775/8722 MGT_014001
DNA_REPAIR 6776/8722 MGT_014008
DNA_REPAIR 6777/8722 MGT_014014
DNA_REPAIR 6778/8722 MGT_014018
DNA_REPAIR 6779/8722 MGT_014028
DNA_REPAIR 6780/8722 MGT_014037
DNA_REPAIR 6781/8722 MGT_014044
DNA_REPAIR 6782/8722 MGT_014048
DNA_REPAIR 6783/8722 MGT_014053
DNA_REPAIR 6784/8722 MGT_014074
DNA_REPAIR 6785/8722 MGT_014099
DNA_REPAIR 6786/8722 MGT_014120
DNA_REPAIR 6787/8722 MGT_014125
DNA_REPAIR 6788/8722 MGT_014126
DNA_REPAIR 6789/8722 MGT_014171
DNA_REPAIR 6790/8722 MGT_014196
DNA_REPAIR 6791/8722 MGT_014200
DNA_REPAIR 6792/8722 MGT_014203
DNA_REPAIR 6793/8722 MGT_014206
DNA_REPAIR 6794/8722 MGT_014214
DNA_REPAIR 6795/8722 MGT_014222
DNA_REPAIR 6796/8722 MGT_014236
DNA_REPAIR 6797/8722 MGT_014239
DNA_REPAIR 6798/8722 MGT_014256
DNA_REPAIR 6799/8722 MGT_014270
DNA_REPAIR 6800/8722 MGT_014272
DNA_REPAIR 6801/8722 MGT_014278
DNA_REPAIR 6802/8722 MGT_014290
DNA_REPAIR 6803/8722 MGT_014303
DNA_REPAIR 6804/8722 MGT_014312
DNA_REPAIR 6805/8722 MGT_014314
DNA_REPAIR 6806/8722 MGT_014317
DNA_REPAIR 6807/8722 MGT_014318
DNA_REPAIR 6808/8722 MGT_014333
DNA_REPAIR 6809/8722 MGT_014342
DNA_REPAIR 6810/8722 MGT_014345
DNA_REPAIR 6811/8722 MGT_014347
DNA_REPAIR 6812/8722 MGT_014353
DNA_REPAIR 6813/8722 MGT_014368
DNA_REPAIR 6814/8722 MGT_014402
DNA_REPAIR 6815/8722 MGT_014405
DNA_REPAIR 6816/8722 MGT_014434
DNA_REPAIR 6817/8722 MGT_014448
DNA_REPAIR 6818/8722 MGT_014452
DNA_REPAIR 6819/8722 MGT_014458
DNA_REPAIR 6820/8722 MGT_014461
DNA_REPAIR 6821/8722 MGT_014486
DNA_REPAIR 6822/8722 MGT_014513
DNA_REPAIR 6823/8722 MGT_014523
DNA_REPAIR 6824/8722 MGT_014524
DNA_REPAIR 6825/8722 MGT_014539
DNA_REPAIR 6826/8722 MGT_014563
DNA_REPAIR 6827/8722 MGT_014577
DNA_REPAIR 6828/8722 MGT_014588
DNA_REPAIR 6829/8722 MGT_014619
DNA_REPAIR 6830/8722 MGT_014627
DNA_REPAIR 6831/8722 MGT_014628
DNA_REPAIR 6832/8722 MGT_014649
DNA_REPAIR 6833/8722 MGT_014656
DNA_REPAIR 6834/8722 MGT_014665
DNA_REPAIR 6835/8722 MGT_014683
DNA_REPAIR 6836/8722 MGT_014684
DNA_REPAIR 6837/8722 MGT_014708
DNA_REPAIR 6838/8722 MGT_014729
DNA_REPAIR 6839/8722 MGT_014738
DNA_REPAIR 6840/8722 MGT_014739
DNA_REPAIR 6841/8722 MGT_014740
DNA_REPAIR 6842/8722 MGT_014743
DNA_REPAIR 6843/8722 MGT_014745
DNA_REPAIR 6844/8722 MGT_014764
DNA_REPAIR 6845/8722 MGT_014772
DNA_REPAIR 6846/8722 MGT_014773
DNA_REPAIR 6847/8722 MGT_014781
DNA_REPAIR 6848/8722 MGT_014782
DNA_REPAIR 6849/8722 MGT_014787
DNA_REPAIR 6850/8722 MGT_014804
DNA_REPAIR 6851/8722 MGT_014826
DNA_REPAIR 6852/8722 MGT_014835
DNA_REPAIR 6853/8722 MGT_014855
DNA_REPAIR 6854/8722 MGT_014870
DNA_REPAIR 6855/8722 MGT_014883
DNA_REPAIR 6856/8722 MGT_014893
DNA_REPAIR 6857/8722 MGT_014909
DNA_REPAIR 6858/8722 MGT_014920
DNA_REPAIR 6859/8722 MGT_014935
DNA_REPAIR 6860/8722 MGT_014951
DNA_REPAIR 6861/8722 MGT_014985
DNA_REPAIR 6862/8722 MGT_014996
DNA_REPAIR 6863/8722 MGT_015004
DNA_REPAIR 6864/8722 MGT_015027
DNA_REPAIR 6865/8722 MGT_015065
DNA_REPAIR 6866/8722 MGT_015074
DNA_REPAIR 6867/8722 MGT_015081
DNA_REPAIR 6868/8722 MGT_015086
DNA_REPAIR 6869/8722 MGT_015104
DNA_REPAIR 6870/8722 MGT_015116
DNA_REPAIR 6871/8722 MGT_015122
DNA_REPAIR 6872/8722 MGT_015125
DNA_REPAIR 6873/8722 MGT_015160
DNA_REPAIR 6874/8722 MGT_015188
DNA_REPAIR 6875/8722 MGT_015205
DNA_REPAIR 6876/8722 MGT_015210
DNA_REPAIR 6877/8722 MGT_015257
DNA_REPAIR 6878/8722 MGT_015260
DNA_REPAIR 6879/8722 MGT_015262
DNA_REPAIR 6880/8722 MGT_015266
DNA_REPAIR 6881/8722 MGT_015279
DNA_REPAIR 6882/8722 MGT_015290
DNA_REPAIR 6883/8722 MGT_015291
DNA_REPAIR 6884/8722 MGT_015302
DNA_REPAIR 6885/8722 MGT_015320
DNA_REPAIR 6886/8722 MGT_015371
DNA_REPAIR 6887/8722 MGT_015481
DNA_REPAIR 6888/8722 MGT_015516
DNA_REPAIR 6889/8722 MGT_015521
DNA_REPAIR 6890/8722 MGT_015523
DNA_REPAIR 6891/8722 MGT_015536
DNA_REPAIR 6892/8722 MGT_015551
DNA_REPAIR 6893/8722 MGT_015596
DNA_REPAIR 6894/8722 MGT_015608
DNA_REPAIR 6895/8722 MGT_015711
DNA_REPAIR 6896/8722 MGT_015716
DNA_REPAIR 6897/8722 MGT_015826
DNA_REPAIR 6898/8722 MGT_015869
DNA_REPAIR 6899/8722 MGT_015891
DNA_REPAIR 6900/8722 MGT_015945
DNA_REPAIR 6901/8722 MGT_015946
DNA_REPAIR 6902/8722 MGT_015967
DNA_REPAIR 6903/8722 MGT_015971
DNA_REPAIR 6904/8722 MGT_015987
DNA_REPAIR 6905/8722 MGT_016020
DNA_REPAIR 6906/8722 MGT_016046
DNA_REPAIR 6907/8722 MGT_016051
DNA_REPAIR 6908/8722 MGT_016087
DNA_REPAIR 6909/8722 MGT_016110
DNA_REPAIR 6910/8722 MGT_016133
DNA_REPAIR 6911/8722 MGT_016138
DNA_REPAIR 6912/8722 MGT_016158
DNA_REPAIR 6913/8722 MGT_016258
DNA_REPAIR 6914/8722 MGT_016276
DNA_REPAIR 6915/8722 MGT_016306
DNA_REPAIR 6916/8722 MGT_016308
DNA_REPAIR 6917/8722 MGT_016383
DNA_REPAIR 6918/8722 MGT_016387
DNA_REPAIR 6919/8722 MGT_016397
DNA_REPAIR 6920/8722 MGT_016406
DNA_REPAIR 6921/8722 MGT_016445
DNA_REPAIR 6922/8722 MGT_016499
DNA_REPAIR 6923/8722 MGT_016511
DNA_REPAIR 6924/8722 MGT_016517
DNA_REPAIR 6925/8722 MGT_016520
DNA_REPAIR 6926/8722 MGT_016530
DNA_REPAIR 6927/8722 MGT_016531
DNA_REPAIR 6928/8722 MGT_016536
DNA_REPAIR 6929/8722 MGT_016551
DNA_REPAIR 6930/8722 MGT_016556
DNA_REPAIR 6931/8722 MGT_016562
DNA_REPAIR 6932/8722 MGT_016573
DNA_REPAIR 6933/8722 MGT_016578
DNA_REPAIR 6934/8722 MGT_016595
DNA_REPAIR 6935/8722 MGT_016598
DNA_REPAIR 6936/8722 MGT_016609
DNA_REPAIR 6937/8722 MGT_016612
DNA_REPAIR 6938/8722 MGT_001139
DNA_REPAIR 6939/8722 MGT_001404
DNA_REPAIR 6940/8722 MGT_001590
DNA_REPAIR 6941/8722 MGT_001624
DNA_REPAIR 6942/8722 MGT_001709
DNA_REPAIR 6943/8722 MGT_001859
DNA_REPAIR 6944/8722 MGT_004193
DNA_REPAIR 6945/8722 MGT_004348
DNA_REPAIR 6946/8722 MGT_004522
DNA_REPAIR 6947/8722 MGT_004803
DNA_REPAIR 6948/8722 MGT_004973
DNA_REPAIR 6949/8722 MGT_005003
DNA_REPAIR 6950/8722 MGT_011355
DNA_REPAIR 6951/8722 MGT_011356
DNA_REPAIR 6952/8722 MGT_011486
DNA_REPAIR 6953/8722 MGT_011507
DNA_REPAIR 6954/8722 MGT_011549
DNA_REPAIR 6955/8722 MGT_011590
DNA_REPAIR 6956/8722 MGT_011625
DNA_REPAIR 6957/8722 MGT_011743
DNA_REPAIR 6958/8722 MGT_011906
DNA_REPAIR 6959/8722 MGT_011968
DNA_REPAIR 6960/8722 MGT_012131
DNA_REPAIR 6961/8722 MGT_012161
DNA_REPAIR 6962/8722 MGT_012166
DNA_REPAIR 6963/8722 MGT_012406
DNA_REPAIR 6964/8722 MGT_012541
DNA_REPAIR 6965/8722 MGT_012726
DNA_REPAIR 6966/8722 MGT_012802
DNA_REPAIR 6967/8722 MGT_013002
DNA_REPAIR 6968/8722 MGT_013110
DNA_REPAIR 6969/8722 MGT_013170
DNA_REPAIR 6970/8722 MGT_013206
DNA_REPAIR 6971/8722 MGT_013340
DNA_REPAIR 6972/8722 MGT_013553
DNA_REPAIR 6973/8722 MGT_013555
DNA_REPAIR 6974/8722 MGT_013702
DNA_REPAIR 6975/8722 MGT_013765
DNA_REPAIR 6976/8722 MGT_013800
DNA_REPAIR 6977/8722 MGT_013856
DNA_REPAIR 6978/8722 MGT_014108
DNA_REPAIR 6979/8722 MGT_014133
DNA_REPAIR 6980/8722 MGT_014394
DNA_REPAIR 6981/8722 MGT_014431
DNA_REPAIR 6982/8722 MGT_014433
DNA_REPAIR 6983/8722 MGT_014505
DNA_REPAIR 6984/8722 MGT_014597
DNA_REPAIR 6985/8722 MGT_014637
DNA_REPAIR 6986/8722 MGT_014682
DNA_REPAIR 6987/8722 MGT_014713
DNA_REPAIR 6988/8722 MGT_014868
DNA_REPAIR 6989/8722 MGT_015001
DNA_REPAIR 6990/8722 MGT_015018
DNA_REPAIR 6991/8722 MGT_015083
DNA_REPAIR 6992/8722 MGT_015103
DNA_REPAIR 6993/8722 MGT_015117
DNA_REPAIR 6994/8722 MGT_015209
DNA_REPAIR 6995/8722 MGT_015374
DNA_REPAIR 6996/8722 MGT_015594
DNA_REPAIR 6997/8722 MGT_015658
DNA_REPAIR 6998/8722 MGT_015798
DNA_REPAIR 6999/8722 MGT_016123
DNA_REPAIR 7000/8722 MGT_016153
DNA_REPAIR 7001/8722 MGT_016579
DNA_REPAIR 7002/8722 MGT_003837
DNA_REPAIR 7003/8722 MGT_003862
DNA_REPAIR 7004/8722 MGT_004103
DNA_REPAIR 7005/8722 MGT_004871
DNA_REPAIR 7006/8722 MGT_005073
DNA_REPAIR 7007/8722 MGT_005393
DNA_REPAIR 7008/8722 MGT_005398
DNA_REPAIR 7009/8722 MGT_005407
DNA_REPAIR 7010/8722 MGT_005747
DNA_REPAIR 7011/8722 MGT_011512
DNA_REPAIR 7012/8722 MGT_011596
DNA_REPAIR 7013/8722 MGT_011765
DNA_REPAIR 7014/8722 MGT_011831
DNA_REPAIR 7015/8722 MGT_011993
DNA_REPAIR 7016/8722 MGT_012072
DNA_REPAIR 7017/8722 MGT_012107
DNA_REPAIR 7018/8722 MGT_012518
DNA_REPAIR 7019/8722 MGT_012596
DNA_REPAIR 7020/8722 MGT_012605
DNA_REPAIR 7021/8722 MGT_012606
DNA_REPAIR 7022/8722 MGT_012610
DNA_REPAIR 7023/8722 MGT_012636
DNA_REPAIR 7024/8722 MGT_012730
DNA_REPAIR 7025/8722 MGT_012741
DNA_REPAIR 7026/8722 MGT_012764
DNA_REPAIR 7027/8722 MGT_012796
DNA_REPAIR 7028/8722 MGT_012873
DNA_REPAIR 7029/8722 MGT_013114
DNA_REPAIR 7030/8722 MGT_013261
DNA_REPAIR 7031/8722 MGT_013341
DNA_REPAIR 7032/8722 MGT_013464
DNA_REPAIR 7033/8722 MGT_013574
DNA_REPAIR 7034/8722 MGT_013646
DNA_REPAIR 7035/8722 MGT_013651
DNA_REPAIR 7036/8722 MGT_013686
DNA_REPAIR 7037/8722 MGT_013880
DNA_REPAIR 7038/8722 MGT_013885
DNA_REPAIR 7039/8722 MGT_013891
DNA_REPAIR 7040/8722 MGT_014009
DNA_REPAIR 7041/8722 MGT_014238
DNA_REPAIR 7042/8722 MGT_014242
DNA_REPAIR 7043/8722 MGT_014330
DNA_REPAIR 7044/8722 MGT_014425
DNA_REPAIR 7045/8722 MGT_014478
DNA_REPAIR 7046/8722 MGT_014621
DNA_REPAIR 7047/8722 MGT_014717
DNA_REPAIR 7048/8722 MGT_014943
DNA_REPAIR 7049/8722 MGT_015072
DNA_REPAIR 7050/8722 MGT_015244
DNA_REPAIR 7051/8722 MGT_015428
DNA_REPAIR 7052/8722 MGT_015758
DNA_REPAIR 7053/8722 MGT_015964
DNA_REPAIR 7054/8722 MGT_015969
DNA_REPAIR 7055/8722 MGT_015978
DNA_REPAIR 7056/8722 MGT_016054
DNA_REPAIR 7057/8722 MGT_016213
DNA_REPAIR 7058/8722 MGT_016569
DNA_REPAIR 7059/8722 MGT_016607
DNA_REPAIR 7060/8722 MGT_016568
DNA_REPAIR 7061/8722 MGT_001495
DNA_REPAIR 7062/8722 MGT_001565
DNA_REPAIR 7063/8722 MGT_001669
DNA_REPAIR 7064/8722 MGT_001706
DNA_REPAIR 7065/8722 MGT_001895
DNA_REPAIR 7066/8722 MGT_004347
DNA_REPAIR 7067/8722 MGT_005027
DNA_REPAIR 7068/8722 MGT_005102
DNA_REPAIR 7069/8722 MGT_005532
DNA_REPAIR 7070/8722 MGT_005578
DNA_REPAIR 7071/8722 MGT_011354
DNA_REPAIR 7072/8722 MGT_011565
DNA_REPAIR 7073/8722 MGT_011712
DNA_REPAIR 7074/8722 MGT_011731
DNA_REPAIR 7075/8722 MGT_011771
DNA_REPAIR 7076/8722 MGT_012108
DNA_REPAIR 7077/8722 MGT_012118
DNA_REPAIR 7078/8722 MGT_012286
DNA_REPAIR 7079/8722 MGT_012314
DNA_REPAIR 7080/8722 MGT_012324
DNA_REPAIR 7081/8722 MGT_012331
DNA_REPAIR 7082/8722 MGT_012338
DNA_REPAIR 7083/8722 MGT_012828
DNA_REPAIR 7084/8722 MGT_012848
DNA_REPAIR 7085/8722 MGT_013180
DNA_REPAIR 7086/8722 MGT_013181
DNA_REPAIR 7087/8722 MGT_013214
DNA_REPAIR 7088/8722 MGT_013324
DNA_REPAIR 7089/8722 MGT_013356
DNA_REPAIR 7090/8722 MGT_013523
DNA_REPAIR 7091/8722 MGT_013882
DNA_REPAIR 7092/8722 MGT_014141
DNA_REPAIR 7093/8722 MGT_014198
DNA_REPAIR 7094/8722 MGT_014298
DNA_REPAIR 7095/8722 MGT_014797
DNA_REPAIR 7096/8722 MGT_014851
DNA_REPAIR 7097/8722 MGT_014998
DNA_REPAIR 7098/8722 MGT_015259
DNA_REPAIR 7099/8722 MGT_015528
DNA_REPAIR 7100/8722 MGT_015553
DNA_REPAIR 7101/8722 MGT_015734
DNA_REPAIR 7102/8722 MGT_015919
DNA_REPAIR 7103/8722 MGT_015965
DNA_REPAIR 7104/8722 MGT_016032
DNA_REPAIR 7105/8722 MGT_016112
DNA_REPAIR 7106/8722 MGT_016434
DNA_REPAIR 7107/8722 MGT_016534
DNA_REPAIR 7108/8722 MGT_016615
DNA_REPAIR 7109/8722 MGT_001020
DNA_REPAIR 7110/8722 MGT_001720
DNA_REPAIR 7111/8722 MGT_001839
DNA_REPAIR 7112/8722 MGT_004118
DNA_REPAIR 7113/8722 MGT_004192
DNA_REPAIR 7114/8722 MGT_004642
DNA_REPAIR 7115/8722 MGT_005082
DNA_REPAIR 7116/8722 MGT_005141
DNA_REPAIR 7117/8722 MGT_005352
DNA_REPAIR 7118/8722 MGT_005482
DNA_REPAIR 7119/8722 MGT_005683
DNA_REPAIR 7120/8722 MGT_011416
DNA_REPAIR 7121/8722 MGT_011627
DNA_REPAIR 7122/8722 MGT_011653
DNA_REPAIR 7123/8722 MGT_011791
DNA_REPAIR 7124/8722 MGT_011856
DNA_REPAIR 7125/8722 MGT_012066
DNA_REPAIR 7126/8722 MGT_012086
DNA_REPAIR 7127/8722 MGT_012335
DNA_REPAIR 7128/8722 MGT_012409
DNA_REPAIR 7129/8722 MGT_012601
DNA_REPAIR 7130/8722 MGT_012676
DNA_REPAIR 7131/8722 MGT_012797
DNA_REPAIR 7132/8722 MGT_012801
DNA_REPAIR 7133/8722 MGT_012907
DNA_REPAIR 7134/8722 MGT_012947
DNA_REPAIR 7135/8722 MGT_012987
DNA_REPAIR 7136/8722 MGT_013104
DNA_REPAIR 7137/8722 MGT_013119
DNA_REPAIR 7138/8722 MGT_013149
DNA_REPAIR 7139/8722 MGT_013270
DNA_REPAIR 7140/8722 MGT_013762
DNA_REPAIR 7141/8722 MGT_013805
DNA_REPAIR 7142/8722 MGT_013835
DNA_REPAIR 7143/8722 MGT_013986
DNA_REPAIR 7144/8722 MGT_014087
DNA_REPAIR 7145/8722 MGT_014207
DNA_REPAIR 7146/8722 MGT_014233
DNA_REPAIR 7147/8722 MGT_014299
DNA_REPAIR 7148/8722 MGT_014350
DNA_REPAIR 7149/8722 MGT_014635
DNA_REPAIR 7150/8722 MGT_014727
DNA_REPAIR 7151/8722 MGT_015138
DNA_REPAIR 7152/8722 MGT_015273
DNA_REPAIR 7153/8722 MGT_015393
DNA_REPAIR 7154/8722 MGT_016069
DNA_REPAIR 7155/8722 MGT_016349
DNA_REPAIR 7156/8722 MGT_016405
DNA_REPAIR 7157/8722 MGT_016414
DNA_REPAIR 7158/8722 MGT_016418
DNA_REPAIR 7159/8722 MGT_016433
DNA_REPAIR 7160/8722 MGT_013735
DNA_REPAIR 7161/8722 MGT_013890
DNA_REPAIR 7162/8722 MGT_014440
DNA_REPAIR 7163/8722 MGT_013648
DNA_REPAIR 7164/8722 MGT_014371
DNA_REPAIR 7165/8722 MGT_014386
DNA_REPAIR 7166/8722 MGT_015958
DNA_REPAIR 7167/8722 MGT_001039
DNA_REPAIR 7168/8722 MGT_001079
DNA_REPAIR 7169/8722 MGT_001256
DNA_REPAIR 7170/8722 MGT_001269
DNA_REPAIR 7171/8722 MGT_001386
DNA_REPAIR 7172/8722 MGT_001401
DNA_REPAIR 7173/8722 MGT_001581
DNA_REPAIR 7174/8722 MGT_001834
DNA_REPAIR 7175/8722 MGT_003924
DNA_REPAIR 7176/8722 MGT_003934
DNA_REPAIR 7177/8722 MGT_004104
DNA_REPAIR 7178/8722 MGT_004144
DNA_REPAIR 7179/8722 MGT_004199
DNA_REPAIR 7180/8722 MGT_004482
DNA_REPAIR 7181/8722 MGT_004612
DNA_REPAIR 7182/8722 MGT_004634
DNA_REPAIR 7183/8722 MGT_004774
DNA_REPAIR 7184/8722 MGT_004964
DNA_REPAIR 7185/8722 MGT_004968
DNA_REPAIR 7186/8722 MGT_005004
DNA_REPAIR 7187/8722 MGT_005152
DNA_REPAIR 7188/8722 MGT_005159
DNA_REPAIR 7189/8722 MGT_005189
DNA_REPAIR 7190/8722 MGT_005342
DNA_REPAIR 7191/8722 MGT_005587
DNA_REPAIR 7192/8722 MGT_005594
DNA_REPAIR 7193/8722 MGT_005729
DNA_REPAIR 7194/8722 MGT_005762
DNA_REPAIR 7195/8722 MGT_011352
DNA_REPAIR 7196/8722 MGT_011366
DNA_REPAIR 7197/8722 MGT_011407
DNA_REPAIR 7198/8722 MGT_011698
DNA_REPAIR 7199/8722 MGT_011728
DNA_REPAIR 7200/8722 MGT_011758
DNA_REPAIR 7201/8722 MGT_011778
DNA_REPAIR 7202/8722 MGT_011833
DNA_REPAIR 7203/8722 MGT_011837
DNA_REPAIR 7204/8722 MGT_011923
DNA_REPAIR 7205/8722 MGT_011958
DNA_REPAIR 7206/8722 MGT_011973
DNA_REPAIR 7207/8722 MGT_012023
DNA_REPAIR 7208/8722 MGT_012033
DNA_REPAIR 7209/8722 MGT_012048
DNA_REPAIR 7210/8722 MGT_012088
DNA_REPAIR 7211/8722 MGT_012151
DNA_REPAIR 7212/8722 MGT_012181
DNA_REPAIR 7213/8722 MGT_012311
DNA_REPAIR 7214/8722 MGT_012351
DNA_REPAIR 7215/8722 MGT_012354
DNA_REPAIR 7216/8722 MGT_012421
DNA_REPAIR 7217/8722 MGT_012468
DNA_REPAIR 7218/8722 MGT_012573
DNA_REPAIR 7219/8722 MGT_012707
DNA_REPAIR 7220/8722 MGT_012722
DNA_REPAIR 7221/8722 MGT_012788
DNA_REPAIR 7222/8722 MGT_012808
DNA_REPAIR 7223/8722 MGT_012823
DNA_REPAIR 7224/8722 MGT_012853
DNA_REPAIR 7225/8722 MGT_012984
DNA_REPAIR 7226/8722 MGT_012999
DNA_REPAIR 7227/8722 MGT_013004
DNA_REPAIR 7228/8722 MGT_013009
DNA_REPAIR 7229/8722 MGT_013050
DNA_REPAIR 7230/8722 MGT_013074
DNA_REPAIR 7231/8722 MGT_013086
DNA_REPAIR 7232/8722 MGT_013096
DNA_REPAIR 7233/8722 MGT_013109
DNA_REPAIR 7234/8722 MGT_013176
DNA_REPAIR 7235/8722 MGT_013257
DNA_REPAIR 7236/8722 MGT_013317
DNA_REPAIR 7237/8722 MGT_013327
DNA_REPAIR 7238/8722 MGT_013455
DNA_REPAIR 7239/8722 MGT_013485
DNA_REPAIR 7240/8722 MGT_013581
DNA_REPAIR 7241/8722 MGT_013591
DNA_REPAIR 7242/8722 MGT_013624
DNA_REPAIR 7243/8722 MGT_013629
DNA_REPAIR 7244/8722 MGT_013751
DNA_REPAIR 7245/8722 MGT_013752
DNA_REPAIR 7246/8722 MGT_013797
DNA_REPAIR 7247/8722 MGT_013807
DNA_REPAIR 7248/8722 MGT_013817
DNA_REPAIR 7249/8722 MGT_013902
DNA_REPAIR 7250/8722 MGT_013917
DNA_REPAIR 7251/8722 MGT_013987
DNA_REPAIR 7252/8722 MGT_014007
DNA_REPAIR 7253/8722 MGT_014035
DNA_REPAIR 7254/8722 MGT_014057
DNA_REPAIR 7255/8722 MGT_014102
DNA_REPAIR 7256/8722 MGT_014109
DNA_REPAIR 7257/8722 MGT_014119
DNA_REPAIR 7258/8722 MGT_014144
DNA_REPAIR 7259/8722 MGT_014204
DNA_REPAIR 7260/8722 MGT_014275
DNA_REPAIR 7261/8722 MGT_014346
DNA_REPAIR 7262/8722 MGT_014366
DNA_REPAIR 7263/8722 MGT_014406
DNA_REPAIR 7264/8722 MGT_014439
DNA_REPAIR 7265/8722 MGT_014476
DNA_REPAIR 7266/8722 MGT_014484
DNA_REPAIR 7267/8722 MGT_014511
DNA_REPAIR 7268/8722 MGT_014512
DNA_REPAIR 7269/8722 MGT_014540
DNA_REPAIR 7270/8722 MGT_014547
DNA_REPAIR 7271/8722 MGT_014552
DNA_REPAIR 7272/8722 MGT_014586
DNA_REPAIR 7273/8722 MGT_014653
DNA_REPAIR 7274/8722 MGT_014693
DNA_REPAIR 7275/8722 MGT_014718
DNA_REPAIR 7276/8722 MGT_014728
DNA_REPAIR 7277/8722 MGT_014733
DNA_REPAIR 7278/8722 MGT_014783
DNA_REPAIR 7279/8722 MGT_014813
DNA_REPAIR 7280/8722 MGT_014881
DNA_REPAIR 7281/8722 MGT_014934
DNA_REPAIR 7282/8722 MGT_014959
DNA_REPAIR 7283/8722 MGT_015037
DNA_REPAIR 7284/8722 MGT_015048
DNA_REPAIR 7285/8722 MGT_015089
DNA_REPAIR 7286/8722 MGT_015129
DNA_REPAIR 7287/8722 MGT_015189
DNA_REPAIR 7288/8722 MGT_015214
DNA_REPAIR 7289/8722 MGT_015305
DNA_REPAIR 7290/8722 MGT_015675
DNA_REPAIR 7291/8722 MGT_015678
DNA_REPAIR 7292/8722 MGT_015905
DNA_REPAIR 7293/8722 MGT_015935
DNA_REPAIR 7294/8722 MGT_016008
DNA_REPAIR 7295/8722 MGT_016050
DNA_REPAIR 7296/8722 MGT_016070
DNA_REPAIR 7297/8722 MGT_016100
DNA_REPAIR 7298/8722 MGT_016343
DNA_REPAIR 7299/8722 MGT_016380
DNA_REPAIR 7300/8722 MGT_016390
DNA_REPAIR 7301/8722 MGT_016395
DNA_REPAIR 7302/8722 MGT_016460
DNA_REPAIR 7303/8722 MGT_016510
DNA_REPAIR 7304/8722 MGT_016585
DNA_REPAIR 7305/8722 MGT_001019
DNA_REPAIR 7306/8722 MGT_012876
DNA_REPAIR 7307/8722 MGT_001970
DNA_REPAIR 7308/8722 MGT_005617
DNA_REPAIR 7309/8722 MGT_011425
DNA_REPAIR 7310/8722 MGT_011703
DNA_REPAIR 7311/8722 MGT_004784
DNA_REPAIR 7312/8722 MGT_011392
DNA_REPAIR 7313/8722 MGT_012427
DNA_REPAIR 7314/8722 MGT_012513
DNA_REPAIR 7315/8722 MGT_012627
DNA_REPAIR 7316/8722 MGT_012933
DNA_REPAIR 7317/8722 MGT_013586
DNA_REPAIR 7318/8722 MGT_013967
DNA_REPAIR 7319/8722 MGT_014073
DNA_REPAIR 7320/8722 MGT_014391
DNA_REPAIR 7321/8722 MGT_014828
DNA_REPAIR 7322/8722 MGT_004771
DNA_REPAIR 7323/8722 MGT_005719
DNA_REPAIR 7324/8722 MGT_012251
DNA_REPAIR 7325/8722 MGT_012285
DNA_REPAIR 7326/8722 MGT_012553
DNA_REPAIR 7327/8722 MGT_012871
DNA_REPAIR 7328/8722 MGT_013297
DNA_REPAIR 7329/8722 MGT_013576
DNA_REPAIR 7330/8722 MGT_014944
DNA_REPAIR 7331/8722 MGT_016033
DNA_REPAIR 7332/8722 MGT_016498
DNA_REPAIR 7333/8722 MGT_011546
DNA_REPAIR 7334/8722 MGT_011782
DNA_REPAIR 7335/8722 MGT_012296
DNA_REPAIR 7336/8722 MGT_013106
DNA_REPAIR 7337/8722 MGT_001138
DNA_REPAIR 7338/8722 MGT_001239
DNA_REPAIR 7339/8722 MGT_001494
DNA_REPAIR 7340/8722 MGT_001743
DNA_REPAIR 7341/8722 MGT_004026
DNA_REPAIR 7342/8722 MGT_004708
DNA_REPAIR 7343/8722 MGT_005163
DNA_REPAIR 7344/8722 MGT_005202
DNA_REPAIR 7345/8722 MGT_005551
DNA_REPAIR 7346/8722 MGT_005583
DNA_REPAIR 7347/8722 MGT_011446
DNA_REPAIR 7348/8722 MGT_011457
DNA_REPAIR 7349/8722 MGT_011530
DNA_REPAIR 7350/8722 MGT_011847
DNA_REPAIR 7351/8722 MGT_011932
DNA_REPAIR 7352/8722 MGT_011946
DNA_REPAIR 7353/8722 MGT_012018
DNA_REPAIR 7354/8722 MGT_012087
DNA_REPAIR 7355/8722 MGT_012385
DNA_REPAIR 7356/8722 MGT_012441
DNA_REPAIR 7357/8722 MGT_012548
DNA_REPAIR 7358/8722 MGT_012557
DNA_REPAIR 7359/8722 MGT_012567
DNA_REPAIR 7360/8722 MGT_012800
DNA_REPAIR 7361/8722 MGT_012832
DNA_REPAIR 7362/8722 MGT_012994
DNA_REPAIR 7363/8722 MGT_013130
DNA_REPAIR 7364/8722 MGT_013242
DNA_REPAIR 7365/8722 MGT_013331
DNA_REPAIR 7366/8722 MGT_013406
DNA_REPAIR 7367/8722 MGT_013585
DNA_REPAIR 7368/8722 MGT_013720
DNA_REPAIR 7369/8722 MGT_013806
DNA_REPAIR 7370/8722 MGT_013819
DNA_REPAIR 7371/8722 MGT_013851
DNA_REPAIR 7372/8722 MGT_013919
DNA_REPAIR 7373/8722 MGT_014079
DNA_REPAIR 7374/8722 MGT_014113
DNA_REPAIR 7375/8722 MGT_014381
DNA_REPAIR 7376/8722 MGT_014410
DNA_REPAIR 7377/8722 MGT_014488
DNA_REPAIR 7378/8722 MGT_014491
DNA_REPAIR 7379/8722 MGT_014600
DNA_REPAIR 7380/8722 MGT_014672
DNA_REPAIR 7381/8722 MGT_014892
DNA_REPAIR 7382/8722 MGT_014988
DNA_REPAIR 7383/8722 MGT_015143
DNA_REPAIR 7384/8722 MGT_016034
DNA_REPAIR 7385/8722 MGT_016443
DNA_REPAIR 7386/8722 MGT_016444
DNA_REPAIR 7387/8722 MGT_016465
DNA_REPAIR 7388/8722 MGT_016494
DNA_REPAIR 7389/8722 MGT_016502
DNA_REPAIR 7390/8722 MGT_016539
DNA_REPAIR 7391/8722 MGT_004249
DNA_REPAIR 7392/8722 MGT_004954
DNA_REPAIR 7393/8722 MGT_004959
DNA_REPAIR 7394/8722 MGT_005207
DNA_REPAIR 7395/8722 MGT_005294
DNA_REPAIR 7396/8722 MGT_011357
DNA_REPAIR 7397/8722 MGT_011387
DNA_REPAIR 7398/8722 MGT_011427
DNA_REPAIR 7399/8722 MGT_011435
DNA_REPAIR 7400/8722 MGT_011522
DNA_REPAIR 7401/8722 MGT_011666
DNA_REPAIR 7402/8722 MGT_011688
DNA_REPAIR 7403/8722 MGT_011713
DNA_REPAIR 7404/8722 MGT_011803
DNA_REPAIR 7405/8722 MGT_011918
DNA_REPAIR 7406/8722 MGT_011948
DNA_REPAIR 7407/8722 MGT_012008
DNA_REPAIR 7408/8722 MGT_012061
DNA_REPAIR 7409/8722 MGT_012453
DNA_REPAIR 7410/8722 MGT_012902
DNA_REPAIR 7411/8722 MGT_012948
DNA_REPAIR 7412/8722 MGT_013267
DNA_REPAIR 7413/8722 MGT_013852
DNA_REPAIR 7414/8722 MGT_014084
DNA_REPAIR 7415/8722 MGT_014129
DNA_REPAIR 7416/8722 MGT_014768
DNA_REPAIR 7417/8722 MGT_014808
DNA_REPAIR 7418/8722 MGT_015159
DNA_REPAIR 7419/8722 MGT_015910
DNA_REPAIR 7420/8722 MGT_015960
DNA_REPAIR 7421/8722 MGT_016080
DNA_REPAIR 7422/8722 MGT_016090
DNA_REPAIR 7423/8722 MGT_016440
DNA_REPAIR 7424/8722 MGT_016485
DNA_REPAIR 7425/8722 MGT_016500
DNA_REPAIR 7426/8722 MGT_001058
DNA_REPAIR 7427/8722 MGT_001730
DNA_REPAIR 7428/8722 MGT_004087
DNA_REPAIR 7429/8722 MGT_004097
DNA_REPAIR 7430/8722 MGT_004197
DNA_REPAIR 7431/8722 MGT_004337
DNA_REPAIR 7432/8722 MGT_004427
DNA_REPAIR 7433/8722 MGT_004941
DNA_REPAIR 7434/8722 MGT_005083
DNA_REPAIR 7435/8722 MGT_005717
DNA_REPAIR 7436/8722 MGT_011360
DNA_REPAIR 7437/8722 MGT_011414
DNA_REPAIR 7438/8722 MGT_011480
DNA_REPAIR 7439/8722 MGT_011631
DNA_REPAIR 7440/8722 MGT_011692
DNA_REPAIR 7441/8722 MGT_011736
DNA_REPAIR 7442/8722 MGT_011982
DNA_REPAIR 7443/8722 MGT_012275
DNA_REPAIR 7444/8722 MGT_012295
DNA_REPAIR 7445/8722 MGT_012380
DNA_REPAIR 7446/8722 MGT_012537
DNA_REPAIR 7447/8722 MGT_012813
DNA_REPAIR 7448/8722 MGT_013024
DNA_REPAIR 7449/8722 MGT_013029
DNA_REPAIR 7450/8722 MGT_013054
DNA_REPAIR 7451/8722 MGT_013085
DNA_REPAIR 7452/8722 MGT_013089
DNA_REPAIR 7453/8722 MGT_013196
DNA_REPAIR 7454/8722 MGT_013219
DNA_REPAIR 7455/8722 MGT_013221
DNA_REPAIR 7456/8722 MGT_013266
DNA_REPAIR 7457/8722 MGT_013321
DNA_REPAIR 7458/8722 MGT_013396
DNA_REPAIR 7459/8722 MGT_013717
DNA_REPAIR 7460/8722 MGT_013912
DNA_REPAIR 7461/8722 MGT_014025
DNA_REPAIR 7462/8722 MGT_014026
DNA_REPAIR 7463/8722 MGT_014042
DNA_REPAIR 7464/8722 MGT_014101
DNA_REPAIR 7465/8722 MGT_014128
DNA_REPAIR 7466/8722 MGT_014173
DNA_REPAIR 7467/8722 MGT_014420
DNA_REPAIR 7468/8722 MGT_014602
DNA_REPAIR 7469/8722 MGT_014752
DNA_REPAIR 7470/8722 MGT_014953
DNA_REPAIR 7471/8722 MGT_015023
DNA_REPAIR 7472/8722 MGT_015094
DNA_REPAIR 7473/8722 MGT_015123
DNA_REPAIR 7474/8722 MGT_015304
DNA_REPAIR 7475/8722 MGT_015989
DNA_REPAIR 7476/8722 MGT_016409
DNA_REPAIR 7477/8722 MGT_016448
DNA_REPAIR 7478/8722 MGT_016455
DNA_REPAIR 7479/8722 MGT_013842
DNA_REPAIR 7480/8722 MGT_000994
DNA_REPAIR 7481/8722 MGT_001004
DNA_REPAIR 7482/8722 MGT_001009
DNA_REPAIR 7483/8722 MGT_001044
DNA_REPAIR 7484/8722 MGT_001080
DNA_REPAIR 7485/8722 MGT_001089
DNA_REPAIR 7486/8722 MGT_001094
DNA_REPAIR 7487/8722 MGT_001099
DNA_REPAIR 7488/8722 MGT_001104
DNA_REPAIR 7489/8722 MGT_001105
DNA_REPAIR 7490/8722 MGT_001109
DNA_REPAIR 7491/8722 MGT_001150
DNA_REPAIR 7492/8722 MGT_001154
DNA_REPAIR 7493/8722 MGT_001165
DNA_REPAIR 7494/8722 MGT_001179
DNA_REPAIR 7495/8722 MGT_001189
DNA_REPAIR 7496/8722 MGT_001204
DNA_REPAIR 7497/8722 MGT_001229
DNA_REPAIR 7498/8722 MGT_001240
DNA_REPAIR 7499/8722 MGT_001243
DNA_REPAIR 7500/8722 MGT_001249
DNA_REPAIR 7501/8722 MGT_001260
DNA_REPAIR 7502/8722 MGT_001265
DNA_REPAIR 7503/8722 MGT_001274
DNA_REPAIR 7504/8722 MGT_001280
DNA_REPAIR 7505/8722 MGT_001284
DNA_REPAIR 7506/8722 MGT_001294
DNA_REPAIR 7507/8722 MGT_001324
DNA_REPAIR 7508/8722 MGT_001345
DNA_REPAIR 7509/8722 MGT_001364
DNA_REPAIR 7510/8722 MGT_001369
DNA_REPAIR 7511/8722 MGT_001424
DNA_REPAIR 7512/8722 MGT_001435
DNA_REPAIR 7513/8722 MGT_001439
DNA_REPAIR 7514/8722 MGT_001444
DNA_REPAIR 7515/8722 MGT_001464
DNA_REPAIR 7516/8722 MGT_001489
DNA_REPAIR 7517/8722 MGT_001500
DNA_REPAIR 7518/8722 MGT_001504
DNA_REPAIR 7519/8722 MGT_001510
DNA_REPAIR 7520/8722 MGT_001519
DNA_REPAIR 7521/8722 MGT_001549
DNA_REPAIR 7522/8722 MGT_001574
DNA_REPAIR 7523/8722 MGT_001644
DNA_REPAIR 7524/8722 MGT_001650
DNA_REPAIR 7525/8722 MGT_001664
DNA_REPAIR 7526/8722 MGT_001665
DNA_REPAIR 7527/8722 MGT_001684
DNA_REPAIR 7528/8722 MGT_001694
DNA_REPAIR 7529/8722 MGT_001699
DNA_REPAIR 7530/8722 MGT_001700
DNA_REPAIR 7531/8722 MGT_001704
DNA_REPAIR 7532/8722 MGT_001729
DNA_REPAIR 7533/8722 MGT_001744
DNA_REPAIR 7534/8722 MGT_001770
DNA_REPAIR 7535/8722 MGT_001784
DNA_REPAIR 7536/8722 MGT_001785
DNA_REPAIR 7537/8722 MGT_001804
DNA_REPAIR 7538/8722 MGT_001819
DNA_REPAIR 7539/8722 MGT_001825
DNA_REPAIR 7540/8722 MGT_001829
DNA_REPAIR 7541/8722 MGT_001865
DNA_REPAIR 7542/8722 MGT_001899
DNA_REPAIR 7543/8722 MGT_001929
DNA_REPAIR 7544/8722 MGT_001934
DNA_REPAIR 7545/8722 MGT_001939
DNA_REPAIR 7546/8722 MGT_001944
DNA_REPAIR 7547/8722 MGT_001954
DNA_REPAIR 7548/8722 MGT_001964
DNA_REPAIR 7549/8722 MGT_001969
DNA_REPAIR 7550/8722 MGT_003871
DNA_REPAIR 7551/8722 MGT_003881
DNA_REPAIR 7552/8722 MGT_003882
DNA_REPAIR 7553/8722 MGT_003883
DNA_REPAIR 7554/8722 MGT_003892
DNA_REPAIR 7555/8722 MGT_003902
DNA_REPAIR 7556/8722 MGT_003907
DNA_REPAIR 7557/8722 MGT_003912
DNA_REPAIR 7558/8722 MGT_003931
DNA_REPAIR 7559/8722 MGT_003932
DNA_REPAIR 7560/8722 MGT_003933
DNA_REPAIR 7561/8722 MGT_003947
DNA_REPAIR 7562/8722 MGT_003948
DNA_REPAIR 7563/8722 MGT_003962
DNA_REPAIR 7564/8722 MGT_003982
DNA_REPAIR 7565/8722 MGT_003993
DNA_REPAIR 7566/8722 MGT_003999
DNA_REPAIR 7567/8722 MGT_004007
DNA_REPAIR 7568/8722 MGT_004011
DNA_REPAIR 7569/8722 MGT_004012
DNA_REPAIR 7570/8722 MGT_004032
DNA_REPAIR 7571/8722 MGT_004033
DNA_REPAIR 7572/8722 MGT_004057
DNA_REPAIR 7573/8722 MGT_004082
DNA_REPAIR 7574/8722 MGT_004083
DNA_REPAIR 7575/8722 MGT_004102
DNA_REPAIR 7576/8722 MGT_004113
DNA_REPAIR 7577/8722 MGT_004123
DNA_REPAIR 7578/8722 MGT_004127
DNA_REPAIR 7579/8722 MGT_004128
DNA_REPAIR 7580/8722 MGT_004143
DNA_REPAIR 7581/8722 MGT_004157
DNA_REPAIR 7582/8722 MGT_004182
DNA_REPAIR 7583/8722 MGT_004198
DNA_REPAIR 7584/8722 MGT_004202
DNA_REPAIR 7585/8722 MGT_004203
DNA_REPAIR 7586/8722 MGT_004222
DNA_REPAIR 7587/8722 MGT_004243
DNA_REPAIR 7588/8722 MGT_004246
DNA_REPAIR 7589/8722 MGT_004247
DNA_REPAIR 7590/8722 MGT_004248
DNA_REPAIR 7591/8722 MGT_004253
DNA_REPAIR 7592/8722 MGT_004262
DNA_REPAIR 7593/8722 MGT_004267
DNA_REPAIR 7594/8722 MGT_004273
DNA_REPAIR 7595/8722 MGT_004282
DNA_REPAIR 7596/8722 MGT_004297
DNA_REPAIR 7597/8722 MGT_004317
DNA_REPAIR 7598/8722 MGT_004352
DNA_REPAIR 7599/8722 MGT_004367
DNA_REPAIR 7600/8722 MGT_004417
DNA_REPAIR 7601/8722 MGT_004422
DNA_REPAIR 7602/8722 MGT_004443
DNA_REPAIR 7603/8722 MGT_004492
DNA_REPAIR 7604/8722 MGT_004527
DNA_REPAIR 7605/8722 MGT_004530
DNA_REPAIR 7606/8722 MGT_004542
DNA_REPAIR 7607/8722 MGT_004543
DNA_REPAIR 7608/8722 MGT_004544
DNA_REPAIR 7609/8722 MGT_004587
DNA_REPAIR 7610/8722 MGT_004592
DNA_REPAIR 7611/8722 MGT_004593
DNA_REPAIR 7612/8722 MGT_004607
DNA_REPAIR 7613/8722 MGT_004608
DNA_REPAIR 7614/8722 MGT_004611
DNA_REPAIR 7615/8722 MGT_004617
DNA_REPAIR 7616/8722 MGT_004698
DNA_REPAIR 7617/8722 MGT_004707
DNA_REPAIR 7618/8722 MGT_004722
DNA_REPAIR 7619/8722 MGT_004747
DNA_REPAIR 7620/8722 MGT_004752
DNA_REPAIR 7621/8722 MGT_004753
DNA_REPAIR 7622/8722 MGT_004762
DNA_REPAIR 7623/8722 MGT_004773
DNA_REPAIR 7624/8722 MGT_004777
DNA_REPAIR 7625/8722 MGT_004812
DNA_REPAIR 7626/8722 MGT_004832
DNA_REPAIR 7627/8722 MGT_004837
DNA_REPAIR 7628/8722 MGT_004867
DNA_REPAIR 7629/8722 MGT_004878
DNA_REPAIR 7630/8722 MGT_004897
DNA_REPAIR 7631/8722 MGT_004902
DNA_REPAIR 7632/8722 MGT_004903
DNA_REPAIR 7633/8722 MGT_004907
DNA_REPAIR 7634/8722 MGT_004927
DNA_REPAIR 7635/8722 MGT_004928
DNA_REPAIR 7636/8722 MGT_004948
DNA_REPAIR 7637/8722 MGT_004951
DNA_REPAIR 7638/8722 MGT_004953
DNA_REPAIR 7639/8722 MGT_004957
DNA_REPAIR 7640/8722 MGT_004958
DNA_REPAIR 7641/8722 MGT_004962
DNA_REPAIR 7642/8722 MGT_004963
DNA_REPAIR 7643/8722 MGT_004966
DNA_REPAIR 7644/8722 MGT_004967
DNA_REPAIR 7645/8722 MGT_004972
DNA_REPAIR 7646/8722 MGT_004992
DNA_REPAIR 7647/8722 MGT_004993
DNA_REPAIR 7648/8722 MGT_004998
DNA_REPAIR 7649/8722 MGT_005012
DNA_REPAIR 7650/8722 MGT_005013
DNA_REPAIR 7651/8722 MGT_005023
DNA_REPAIR 7652/8722 MGT_005033
DNA_REPAIR 7653/8722 MGT_005037
DNA_REPAIR 7654/8722 MGT_005042
DNA_REPAIR 7655/8722 MGT_005047
DNA_REPAIR 7656/8722 MGT_005057
DNA_REPAIR 7657/8722 MGT_005063
DNA_REPAIR 7658/8722 MGT_005077
DNA_REPAIR 7659/8722 MGT_005087
DNA_REPAIR 7660/8722 MGT_005097
DNA_REPAIR 7661/8722 MGT_005114
DNA_REPAIR 7662/8722 MGT_005123
DNA_REPAIR 7663/8722 MGT_005142
DNA_REPAIR 7664/8722 MGT_005154
DNA_REPAIR 7665/8722 MGT_005156
DNA_REPAIR 7666/8722 MGT_005157
DNA_REPAIR 7667/8722 MGT_005161
DNA_REPAIR 7668/8722 MGT_005168
DNA_REPAIR 7669/8722 MGT_005192
DNA_REPAIR 7670/8722 MGT_005197
DNA_REPAIR 7671/8722 MGT_005222
DNA_REPAIR 7672/8722 MGT_005232
DNA_REPAIR 7673/8722 MGT_005257
DNA_REPAIR 7674/8722 MGT_005262
DNA_REPAIR 7675/8722 MGT_005272
DNA_REPAIR 7676/8722 MGT_005273
DNA_REPAIR 7677/8722 MGT_005281
DNA_REPAIR 7678/8722 MGT_005287
DNA_REPAIR 7679/8722 MGT_005293
DNA_REPAIR 7680/8722 MGT_005297
DNA_REPAIR 7681/8722 MGT_005298
DNA_REPAIR 7682/8722 MGT_005303
DNA_REPAIR 7683/8722 MGT_005312
DNA_REPAIR 7684/8722 MGT_005317
DNA_REPAIR 7685/8722 MGT_005361
DNA_REPAIR 7686/8722 MGT_005363
DNA_REPAIR 7687/8722 MGT_005367
DNA_REPAIR 7688/8722 MGT_005397
DNA_REPAIR 7689/8722 MGT_005403
DNA_REPAIR 7690/8722 MGT_005412
DNA_REPAIR 7691/8722 MGT_005417
DNA_REPAIR 7692/8722 MGT_005432
DNA_REPAIR 7693/8722 MGT_005453
DNA_REPAIR 7694/8722 MGT_005457
DNA_REPAIR 7695/8722 MGT_005462
DNA_REPAIR 7696/8722 MGT_005467
DNA_REPAIR 7697/8722 MGT_005471
DNA_REPAIR 7698/8722 MGT_005473
DNA_REPAIR 7699/8722 MGT_005477
DNA_REPAIR 7700/8722 MGT_005497
DNA_REPAIR 7701/8722 MGT_005502
DNA_REPAIR 7702/8722 MGT_005506
DNA_REPAIR 7703/8722 MGT_005512
DNA_REPAIR 7704/8722 MGT_005513
DNA_REPAIR 7705/8722 MGT_005514
DNA_REPAIR 7706/8722 MGT_005517
DNA_REPAIR 7707/8722 MGT_005518
DNA_REPAIR 7708/8722 MGT_005519
DNA_REPAIR 7709/8722 MGT_005547
DNA_REPAIR 7710/8722 MGT_005562
DNA_REPAIR 7711/8722 MGT_005572
DNA_REPAIR 7712/8722 MGT_005577
DNA_REPAIR 7713/8722 MGT_005588
DNA_REPAIR 7714/8722 MGT_005591
DNA_REPAIR 7715/8722 MGT_005592
DNA_REPAIR 7716/8722 MGT_005593
DNA_REPAIR 7717/8722 MGT_005602
DNA_REPAIR 7718/8722 MGT_005607
DNA_REPAIR 7719/8722 MGT_005621
DNA_REPAIR 7720/8722 MGT_005643
DNA_REPAIR 7721/8722 MGT_005647
DNA_REPAIR 7722/8722 MGT_005657
DNA_REPAIR 7723/8722 MGT_005661
DNA_REPAIR 7724/8722 MGT_005662
DNA_REPAIR 7725/8722 MGT_005663
DNA_REPAIR 7726/8722 MGT_005667
DNA_REPAIR 7727/8722 MGT_005672
DNA_REPAIR 7728/8722 MGT_005673
DNA_REPAIR 7729/8722 MGT_005678
DNA_REPAIR 7730/8722 MGT_005688
DNA_REPAIR 7731/8722 MGT_005702
DNA_REPAIR 7732/8722 MGT_005722
DNA_REPAIR 7733/8722 MGT_005728
DNA_REPAIR 7734/8722 MGT_005731
DNA_REPAIR 7735/8722 MGT_005743
DNA_REPAIR 7736/8722 MGT_005753
DNA_REPAIR 7737/8722 MGT_005763
DNA_REPAIR 7738/8722 MGT_005768
DNA_REPAIR 7739/8722 MGT_005777
DNA_REPAIR 7740/8722 MGT_011346
DNA_REPAIR 7741/8722 MGT_011350
DNA_REPAIR 7742/8722 MGT_011361
DNA_REPAIR 7743/8722 MGT_011370
DNA_REPAIR 7744/8722 MGT_011371
DNA_REPAIR 7745/8722 MGT_011380
DNA_REPAIR 7746/8722 MGT_011386
DNA_REPAIR 7747/8722 MGT_011395
DNA_REPAIR 7748/8722 MGT_011400
DNA_REPAIR 7749/8722 MGT_011401
DNA_REPAIR 7750/8722 MGT_011404
DNA_REPAIR 7751/8722 MGT_011405
DNA_REPAIR 7752/8722 MGT_011411
DNA_REPAIR 7753/8722 MGT_011420
DNA_REPAIR 7754/8722 MGT_011421
DNA_REPAIR 7755/8722 MGT_011436
DNA_REPAIR 7756/8722 MGT_011441
DNA_REPAIR 7757/8722 MGT_011450
DNA_REPAIR 7758/8722 MGT_011455
DNA_REPAIR 7759/8722 MGT_011456
DNA_REPAIR 7760/8722 MGT_011461
DNA_REPAIR 7761/8722 MGT_011464
DNA_REPAIR 7762/8722 MGT_011465
DNA_REPAIR 7763/8722 MGT_011481
DNA_REPAIR 7764/8722 MGT_011485
DNA_REPAIR 7765/8722 MGT_011487
DNA_REPAIR 7766/8722 MGT_011490
DNA_REPAIR 7767/8722 MGT_011491
DNA_REPAIR 7768/8722 MGT_011495
DNA_REPAIR 7769/8722 MGT_011496
DNA_REPAIR 7770/8722 MGT_011497
DNA_REPAIR 7771/8722 MGT_011506
DNA_REPAIR 7772/8722 MGT_011510
DNA_REPAIR 7773/8722 MGT_011511
DNA_REPAIR 7774/8722 MGT_011516
DNA_REPAIR 7775/8722 MGT_011521
DNA_REPAIR 7776/8722 MGT_011525
DNA_REPAIR 7777/8722 MGT_011531
DNA_REPAIR 7778/8722 MGT_011535
DNA_REPAIR 7779/8722 MGT_011539
DNA_REPAIR 7780/8722 MGT_011541
DNA_REPAIR 7781/8722 MGT_011550
DNA_REPAIR 7782/8722 MGT_011551
DNA_REPAIR 7783/8722 MGT_011566
DNA_REPAIR 7784/8722 MGT_011571
DNA_REPAIR 7785/8722 MGT_011575
DNA_REPAIR 7786/8722 MGT_011576
DNA_REPAIR 7787/8722 MGT_011577
DNA_REPAIR 7788/8722 MGT_011585
DNA_REPAIR 7789/8722 MGT_011595
DNA_REPAIR 7790/8722 MGT_011599
DNA_REPAIR 7791/8722 MGT_011600
DNA_REPAIR 7792/8722 MGT_011602
DNA_REPAIR 7793/8722 MGT_011606
DNA_REPAIR 7794/8722 MGT_011610
DNA_REPAIR 7795/8722 MGT_011611
DNA_REPAIR 7796/8722 MGT_011612
DNA_REPAIR 7797/8722 MGT_011617
DNA_REPAIR 7798/8722 MGT_011618
DNA_REPAIR 7799/8722 MGT_011622
DNA_REPAIR 7800/8722 MGT_011626
DNA_REPAIR 7801/8722 MGT_011632
DNA_REPAIR 7802/8722 MGT_011637
DNA_REPAIR 7803/8722 MGT_011640
DNA_REPAIR 7804/8722 MGT_011642
DNA_REPAIR 7805/8722 MGT_011643
DNA_REPAIR 7806/8722 MGT_011651
DNA_REPAIR 7807/8722 MGT_011657
DNA_REPAIR 7808/8722 MGT_011662
DNA_REPAIR 7809/8722 MGT_011667
DNA_REPAIR 7810/8722 MGT_011672
DNA_REPAIR 7811/8722 MGT_011677
DNA_REPAIR 7812/8722 MGT_011686
DNA_REPAIR 7813/8722 MGT_011691
DNA_REPAIR 7814/8722 MGT_011697
DNA_REPAIR 7815/8722 MGT_011705
DNA_REPAIR 7816/8722 MGT_011707
DNA_REPAIR 7817/8722 MGT_011711
DNA_REPAIR 7818/8722 MGT_011716
DNA_REPAIR 7819/8722 MGT_011717
DNA_REPAIR 7820/8722 MGT_011722
DNA_REPAIR 7821/8722 MGT_011726
DNA_REPAIR 7822/8722 MGT_011735
DNA_REPAIR 7823/8722 MGT_011737
DNA_REPAIR 7824/8722 MGT_011751
DNA_REPAIR 7825/8722 MGT_011752
DNA_REPAIR 7826/8722 MGT_011757
DNA_REPAIR 7827/8722 MGT_011761
DNA_REPAIR 7828/8722 MGT_011762
DNA_REPAIR 7829/8722 MGT_011767
DNA_REPAIR 7830/8722 MGT_011776
DNA_REPAIR 7831/8722 MGT_011777
DNA_REPAIR 7832/8722 MGT_011787
DNA_REPAIR 7833/8722 MGT_011802
DNA_REPAIR 7834/8722 MGT_011807
DNA_REPAIR 7835/8722 MGT_011812
DNA_REPAIR 7836/8722 MGT_011816
DNA_REPAIR 7837/8722 MGT_011826
DNA_REPAIR 7838/8722 MGT_011827
DNA_REPAIR 7839/8722 MGT_011832
DNA_REPAIR 7840/8722 MGT_011840
DNA_REPAIR 7841/8722 MGT_011841
DNA_REPAIR 7842/8722 MGT_011846
DNA_REPAIR 7843/8722 MGT_011851
DNA_REPAIR 7844/8722 MGT_011852
DNA_REPAIR 7845/8722 MGT_011857
DNA_REPAIR 7846/8722 MGT_011866
DNA_REPAIR 7847/8722 MGT_011871
DNA_REPAIR 7848/8722 MGT_011877
DNA_REPAIR 7849/8722 MGT_011881
DNA_REPAIR 7850/8722 MGT_011882
DNA_REPAIR 7851/8722 MGT_011896
DNA_REPAIR 7852/8722 MGT_011898
DNA_REPAIR 7853/8722 MGT_011901
DNA_REPAIR 7854/8722 MGT_011902
DNA_REPAIR 7855/8722 MGT_011912
DNA_REPAIR 7856/8722 MGT_011917
DNA_REPAIR 7857/8722 MGT_011921
DNA_REPAIR 7858/8722 MGT_011930
DNA_REPAIR 7859/8722 MGT_011967
DNA_REPAIR 7860/8722 MGT_011971
DNA_REPAIR 7861/8722 MGT_011986
DNA_REPAIR 7862/8722 MGT_011987
DNA_REPAIR 7863/8722 MGT_011991
DNA_REPAIR 7864/8722 MGT_012002
DNA_REPAIR 7865/8722 MGT_012006
DNA_REPAIR 7866/8722 MGT_012007
DNA_REPAIR 7867/8722 MGT_012010
DNA_REPAIR 7868/8722 MGT_012017
DNA_REPAIR 7869/8722 MGT_012021
DNA_REPAIR 7870/8722 MGT_012036
DNA_REPAIR 7871/8722 MGT_012037
DNA_REPAIR 7872/8722 MGT_012042
DNA_REPAIR 7873/8722 MGT_012046
DNA_REPAIR 7874/8722 MGT_012052
DNA_REPAIR 7875/8722 MGT_012057
DNA_REPAIR 7876/8722 MGT_012062
DNA_REPAIR 7877/8722 MGT_012067
DNA_REPAIR 7878/8722 MGT_012076
DNA_REPAIR 7879/8722 MGT_012082
DNA_REPAIR 7880/8722 MGT_012091
DNA_REPAIR 7881/8722 MGT_012095
DNA_REPAIR 7882/8722 MGT_012096
DNA_REPAIR 7883/8722 MGT_012097
DNA_REPAIR 7884/8722 MGT_012106
DNA_REPAIR 7885/8722 MGT_012114
DNA_REPAIR 7886/8722 MGT_012115
DNA_REPAIR 7887/8722 MGT_012116
DNA_REPAIR 7888/8722 MGT_012119
DNA_REPAIR 7889/8722 MGT_012125
DNA_REPAIR 7890/8722 MGT_012129
DNA_REPAIR 7891/8722 MGT_012130
DNA_REPAIR 7892/8722 MGT_012135
DNA_REPAIR 7893/8722 MGT_012136
DNA_REPAIR 7894/8722 MGT_012140
DNA_REPAIR 7895/8722 MGT_012145
DNA_REPAIR 7896/8722 MGT_012149
DNA_REPAIR 7897/8722 MGT_012154
DNA_REPAIR 7898/8722 MGT_012155
DNA_REPAIR 7899/8722 MGT_012160
DNA_REPAIR 7900/8722 MGT_012164
DNA_REPAIR 7901/8722 MGT_012165
DNA_REPAIR 7902/8722 MGT_012170
DNA_REPAIR 7903/8722 MGT_012174
DNA_REPAIR 7904/8722 MGT_012175
DNA_REPAIR 7905/8722 MGT_012179
DNA_REPAIR 7906/8722 MGT_012180
DNA_REPAIR 7907/8722 MGT_012184
DNA_REPAIR 7908/8722 MGT_012185
DNA_REPAIR 7909/8722 MGT_012189
DNA_REPAIR 7910/8722 MGT_012190
DNA_REPAIR 7911/8722 MGT_012194
DNA_REPAIR 7912/8722 MGT_012195
DNA_REPAIR 7913/8722 MGT_012199
DNA_REPAIR 7914/8722 MGT_012209
DNA_REPAIR 7915/8722 MGT_012211
DNA_REPAIR 7916/8722 MGT_012214
DNA_REPAIR 7917/8722 MGT_012215
DNA_REPAIR 7918/8722 MGT_012224
DNA_REPAIR 7919/8722 MGT_012234
DNA_REPAIR 7920/8722 MGT_012244
DNA_REPAIR 7921/8722 MGT_012245
DNA_REPAIR 7922/8722 MGT_012249
DNA_REPAIR 7923/8722 MGT_012250
DNA_REPAIR 7924/8722 MGT_012254
DNA_REPAIR 7925/8722 MGT_012255
DNA_REPAIR 7926/8722 MGT_012260
DNA_REPAIR 7927/8722 MGT_012269
DNA_REPAIR 7928/8722 MGT_012274
DNA_REPAIR 7929/8722 MGT_012279
DNA_REPAIR 7930/8722 MGT_012280
DNA_REPAIR 7931/8722 MGT_012289
DNA_REPAIR 7932/8722 MGT_012290
DNA_REPAIR 7933/8722 MGT_012294
DNA_REPAIR 7934/8722 MGT_012299
DNA_REPAIR 7935/8722 MGT_012300
DNA_REPAIR 7936/8722 MGT_012303
DNA_REPAIR 7937/8722 MGT_012315
DNA_REPAIR 7938/8722 MGT_012320
DNA_REPAIR 7939/8722 MGT_012325
DNA_REPAIR 7940/8722 MGT_012340
DNA_REPAIR 7941/8722 MGT_012344
DNA_REPAIR 7942/8722 MGT_012345
DNA_REPAIR 7943/8722 MGT_012349
DNA_REPAIR 7944/8722 MGT_012365
DNA_REPAIR 7945/8722 MGT_012370
DNA_REPAIR 7946/8722 MGT_012390
DNA_REPAIR 7947/8722 MGT_012398
DNA_REPAIR 7948/8722 MGT_012400
DNA_REPAIR 7949/8722 MGT_012405
DNA_REPAIR 7950/8722 MGT_012410
DNA_REPAIR 7951/8722 MGT_012419
DNA_REPAIR 7952/8722 MGT_012420
DNA_REPAIR 7953/8722 MGT_012424
DNA_REPAIR 7954/8722 MGT_012425
DNA_REPAIR 7955/8722 MGT_012430
DNA_REPAIR 7956/8722 MGT_012431
DNA_REPAIR 7957/8722 MGT_012432
DNA_REPAIR 7958/8722 MGT_012440
DNA_REPAIR 7959/8722 MGT_012457
DNA_REPAIR 7960/8722 MGT_012462
DNA_REPAIR 7961/8722 MGT_012467
DNA_REPAIR 7962/8722 MGT_012491
DNA_REPAIR 7963/8722 MGT_012495
DNA_REPAIR 7964/8722 MGT_012496
DNA_REPAIR 7965/8722 MGT_012506
DNA_REPAIR 7966/8722 MGT_012517
DNA_REPAIR 7967/8722 MGT_012527
DNA_REPAIR 7968/8722 MGT_012532
DNA_REPAIR 7969/8722 MGT_012533
DNA_REPAIR 7970/8722 MGT_012536
DNA_REPAIR 7971/8722 MGT_012542
DNA_REPAIR 7972/8722 MGT_012546
DNA_REPAIR 7973/8722 MGT_012547
DNA_REPAIR 7974/8722 MGT_012551
DNA_REPAIR 7975/8722 MGT_012552
DNA_REPAIR 7976/8722 MGT_012556
DNA_REPAIR 7977/8722 MGT_012561
DNA_REPAIR 7978/8722 MGT_012566
DNA_REPAIR 7979/8722 MGT_012572
DNA_REPAIR 7980/8722 MGT_012576
DNA_REPAIR 7981/8722 MGT_012581
DNA_REPAIR 7982/8722 MGT_012586
DNA_REPAIR 7983/8722 MGT_012591
DNA_REPAIR 7984/8722 MGT_012600
DNA_REPAIR 7985/8722 MGT_012614
DNA_REPAIR 7986/8722 MGT_012621
DNA_REPAIR 7987/8722 MGT_012626
DNA_REPAIR 7988/8722 MGT_012631
DNA_REPAIR 7989/8722 MGT_012635
DNA_REPAIR 7990/8722 MGT_012640
DNA_REPAIR 7991/8722 MGT_012649
DNA_REPAIR 7992/8722 MGT_012651
DNA_REPAIR 7993/8722 MGT_012660
DNA_REPAIR 7994/8722 MGT_012661
DNA_REPAIR 7995/8722 MGT_012666
DNA_REPAIR 7996/8722 MGT_012671
DNA_REPAIR 7997/8722 MGT_012675
DNA_REPAIR 7998/8722 MGT_012680
DNA_REPAIR 7999/8722 MGT_012681
DNA_REPAIR 8000/8722 MGT_012686
DNA_REPAIR 8001/8722 MGT_012690
DNA_REPAIR 8002/8722 MGT_012691
DNA_REPAIR 8003/8722 MGT_012692
DNA_REPAIR 8004/8722 MGT_012696
DNA_REPAIR 8005/8722 MGT_012701
DNA_REPAIR 8006/8722 MGT_012706
DNA_REPAIR 8007/8722 MGT_012710
DNA_REPAIR 8008/8722 MGT_012725
DNA_REPAIR 8009/8722 MGT_012727
DNA_REPAIR 8010/8722 MGT_012731
DNA_REPAIR 8011/8722 MGT_012732
DNA_REPAIR 8012/8722 MGT_012740
DNA_REPAIR 8013/8722 MGT_012742
DNA_REPAIR 8014/8722 MGT_012745
DNA_REPAIR 8015/8722 MGT_012746
DNA_REPAIR 8016/8722 MGT_012747
DNA_REPAIR 8017/8722 MGT_012751
DNA_REPAIR 8018/8722 MGT_012752
DNA_REPAIR 8019/8722 MGT_012756
DNA_REPAIR 8020/8722 MGT_012770
DNA_REPAIR 8021/8722 MGT_012776
DNA_REPAIR 8022/8722 MGT_012777
DNA_REPAIR 8023/8722 MGT_012781
DNA_REPAIR 8024/8722 MGT_012782
DNA_REPAIR 8025/8722 MGT_012786
DNA_REPAIR 8026/8722 MGT_012806
DNA_REPAIR 8027/8722 MGT_012807
DNA_REPAIR 8028/8722 MGT_012811
DNA_REPAIR 8029/8722 MGT_012812
DNA_REPAIR 8030/8722 MGT_012820
DNA_REPAIR 8031/8722 MGT_012821
DNA_REPAIR 8032/8722 MGT_012826
DNA_REPAIR 8033/8722 MGT_012827
DNA_REPAIR 8034/8722 MGT_012831
DNA_REPAIR 8035/8722 MGT_012836
DNA_REPAIR 8036/8722 MGT_012837
DNA_REPAIR 8037/8722 MGT_012842
DNA_REPAIR 8038/8722 MGT_012846
DNA_REPAIR 8039/8722 MGT_012847
DNA_REPAIR 8040/8722 MGT_012852
DNA_REPAIR 8041/8722 MGT_012856
DNA_REPAIR 8042/8722 MGT_012857
DNA_REPAIR 8043/8722 MGT_012858
DNA_REPAIR 8044/8722 MGT_012872
DNA_REPAIR 8045/8722 MGT_012877
DNA_REPAIR 8046/8722 MGT_012882
DNA_REPAIR 8047/8722 MGT_012886
DNA_REPAIR 8048/8722 MGT_012887
DNA_REPAIR 8049/8722 MGT_012888
DNA_REPAIR 8050/8722 MGT_012891
DNA_REPAIR 8051/8722 MGT_012896
DNA_REPAIR 8052/8722 MGT_012901
DNA_REPAIR 8053/8722 MGT_012912
DNA_REPAIR 8054/8722 MGT_012916
DNA_REPAIR 8055/8722 MGT_012917
DNA_REPAIR 8056/8722 MGT_012922
DNA_REPAIR 8057/8722 MGT_012927
DNA_REPAIR 8058/8722 MGT_012937
DNA_REPAIR 8059/8722 MGT_012941
DNA_REPAIR 8060/8722 MGT_012951
DNA_REPAIR 8061/8722 MGT_012952
DNA_REPAIR 8062/8722 MGT_012957
DNA_REPAIR 8063/8722 MGT_012966
DNA_REPAIR 8064/8722 MGT_012967
DNA_REPAIR 8065/8722 MGT_012973
DNA_REPAIR 8066/8722 MGT_012974
DNA_REPAIR 8067/8722 MGT_012977
DNA_REPAIR 8068/8722 MGT_012978
DNA_REPAIR 8069/8722 MGT_012986
DNA_REPAIR 8070/8722 MGT_012988
DNA_REPAIR 8071/8722 MGT_012992
DNA_REPAIR 8072/8722 MGT_012993
DNA_REPAIR 8073/8722 MGT_012997
DNA_REPAIR 8074/8722 MGT_013003
DNA_REPAIR 8075/8722 MGT_013007
DNA_REPAIR 8076/8722 MGT_013008
DNA_REPAIR 8077/8722 MGT_013011
DNA_REPAIR 8078/8722 MGT_013013
DNA_REPAIR 8079/8722 MGT_013018
DNA_REPAIR 8080/8722 MGT_013019
DNA_REPAIR 8081/8722 MGT_013033
DNA_REPAIR 8082/8722 MGT_013034
DNA_REPAIR 8083/8722 MGT_013037
DNA_REPAIR 8084/8722 MGT_013038
DNA_REPAIR 8085/8722 MGT_013039
DNA_REPAIR 8086/8722 MGT_013043
DNA_REPAIR 8087/8722 MGT_013053
DNA_REPAIR 8088/8722 MGT_013063
DNA_REPAIR 8089/8722 MGT_013064
DNA_REPAIR 8090/8722 MGT_013069
DNA_REPAIR 8091/8722 MGT_013075
DNA_REPAIR 8092/8722 MGT_013080
DNA_REPAIR 8093/8722 MGT_013084
DNA_REPAIR 8094/8722 MGT_013094
DNA_REPAIR 8095/8722 MGT_013100
DNA_REPAIR 8096/8722 MGT_013105
DNA_REPAIR 8097/8722 MGT_013115
DNA_REPAIR 8098/8722 MGT_013120
DNA_REPAIR 8099/8722 MGT_013123
DNA_REPAIR 8100/8722 MGT_013134
DNA_REPAIR 8101/8722 MGT_013135
DNA_REPAIR 8102/8722 MGT_013140
DNA_REPAIR 8103/8722 MGT_013145
DNA_REPAIR 8104/8722 MGT_013150
DNA_REPAIR 8105/8722 MGT_013154
DNA_REPAIR 8106/8722 MGT_013159
DNA_REPAIR 8107/8722 MGT_013161
DNA_REPAIR 8108/8722 MGT_013164
DNA_REPAIR 8109/8722 MGT_013165
DNA_REPAIR 8110/8722 MGT_013171
DNA_REPAIR 8111/8722 MGT_013175
DNA_REPAIR 8112/8722 MGT_013179
DNA_REPAIR 8113/8722 MGT_013194
DNA_REPAIR 8114/8722 MGT_013195
DNA_REPAIR 8115/8722 MGT_013200
DNA_REPAIR 8116/8722 MGT_013205
DNA_REPAIR 8117/8722 MGT_013209
DNA_REPAIR 8118/8722 MGT_013220
DNA_REPAIR 8119/8722 MGT_013225
DNA_REPAIR 8120/8722 MGT_013226
DNA_REPAIR 8121/8722 MGT_013235
DNA_REPAIR 8122/8722 MGT_013236
DNA_REPAIR 8123/8722 MGT_013245
DNA_REPAIR 8124/8722 MGT_013251
DNA_REPAIR 8125/8722 MGT_013252
DNA_REPAIR 8126/8722 MGT_013255
DNA_REPAIR 8127/8722 MGT_013264
DNA_REPAIR 8128/8722 MGT_013271
DNA_REPAIR 8129/8722 MGT_013276
DNA_REPAIR 8130/8722 MGT_013280
DNA_REPAIR 8131/8722 MGT_013281
DNA_REPAIR 8132/8722 MGT_013288
DNA_REPAIR 8133/8722 MGT_013290
DNA_REPAIR 8134/8722 MGT_013295
DNA_REPAIR 8135/8722 MGT_013296
DNA_REPAIR 8136/8722 MGT_013300
DNA_REPAIR 8137/8722 MGT_013301
DNA_REPAIR 8138/8722 MGT_013306
DNA_REPAIR 8139/8722 MGT_013307
DNA_REPAIR 8140/8722 MGT_013310
DNA_REPAIR 8141/8722 MGT_013311
DNA_REPAIR 8142/8722 MGT_013315
DNA_REPAIR 8143/8722 MGT_013320
DNA_REPAIR 8144/8722 MGT_013335
DNA_REPAIR 8145/8722 MGT_013346
DNA_REPAIR 8146/8722 MGT_013350
DNA_REPAIR 8147/8722 MGT_013355
DNA_REPAIR 8148/8722 MGT_013362
DNA_REPAIR 8149/8722 MGT_013365
DNA_REPAIR 8150/8722 MGT_013367
DNA_REPAIR 8151/8722 MGT_013371
DNA_REPAIR 8152/8722 MGT_013372
DNA_REPAIR 8153/8722 MGT_013376
DNA_REPAIR 8154/8722 MGT_013377
DNA_REPAIR 8155/8722 MGT_013382
DNA_REPAIR 8156/8722 MGT_013383
DNA_REPAIR 8157/8722 MGT_013387
DNA_REPAIR 8158/8722 MGT_013391
DNA_REPAIR 8159/8722 MGT_013393
DNA_REPAIR 8160/8722 MGT_013398
DNA_REPAIR 8161/8722 MGT_013402
DNA_REPAIR 8162/8722 MGT_013403
DNA_REPAIR 8163/8722 MGT_013407
DNA_REPAIR 8164/8722 MGT_013408
DNA_REPAIR 8165/8722 MGT_013428
DNA_REPAIR 8166/8722 MGT_013433
DNA_REPAIR 8167/8722 MGT_013442
DNA_REPAIR 8168/8722 MGT_013452
DNA_REPAIR 8169/8722 MGT_013453
DNA_REPAIR 8170/8722 MGT_013454
DNA_REPAIR 8171/8722 MGT_013459
DNA_REPAIR 8172/8722 MGT_013469
DNA_REPAIR 8173/8722 MGT_013473
DNA_REPAIR 8174/8722 MGT_013474
DNA_REPAIR 8175/8722 MGT_013475
DNA_REPAIR 8176/8722 MGT_013479
DNA_REPAIR 8177/8722 MGT_013484
DNA_REPAIR 8178/8722 MGT_013489
DNA_REPAIR 8179/8722 MGT_013498
DNA_REPAIR 8180/8722 MGT_013503
DNA_REPAIR 8181/8722 MGT_013504
DNA_REPAIR 8182/8722 MGT_013508
DNA_REPAIR 8183/8722 MGT_013509
DNA_REPAIR 8184/8722 MGT_013510
DNA_REPAIR 8185/8722 MGT_013519
DNA_REPAIR 8186/8722 MGT_013539
DNA_REPAIR 8187/8722 MGT_013543
DNA_REPAIR 8188/8722 MGT_013547
DNA_REPAIR 8189/8722 MGT_013549
DNA_REPAIR 8190/8722 MGT_013554
DNA_REPAIR 8191/8722 MGT_013560
DNA_REPAIR 8192/8722 MGT_013565
DNA_REPAIR 8193/8722 MGT_013569
DNA_REPAIR 8194/8722 MGT_013570
DNA_REPAIR 8195/8722 MGT_013575
DNA_REPAIR 8196/8722 MGT_013579
DNA_REPAIR 8197/8722 MGT_013580
DNA_REPAIR 8198/8722 MGT_013589
DNA_REPAIR 8199/8722 MGT_013594
DNA_REPAIR 8200/8722 MGT_013595
DNA_REPAIR 8201/8722 MGT_013599
DNA_REPAIR 8202/8722 MGT_013600
DNA_REPAIR 8203/8722 MGT_013609
DNA_REPAIR 8204/8722 MGT_013610
DNA_REPAIR 8205/8722 MGT_013615
DNA_REPAIR 8206/8722 MGT_013620
DNA_REPAIR 8207/8722 MGT_013634
DNA_REPAIR 8208/8722 MGT_013635
DNA_REPAIR 8209/8722 MGT_013640
DNA_REPAIR 8210/8722 MGT_013644
DNA_REPAIR 8211/8722 MGT_013650
DNA_REPAIR 8212/8722 MGT_013655
DNA_REPAIR 8213/8722 MGT_013664
DNA_REPAIR 8214/8722 MGT_013665
DNA_REPAIR 8215/8722 MGT_013669
DNA_REPAIR 8216/8722 MGT_013680
DNA_REPAIR 8217/8722 MGT_013691
DNA_REPAIR 8218/8722 MGT_013694
DNA_REPAIR 8219/8722 MGT_013696
DNA_REPAIR 8220/8722 MGT_013700
DNA_REPAIR 8221/8722 MGT_013701
DNA_REPAIR 8222/8722 MGT_013705
DNA_REPAIR 8223/8722 MGT_013711
DNA_REPAIR 8224/8722 MGT_013715
DNA_REPAIR 8225/8722 MGT_013726
DNA_REPAIR 8226/8722 MGT_013730
DNA_REPAIR 8227/8722 MGT_013731
DNA_REPAIR 8228/8722 MGT_013740
DNA_REPAIR 8229/8722 MGT_013750
DNA_REPAIR 8230/8722 MGT_013754
DNA_REPAIR 8231/8722 MGT_013755
DNA_REPAIR 8232/8722 MGT_013756
DNA_REPAIR 8233/8722 MGT_013759
DNA_REPAIR 8234/8722 MGT_013760
DNA_REPAIR 8235/8722 MGT_013761
DNA_REPAIR 8236/8722 MGT_013764
DNA_REPAIR 8237/8722 MGT_013766
DNA_REPAIR 8238/8722 MGT_013769
DNA_REPAIR 8239/8722 MGT_013770
DNA_REPAIR 8240/8722 MGT_013771
DNA_REPAIR 8241/8722 MGT_013775
DNA_REPAIR 8242/8722 MGT_013776
DNA_REPAIR 8243/8722 MGT_013786
DNA_REPAIR 8244/8722 MGT_013790
DNA_REPAIR 8245/8722 MGT_013791
DNA_REPAIR 8246/8722 MGT_013792
DNA_REPAIR 8247/8722 MGT_013795
DNA_REPAIR 8248/8722 MGT_013796
DNA_REPAIR 8249/8722 MGT_013810
DNA_REPAIR 8250/8722 MGT_013820
DNA_REPAIR 8251/8722 MGT_013825
DNA_REPAIR 8252/8722 MGT_013831
DNA_REPAIR 8253/8722 MGT_013840
DNA_REPAIR 8254/8722 MGT_013841
DNA_REPAIR 8255/8722 MGT_013850
DNA_REPAIR 8256/8722 MGT_013860
DNA_REPAIR 8257/8722 MGT_013865
DNA_REPAIR 8258/8722 MGT_013866
DNA_REPAIR 8259/8722 MGT_013887
DNA_REPAIR 8260/8722 MGT_013895
DNA_REPAIR 8261/8722 MGT_013896
DNA_REPAIR 8262/8722 MGT_013900
DNA_REPAIR 8263/8722 MGT_013901
DNA_REPAIR 8264/8722 MGT_013910
DNA_REPAIR 8265/8722 MGT_013914
DNA_REPAIR 8266/8722 MGT_013915
DNA_REPAIR 8267/8722 MGT_013916
DNA_REPAIR 8268/8722 MGT_013931
DNA_REPAIR 8269/8722 MGT_013935
DNA_REPAIR 8270/8722 MGT_013936
DNA_REPAIR 8271/8722 MGT_013946
DNA_REPAIR 8272/8722 MGT_013950
DNA_REPAIR 8273/8722 MGT_013951
DNA_REPAIR 8274/8722 MGT_013961
DNA_REPAIR 8275/8722 MGT_013966
DNA_REPAIR 8276/8722 MGT_013970
DNA_REPAIR 8277/8722 MGT_013975
DNA_REPAIR 8278/8722 MGT_013976
DNA_REPAIR 8279/8722 MGT_013980
DNA_REPAIR 8280/8722 MGT_013981
DNA_REPAIR 8281/8722 MGT_013985
DNA_REPAIR 8282/8722 MGT_013990
DNA_REPAIR 8283/8722 MGT_013991
DNA_REPAIR 8284/8722 MGT_013996
DNA_REPAIR 8285/8722 MGT_014000
DNA_REPAIR 8286/8722 MGT_014006
DNA_REPAIR 8287/8722 MGT_014011
DNA_REPAIR 8288/8722 MGT_014012
DNA_REPAIR 8289/8722 MGT_014017
DNA_REPAIR 8290/8722 MGT_014020
DNA_REPAIR 8291/8722 MGT_014030
DNA_REPAIR 8292/8722 MGT_014031
DNA_REPAIR 8293/8722 MGT_014036
DNA_REPAIR 8294/8722 MGT_014040
DNA_REPAIR 8295/8722 MGT_014041
DNA_REPAIR 8296/8722 MGT_014047
DNA_REPAIR 8297/8722 MGT_014051
DNA_REPAIR 8298/8722 MGT_014055
DNA_REPAIR 8299/8722 MGT_014056
DNA_REPAIR 8300/8722 MGT_014059
DNA_REPAIR 8301/8722 MGT_014060
DNA_REPAIR 8302/8722 MGT_014061
DNA_REPAIR 8303/8722 MGT_014065
DNA_REPAIR 8304/8722 MGT_014066
DNA_REPAIR 8305/8722 MGT_014067
DNA_REPAIR 8306/8722 MGT_014070
DNA_REPAIR 8307/8722 MGT_014071
DNA_REPAIR 8308/8722 MGT_014083
DNA_REPAIR 8309/8722 MGT_014092
DNA_REPAIR 8310/8722 MGT_014097
DNA_REPAIR 8311/8722 MGT_014098
DNA_REPAIR 8312/8722 MGT_014116
DNA_REPAIR 8313/8722 MGT_014117
DNA_REPAIR 8314/8722 MGT_014122
DNA_REPAIR 8315/8722 MGT_014127
DNA_REPAIR 8316/8722 MGT_014142
DNA_REPAIR 8317/8722 MGT_014148
DNA_REPAIR 8318/8722 MGT_014153
DNA_REPAIR 8319/8722 MGT_014154
DNA_REPAIR 8320/8722 MGT_014158
DNA_REPAIR 8321/8722 MGT_014159
DNA_REPAIR 8322/8722 MGT_014163
DNA_REPAIR 8323/8722 MGT_014164
DNA_REPAIR 8324/8722 MGT_014167
DNA_REPAIR 8325/8722 MGT_014168
DNA_REPAIR 8326/8722 MGT_014172
DNA_REPAIR 8327/8722 MGT_014178
DNA_REPAIR 8328/8722 MGT_014182
DNA_REPAIR 8329/8722 MGT_014192
DNA_REPAIR 8330/8722 MGT_014197
DNA_REPAIR 8331/8722 MGT_014216
DNA_REPAIR 8332/8722 MGT_014217
DNA_REPAIR 8333/8722 MGT_014223
DNA_REPAIR 8334/8722 MGT_014224
DNA_REPAIR 8335/8722 MGT_014227
DNA_REPAIR 8336/8722 MGT_014228
DNA_REPAIR 8337/8722 MGT_014247
DNA_REPAIR 8338/8722 MGT_014248
DNA_REPAIR 8339/8722 MGT_014253
DNA_REPAIR 8340/8722 MGT_014258
DNA_REPAIR 8341/8722 MGT_014263
DNA_REPAIR 8342/8722 MGT_014267
DNA_REPAIR 8343/8722 MGT_014274
DNA_REPAIR 8344/8722 MGT_014284
DNA_REPAIR 8345/8722 MGT_014296
DNA_REPAIR 8346/8722 MGT_014300
DNA_REPAIR 8347/8722 MGT_014304
DNA_REPAIR 8348/8722 MGT_014305
DNA_REPAIR 8349/8722 MGT_014309
DNA_REPAIR 8350/8722 MGT_014310
DNA_REPAIR 8351/8722 MGT_014315
DNA_REPAIR 8352/8722 MGT_014329
DNA_REPAIR 8353/8722 MGT_014339
DNA_REPAIR 8354/8722 MGT_014349
DNA_REPAIR 8355/8722 MGT_014360
DNA_REPAIR 8356/8722 MGT_014364
DNA_REPAIR 8357/8722 MGT_014365
DNA_REPAIR 8358/8722 MGT_014369
DNA_REPAIR 8359/8722 MGT_014370
DNA_REPAIR 8360/8722 MGT_014379
DNA_REPAIR 8361/8722 MGT_014388
DNA_REPAIR 8362/8722 MGT_014390
DNA_REPAIR 8363/8722 MGT_014395
DNA_REPAIR 8364/8722 MGT_014403
DNA_REPAIR 8365/8722 MGT_014404
DNA_REPAIR 8366/8722 MGT_014409
DNA_REPAIR 8367/8722 MGT_014414
DNA_REPAIR 8368/8722 MGT_014415
DNA_REPAIR 8369/8722 MGT_014424
DNA_REPAIR 8370/8722 MGT_014429
DNA_REPAIR 8371/8722 MGT_014444
DNA_REPAIR 8372/8722 MGT_014445
DNA_REPAIR 8373/8722 MGT_014449
DNA_REPAIR 8374/8722 MGT_014450
DNA_REPAIR 8375/8722 MGT_014454
DNA_REPAIR 8376/8722 MGT_014455
DNA_REPAIR 8377/8722 MGT_014459
DNA_REPAIR 8378/8722 MGT_014460
DNA_REPAIR 8379/8722 MGT_014464
DNA_REPAIR 8380/8722 MGT_014473
DNA_REPAIR 8381/8722 MGT_014475
DNA_REPAIR 8382/8722 MGT_014479
DNA_REPAIR 8383/8722 MGT_014480
DNA_REPAIR 8384/8722 MGT_014485
DNA_REPAIR 8385/8722 MGT_014490
DNA_REPAIR 8386/8722 MGT_014494
DNA_REPAIR 8387/8722 MGT_014495
DNA_REPAIR 8388/8722 MGT_014498
DNA_REPAIR 8389/8722 MGT_014500
DNA_REPAIR 8390/8722 MGT_014503
DNA_REPAIR 8391/8722 MGT_014509
DNA_REPAIR 8392/8722 MGT_014510
DNA_REPAIR 8393/8722 MGT_014515
DNA_REPAIR 8394/8722 MGT_014516
DNA_REPAIR 8395/8722 MGT_014520
DNA_REPAIR 8396/8722 MGT_014525
DNA_REPAIR 8397/8722 MGT_014526
DNA_REPAIR 8398/8722 MGT_014530
DNA_REPAIR 8399/8722 MGT_014531
DNA_REPAIR 8400/8722 MGT_014536
DNA_REPAIR 8401/8722 MGT_014542
DNA_REPAIR 8402/8722 MGT_014546
DNA_REPAIR 8403/8722 MGT_014549
DNA_REPAIR 8404/8722 MGT_014551
DNA_REPAIR 8405/8722 MGT_014555
DNA_REPAIR 8406/8722 MGT_014561
DNA_REPAIR 8407/8722 MGT_014566
DNA_REPAIR 8408/8722 MGT_014571
DNA_REPAIR 8409/8722 MGT_014574
DNA_REPAIR 8410/8722 MGT_014575
DNA_REPAIR 8411/8722 MGT_014581
DNA_REPAIR 8412/8722 MGT_014585
DNA_REPAIR 8413/8722 MGT_014590
DNA_REPAIR 8414/8722 MGT_014611
DNA_REPAIR 8415/8722 MGT_014615
DNA_REPAIR 8416/8722 MGT_014620
DNA_REPAIR 8417/8722 MGT_014625
DNA_REPAIR 8418/8722 MGT_014626
DNA_REPAIR 8419/8722 MGT_014630
DNA_REPAIR 8420/8722 MGT_014636
DNA_REPAIR 8421/8722 MGT_014640
DNA_REPAIR 8422/8722 MGT_014646
DNA_REPAIR 8423/8722 MGT_014657
DNA_REPAIR 8424/8722 MGT_014660
DNA_REPAIR 8425/8722 MGT_014667
DNA_REPAIR 8426/8722 MGT_014677
DNA_REPAIR 8427/8722 MGT_014686
DNA_REPAIR 8428/8722 MGT_014687
DNA_REPAIR 8429/8722 MGT_014696
DNA_REPAIR 8430/8722 MGT_014697
DNA_REPAIR 8431/8722 MGT_014706
DNA_REPAIR 8432/8722 MGT_014707
DNA_REPAIR 8433/8722 MGT_014710
DNA_REPAIR 8434/8722 MGT_014711
DNA_REPAIR 8435/8722 MGT_014712
DNA_REPAIR 8436/8722 MGT_014715
DNA_REPAIR 8437/8722 MGT_014731
DNA_REPAIR 8438/8722 MGT_014732
DNA_REPAIR 8439/8722 MGT_014736
DNA_REPAIR 8440/8722 MGT_014737
DNA_REPAIR 8441/8722 MGT_014742
DNA_REPAIR 8442/8722 MGT_014747
DNA_REPAIR 8443/8722 MGT_014756
DNA_REPAIR 8444/8722 MGT_014758
DNA_REPAIR 8445/8722 MGT_014762
DNA_REPAIR 8446/8722 MGT_014767
DNA_REPAIR 8447/8722 MGT_014776
DNA_REPAIR 8448/8722 MGT_014777
DNA_REPAIR 8449/8722 MGT_014786
DNA_REPAIR 8450/8722 MGT_014796
DNA_REPAIR 8451/8722 MGT_014801
DNA_REPAIR 8452/8722 MGT_014802
DNA_REPAIR 8453/8722 MGT_014806
DNA_REPAIR 8454/8722 MGT_014811
DNA_REPAIR 8455/8722 MGT_014812
DNA_REPAIR 8456/8722 MGT_014816
DNA_REPAIR 8457/8722 MGT_014817
DNA_REPAIR 8458/8722 MGT_014820
DNA_REPAIR 8459/8722 MGT_014821
DNA_REPAIR 8460/8722 MGT_014822
DNA_REPAIR 8461/8722 MGT_014831
DNA_REPAIR 8462/8722 MGT_014836
DNA_REPAIR 8463/8722 MGT_014852
DNA_REPAIR 8464/8722 MGT_014857
DNA_REPAIR 8465/8722 MGT_014861
DNA_REPAIR 8466/8722 MGT_014862
DNA_REPAIR 8467/8722 MGT_014867
DNA_REPAIR 8468/8722 MGT_014871
DNA_REPAIR 8469/8722 MGT_014882
DNA_REPAIR 8470/8722 MGT_014902
DNA_REPAIR 8471/8722 MGT_014906
DNA_REPAIR 8472/8722 MGT_014907
DNA_REPAIR 8473/8722 MGT_014912
DNA_REPAIR 8474/8722 MGT_014916
DNA_REPAIR 8475/8722 MGT_014922
DNA_REPAIR 8476/8722 MGT_014926
DNA_REPAIR 8477/8722 MGT_014927
DNA_REPAIR 8478/8722 MGT_014930
DNA_REPAIR 8479/8722 MGT_014933
DNA_REPAIR 8480/8722 MGT_014937
DNA_REPAIR 8481/8722 MGT_014938
DNA_REPAIR 8482/8722 MGT_014957
DNA_REPAIR 8483/8722 MGT_014958
DNA_REPAIR 8484/8722 MGT_014961
DNA_REPAIR 8485/8722 MGT_014967
DNA_REPAIR 8486/8722 MGT_014968
DNA_REPAIR 8487/8722 MGT_014973
DNA_REPAIR 8488/8722 MGT_014983
DNA_REPAIR 8489/8722 MGT_014987
DNA_REPAIR 8490/8722 MGT_014992
DNA_REPAIR 8491/8722 MGT_015002
DNA_REPAIR 8492/8722 MGT_015008
DNA_REPAIR 8493/8722 MGT_015012
DNA_REPAIR 8494/8722 MGT_015022
DNA_REPAIR 8495/8722 MGT_015029
DNA_REPAIR 8496/8722 MGT_015033
DNA_REPAIR 8497/8722 MGT_015042
DNA_REPAIR 8498/8722 MGT_015043
DNA_REPAIR 8499/8722 MGT_015052
DNA_REPAIR 8500/8722 MGT_015056
DNA_REPAIR 8501/8722 MGT_015062
DNA_REPAIR 8502/8722 MGT_015077
DNA_REPAIR 8503/8722 MGT_015078
DNA_REPAIR 8504/8722 MGT_015092
DNA_REPAIR 8505/8722 MGT_015097
DNA_REPAIR 8506/8722 MGT_015098
DNA_REPAIR 8507/8722 MGT_015107
DNA_REPAIR 8508/8722 MGT_015113
DNA_REPAIR 8509/8722 MGT_015118
DNA_REPAIR 8510/8722 MGT_015127
DNA_REPAIR 8511/8722 MGT_015128
DNA_REPAIR 8512/8722 MGT_015131
DNA_REPAIR 8513/8722 MGT_015133
DNA_REPAIR 8514/8722 MGT_015137
DNA_REPAIR 8515/8722 MGT_015142
DNA_REPAIR 8516/8722 MGT_015147
DNA_REPAIR 8517/8722 MGT_015148
DNA_REPAIR 8518/8722 MGT_015152
DNA_REPAIR 8519/8722 MGT_015157
DNA_REPAIR 8520/8722 MGT_015158
DNA_REPAIR 8521/8722 MGT_015167
DNA_REPAIR 8522/8722 MGT_015168
DNA_REPAIR 8523/8722 MGT_015169
DNA_REPAIR 8524/8722 MGT_015172
DNA_REPAIR 8525/8722 MGT_015173
DNA_REPAIR 8526/8722 MGT_015186
DNA_REPAIR 8527/8722 MGT_015192
DNA_REPAIR 8528/8722 MGT_015193
DNA_REPAIR 8529/8722 MGT_015196
DNA_REPAIR 8530/8722 MGT_015197
DNA_REPAIR 8531/8722 MGT_015207
DNA_REPAIR 8532/8722 MGT_015212
DNA_REPAIR 8533/8722 MGT_015213
DNA_REPAIR 8534/8722 MGT_015218
DNA_REPAIR 8535/8722 MGT_015223
DNA_REPAIR 8536/8722 MGT_015224
DNA_REPAIR 8537/8722 MGT_015227
DNA_REPAIR 8538/8722 MGT_015229
DNA_REPAIR 8539/8722 MGT_015234
DNA_REPAIR 8540/8722 MGT_015239
DNA_REPAIR 8541/8722 MGT_015243
DNA_REPAIR 8542/8722 MGT_015248
DNA_REPAIR 8543/8722 MGT_015249
DNA_REPAIR 8544/8722 MGT_015253
DNA_REPAIR 8545/8722 MGT_015258
DNA_REPAIR 8546/8722 MGT_015263
DNA_REPAIR 8547/8722 MGT_015268
DNA_REPAIR 8548/8722 MGT_015269
DNA_REPAIR 8549/8722 MGT_015274
DNA_REPAIR 8550/8722 MGT_015282
DNA_REPAIR 8551/8722 MGT_015283
DNA_REPAIR 8552/8722 MGT_015284
DNA_REPAIR 8553/8722 MGT_015288
DNA_REPAIR 8554/8722 MGT_015289
DNA_REPAIR 8555/8722 MGT_015293
DNA_REPAIR 8556/8722 MGT_015299
DNA_REPAIR 8557/8722 MGT_015303
DNA_REPAIR 8558/8722 MGT_015307
DNA_REPAIR 8559/8722 MGT_015309
DNA_REPAIR 8560/8722 MGT_015314
DNA_REPAIR 8561/8722 MGT_015319
DNA_REPAIR 8562/8722 MGT_015324
DNA_REPAIR 8563/8722 MGT_015328
DNA_REPAIR 8564/8722 MGT_015329
DNA_REPAIR 8565/8722 MGT_015334
DNA_REPAIR 8566/8722 MGT_015343
DNA_REPAIR 8567/8722 MGT_015363
DNA_REPAIR 8568/8722 MGT_015368
DNA_REPAIR 8569/8722 MGT_015376
DNA_REPAIR 8570/8722 MGT_015383
DNA_REPAIR 8571/8722 MGT_015388
DNA_REPAIR 8572/8722 MGT_015398
DNA_REPAIR 8573/8722 MGT_015408
DNA_REPAIR 8574/8722 MGT_015433
DNA_REPAIR 8575/8722 MGT_015443
DNA_REPAIR 8576/8722 MGT_015448
DNA_REPAIR 8577/8722 MGT_015458
DNA_REPAIR 8578/8722 MGT_015484
DNA_REPAIR 8579/8722 MGT_015488
DNA_REPAIR 8580/8722 MGT_015498
DNA_REPAIR 8581/8722 MGT_015504
DNA_REPAIR 8582/8722 MGT_015513
DNA_REPAIR 8583/8722 MGT_015514
DNA_REPAIR 8584/8722 MGT_015518
DNA_REPAIR 8585/8722 MGT_015534
DNA_REPAIR 8586/8722 MGT_015548
DNA_REPAIR 8587/8722 MGT_015563
DNA_REPAIR 8588/8722 MGT_015573
DNA_REPAIR 8589/8722 MGT_015578
DNA_REPAIR 8590/8722 MGT_015588
DNA_REPAIR 8591/8722 MGT_015598
DNA_REPAIR 8592/8722 MGT_015609
DNA_REPAIR 8593/8722 MGT_015626
DNA_REPAIR 8594/8722 MGT_015628
DNA_REPAIR 8595/8722 MGT_015683
DNA_REPAIR 8596/8722 MGT_015685
DNA_REPAIR 8597/8722 MGT_015694
DNA_REPAIR 8598/8722 MGT_015714
DNA_REPAIR 8599/8722 MGT_015723
DNA_REPAIR 8600/8722 MGT_015753
DNA_REPAIR 8601/8722 MGT_015759
DNA_REPAIR 8602/8722 MGT_015779
DNA_REPAIR 8603/8722 MGT_015783
DNA_REPAIR 8604/8722 MGT_015848
DNA_REPAIR 8605/8722 MGT_015852
DNA_REPAIR 8606/8722 MGT_015853
DNA_REPAIR 8607/8722 MGT_015874
DNA_REPAIR 8608/8722 MGT_015883
DNA_REPAIR 8609/8722 MGT_015884
DNA_REPAIR 8610/8722 MGT_015893
DNA_REPAIR 8611/8722 MGT_015894
DNA_REPAIR 8612/8722 MGT_015899
DNA_REPAIR 8613/8722 MGT_015914
DNA_REPAIR 8614/8722 MGT_015915
DNA_REPAIR 8615/8722 MGT_015924
DNA_REPAIR 8616/8722 MGT_015929
DNA_REPAIR 8617/8722 MGT_015932
DNA_REPAIR 8618/8722 MGT_015939
DNA_REPAIR 8619/8722 MGT_015944
DNA_REPAIR 8620/8722 MGT_015947
DNA_REPAIR 8621/8722 MGT_015948
DNA_REPAIR 8622/8722 MGT_015950
DNA_REPAIR 8623/8722 MGT_015953
DNA_REPAIR 8624/8722 MGT_015957
DNA_REPAIR 8625/8722 MGT_015973
DNA_REPAIR 8626/8722 MGT_015974
DNA_REPAIR 8627/8722 MGT_015979
DNA_REPAIR 8628/8722 MGT_015993
DNA_REPAIR 8629/8722 MGT_015994
DNA_REPAIR 8630/8722 MGT_015999
DNA_REPAIR 8631/8722 MGT_016003
DNA_REPAIR 8632/8722 MGT_016009
DNA_REPAIR 8633/8722 MGT_016013
DNA_REPAIR 8634/8722 MGT_016017
DNA_REPAIR 8635/8722 MGT_016019
DNA_REPAIR 8636/8722 MGT_016023
DNA_REPAIR 8637/8722 MGT_016025
DNA_REPAIR 8638/8722 MGT_016028
DNA_REPAIR 8639/8722 MGT_016038
DNA_REPAIR 8640/8722 MGT_016044
DNA_REPAIR 8641/8722 MGT_016048
DNA_REPAIR 8642/8722 MGT_016063
DNA_REPAIR 8643/8722 MGT_016064
DNA_REPAIR 8644/8722 MGT_016072
DNA_REPAIR 8645/8722 MGT_016073
DNA_REPAIR 8646/8722 MGT_016074
DNA_REPAIR 8647/8722 MGT_016083
DNA_REPAIR 8648/8722 MGT_016084
DNA_REPAIR 8649/8722 MGT_016088
DNA_REPAIR 8650/8722 MGT_016092
DNA_REPAIR 8651/8722 MGT_016094
DNA_REPAIR 8652/8722 MGT_016098
DNA_REPAIR 8653/8722 MGT_016099
DNA_REPAIR 8654/8722 MGT_016103
DNA_REPAIR 8655/8722 MGT_016109
DNA_REPAIR 8656/8722 MGT_016113
DNA_REPAIR 8657/8722 MGT_016114
DNA_REPAIR 8658/8722 MGT_016163
DNA_REPAIR 8659/8722 MGT_016168
DNA_REPAIR 8660/8722 MGT_016183
DNA_REPAIR 8661/8722 MGT_016218
DNA_REPAIR 8662/8722 MGT_016223
DNA_REPAIR 8663/8722 MGT_016224
DNA_REPAIR 8664/8722 MGT_016228
DNA_REPAIR 8665/8722 MGT_016234
DNA_REPAIR 8666/8722 MGT_016238
DNA_REPAIR 8667/8722 MGT_016248
DNA_REPAIR 8668/8722 MGT_016253
DNA_REPAIR 8669/8722 MGT_016255
DNA_REPAIR 8670/8722 MGT_016278
DNA_REPAIR 8671/8722 MGT_016283
DNA_REPAIR 8672/8722 MGT_016368
DNA_REPAIR 8673/8722 MGT_016373
DNA_REPAIR 8674/8722 MGT_016378
DNA_REPAIR 8675/8722 MGT_016379
DNA_REPAIR 8676/8722 MGT_016388
DNA_REPAIR 8677/8722 MGT_016393
DNA_REPAIR 8678/8722 MGT_016394
DNA_REPAIR 8679/8722 MGT_016398
DNA_REPAIR 8680/8722 MGT_016399
DNA_REPAIR 8681/8722 MGT_016404
DNA_REPAIR 8682/8722 MGT_016408
DNA_REPAIR 8683/8722 MGT_016413
DNA_REPAIR 8684/8722 MGT_016423
DNA_REPAIR 8685/8722 MGT_016424
DNA_REPAIR 8686/8722 MGT_016429
DNA_REPAIR 8687/8722 MGT_016454
DNA_REPAIR 8688/8722 MGT_016462
DNA_REPAIR 8689/8722 MGT_016468
DNA_REPAIR 8690/8722 MGT_016472
DNA_REPAIR 8691/8722 MGT_016474
DNA_REPAIR 8692/8722 MGT_016479
DNA_REPAIR 8693/8722 MGT_016484
DNA_REPAIR 8694/8722 MGT_016492
DNA_REPAIR 8695/8722 MGT_016493
DNA_REPAIR 8696/8722 MGT_016503
DNA_REPAIR 8697/8722 MGT_016504
DNA_REPAIR 8698/8722 MGT_016508
DNA_REPAIR 8699/8722 MGT_016519
DNA_REPAIR 8700/8722 MGT_016528
DNA_REPAIR 8701/8722 MGT_016529
DNA_REPAIR 8702/8722 MGT_016543
DNA_REPAIR 8703/8722 MGT_016544
DNA_REPAIR 8704/8722 MGT_016545
DNA_REPAIR 8705/8722 MGT_016549
DNA_REPAIR 8706/8722 MGT_016552
DNA_REPAIR 8707/8722 MGT_016554
DNA_REPAIR 8708/8722 MGT_016555
DNA_REPAIR 8709/8722 MGT_016558
DNA_REPAIR 8710/8722 MGT_016563
DNA_REPAIR 8711/8722 MGT_016564
DNA_REPAIR 8712/8722 MGT_016565
DNA_REPAIR 8713/8722 MGT_016567
DNA_REPAIR 8714/8722 MGT_016574
DNA_REPAIR 8715/8722 MGT_016584
DNA_REPAIR 8716/8722 MGT_016588
DNA_REPAIR 8717/8722 MGT_016589
DNA_REPAIR 8718/8722 MGT_016594
DNA_REPAIR 8719/8722 MGT_016599
DNA_REPAIR 8720/8722 MGT_016604
DNA_REPAIR 8721/8722 MGT_016613
DNA_REPAIR 8722/8722 MGT_016614
WROTE D:\AI\projects\e-phishGen\calculation\HWT-MGT\results\scaled_stratified_pool_8980_metrics.json
WROTE D:\AI\projects\e-phishGen\calculation\HWT-MGT\results\scaled_stratified_pool_8980_metrics.md
DNA_REPAIR_COMPLETE remaining_errors=0
ALL_HWT_MGT_METRICS_ERROR_FREE
